protein_id,category,host_raw,host_domain,genome_genus,genome_family,protein_length,best_evalue,n_pfam,n_cdd,n_superfamily,cazy_layer,tmhmm_predhel_approx,signal_peptide_approx,genome_completeness,genome_checkv_quality,fold_homolog,mean_plddt,n_pockets,substrate_inferred,novelty,transfer_value,total_score
PQ133613_14,depolymerase,Klebsiella,bacteria,Unclassified,Unclassified,858,2.20e-66,1,0,0,PL(class),0,no,100.0,Complete,AF-A0AB74GKH7-F1,89.6,44,荚膜多糖（推断）,0.531,CRKP/PA/AB 临床重点菌,0.854
PQ963940_37,depolymerase,Klebsiella,bacteria,Webervirus,Drexlerviridae,858,2.20e-66,1,0,0,PL(class),0,no,88.43,Medium-quality,AF-A0AB74GKH7-F1,89.6,44,荚膜多糖（推断）,0.53,CRKP/PA/AB 临床重点菌,0.8539
OR492660_32,depolymerase,Klebsiella,bacteria,Webervirus,Drexlerviridae,858,2.20e-66,1,0,0,PL(class),0,no,100.0,Complete,AF-A0AB74GKH7-F1,89.6,44,荚膜多糖（推断）,0.53,CRKP/PA/AB 临床重点菌,0.8539
PQ360875_158,depolymerase,Klebsiella,bacteria,Unclassified,Unclassified,973,9.50e-77,2,0,0,"CAZy(tailspike,class待定)",0,yes,100.0,Complete,AF-A0A6L6Y8Z9-F1,89.0,43,荚膜多糖（推断）,0.383,CRKP/PA/AB 临床重点菌,0.8309
PX694328.1_47,lysin,Pseudomonas,bacteria,Unclassified,Unclassified,695,6.40e-181,1,1,1,GH23,0,no,92.97,High-quality,AF-A0A5R9QAM7-F1,62.8,71,肽聚糖（推断）,0.601,CRKP/PA/AB 临床重点菌,0.8094
LC805023_42,lysin,Pseudomonas,bacteria,Ghunavirus,Autotranscriptaviridae,302,6.90e-200,1,1,1,GH23,0,no,90.31,High-quality,AF-A0A1H7AFZ4-F1,91.4,6,肽聚糖（推断）,0.307,CRKP/PA/AB 临床重点菌,0.8082
PV775411_17,lysin,Klebsiella,bacteria,Vectrevirus,Autosignataviridae,983,9.70e-81,1,0,1,GH24,0,no,94.14,High-quality,,,,肽聚糖（推断）,0.692,CRKP/PA/AB 临床重点菌,0.8038
OR636104_242,holin,Acinetobacter,bacteria,Unclassified,Straboviridae,244,8.40e-58,1,0,0,none,1,no,85.25,Medium-quality,,,,膜成孔（内溶素协同，推断）,0.578,CRKP/PA/AB 临床重点菌,0.8017
MT741943_237,holin,Acinetobacter,bacteria,Lazarusvirus,Straboviridae,244,8.40e-58,1,0,0,none,1,no,85.18,Medium-quality,,,,膜成孔（内溶素协同，推断）,0.573,CRKP/PA/AB 临床重点菌,0.801
NC_049441_36,holin,Acinetobacter,bacteria,Lazarusvirus,Straboviridae,244,8.40e-58,1,0,0,none,1,no,100.0,Complete,,,,膜成孔（内溶素协同，推断）,0.573,CRKP/PA/AB 临床重点菌,0.801
NC_014661_235,holin,Acinetobacter,bacteria,Lasallevirus,Straboviridae,227,2.00e-60,1,0,0,none,2,yes,83.99,Medium-quality,,,,膜成孔（内溶素协同，推断）,0.568,CRKP/PA/AB 临床重点菌,0.8002
OP946501_239,holin,Acinetobacter,bacteria,Lazarusvirus,Straboviridae,243,8.40e-58,1,0,0,none,1,no,83.48,Medium-quality,,,,膜成孔（内溶素协同，推断）,0.568,CRKP/PA/AB 临床重点菌,0.8002
OZ038339_201,holin,Acinetobacter,bacteria,Unclassified,Unclassified,244,8.40e-58,1,0,0,none,2,no,100.0,Complete,,,,膜成孔（内溶素协同，推断）,0.568,CRKP/PA/AB 临床重点菌,0.8002
MT385367_243,holin,Acinetobacter,bacteria,Lazarusvirus,Straboviridae,244,8.40e-58,1,0,0,none,2,no,84.52,Medium-quality,,,,膜成孔（内溶素协同，推断）,0.568,CRKP/PA/AB 临床重点菌,0.8002
NC_049490_241,holin,Acinetobacter,bacteria,Lazarusvirus,Straboviridae,244,8.40e-58,1,0,0,none,2,no,84.22,Medium-quality,,,,膜成孔（内溶素协同，推断）,0.568,CRKP/PA/AB 临床重点菌,0.8002
MW388003_246,holin,Acinetobacter,bacteria,Hadassahvirus,Straboviridae,244,8.40e-58,1,0,0,none,2,no,85.86,Medium-quality,,,,膜成孔（内溶素协同，推断）,0.568,CRKP/PA/AB 临床重点菌,0.8002
OL770260_248,holin,Acinetobacter,bacteria,Hadassahvirus,Straboviridae,241,3.80e-57,1,0,0,none,1,no,85.08,Medium-quality,,,,膜成孔（内溶素协同，推断）,0.568,CRKP/PA/AB 临床重点菌,0.8002
PQ034586_239,holin,Acinetobacter,bacteria,Lazarusvirus,Straboviridae,241,3.80e-57,1,0,0,none,1,no,84.29,Medium-quality,,,,膜成孔（内溶素协同，推断）,0.568,CRKP/PA/AB 临床重点菌,0.8002
NC_049479_239,holin,Acinetobacter,bacteria,Lazarusvirus,Straboviridae,244,8.40e-58,1,0,0,none,2,no,84.42,Medium-quality,,,,膜成孔（内溶素协同，推断）,0.563,CRKP/PA/AB 临床重点菌,0.7994
OZ038336_68,holin,Acinetobacter,bacteria,Unclassified,Unclassified,243,8.40e-58,1,0,0,none,1,no,100.0,Complete,,,,膜成孔（内溶素协同，推断）,0.563,CRKP/PA/AB 临床重点菌,0.7994
PX093057_9,holin,Acinetobacter,bacteria,Unclassified,Unclassified,241,3.80e-57,1,0,0,none,1,no,85.52,Medium-quality,,,,膜成孔（内溶素协同，推断）,0.563,CRKP/PA/AB 临床重点菌,0.7994
PP554577_32,lysin,Pseudomonas,bacteria,Unclassified,Unclassified,1400,5.60e-190,1,1,1,GH23,0,no,93.29,High-quality,AF-A0A1H7ARN7-F1,64.2,98,肽聚糖（推断）,0.521,CRKP/PA/AB 临床重点菌,0.7994
NC_048200_36,lysin,Pseudomonas,bacteria,Hennigervirus,Autotranscriptaviridae,1400,6.60e-196,1,0,1,GH23,0,no,100.0,Complete,AF-A0A1H7ARN7-F1,64.2,98,肽聚糖（推断）,0.517,CRKP/PA/AB 临床重点菌,0.7989
OY979398_50,lysin,Klebsiella,bacteria,Gansuvirus,Autosignataviridae,979,9.20e-189,1,0,1,GH24,0,no,94.5,High-quality,,,,肽聚糖（推断）,0.659,CRKP/PA/AB 临床重点菌,0.7989
PZ055573.1_41,lysin,Pseudomonas,bacteria,Unclassified,Unclassified,1400,6.60e-196,1,1,1,GH23,0,no,94.48,High-quality,AF-A0A1H7ARN7-F1,64.2,98,肽聚糖（推断）,0.516,CRKP/PA/AB 临床重点菌,0.7987
NC_028661_43,lysin,Pseudomonas,bacteria,Hennigervirus,Autotranscriptaviridae,1401,6.60e-196,1,1,1,GH23,0,no,95.46,High-quality,AF-A0A1H7ARN7-F1,64.2,98,肽聚糖（推断）,0.515,CRKP/PA/AB 临床重点菌,0.7985
MT104465_38,lysin,Pseudomonas,bacteria,Hennigervirus,Autotranscriptaviridae,1400,6.60e-196,1,1,1,GH23,0,no,90.54,High-quality,AF-A0A1H7ARN7-F1,64.2,98,肽聚糖（推断）,0.513,CRKP/PA/AB 临床重点菌,0.7983
MT104466_44,lysin,Pseudomonas,bacteria,Hennigervirus,Autotranscriptaviridae,1400,6.60e-196,1,1,1,GH23,0,no,94.96,High-quality,AF-A0A1H7ARN7-F1,63.8,83,肽聚糖（推断）,0.512,CRKP/PA/AB 临床重点菌,0.7975
OM256450_43,lysin,Pseudomonas,bacteria,Ghunavirus,Autotranscriptaviridae,1401,6.60e-196,1,1,1,GH23,0,no,96.03,High-quality,AF-A0A1H7ARN7-F1,64.2,98,肽聚糖（推断）,0.507,CRKP/PA/AB 临床重点菌,0.7974
PP496479_41,lysin,Pseudomonas,bacteria,Ghunavirus,Autotranscriptaviridae,1401,6.60e-196,1,0,1,GH23,0,no,94.84,High-quality,AF-A0A1H7ARN7-F1,64.2,98,肽聚糖（推断）,0.507,CRKP/PA/AB 临床重点菌,0.7974
NC_047922_5,lysin,Pseudomonas,bacteria,Hennigervirus,Autotranscriptaviridae,1400,6.60e-196,1,1,1,GH23,0,no,94.71,High-quality,AF-A0A1H7ARN7-F1,64.2,98,肽聚糖（推断）,0.507,CRKP/PA/AB 临床重点菌,0.7974
PP179330_42,lysin,Pseudomonas,bacteria,Ghunavirus,Autotranscriptaviridae,1401,6.60e-196,1,1,1,GH23,0,no,100.0,Complete,AF-A0A1H7ARN7-F1,64.2,98,肽聚糖（推断）,0.506,CRKP/PA/AB 临床重点菌,0.7972
PP179313_40,lysin,Pseudomonas,bacteria,Ghunavirus,Autotranscriptaviridae,1401,6.60e-196,1,1,1,GH23,0,no,95.88,High-quality,AF-A0A1H7ARN7-F1,64.2,98,肽聚糖（推断）,0.505,CRKP/PA/AB 临床重点菌,0.7971
NC_041994_195,lysin,Pseudomonas,bacteria,Noxifervirus,Chimalliviridae,2319,2.40e-185,1,0,1,GH23,5,yes,93.06,High-quality,,,,肽聚糖（推断）,0.646,CRKP/PA/AB 临床重点菌,0.7969
PP582757_280,holin,Klebsiella,bacteria,Kanagawavirus,Straboviridae,216,5.10e-52,1,0,0,none,1,yes,96.23,High-quality,,,,膜成孔（内溶素协同，推断）,0.542,CRKP/PA/AB 临床重点菌,0.7963
OQ603350_41,lysin,Pseudomonas,bacteria,Ghunavirus,Autotranscriptaviridae,1393,1.40e-202,1,0,1,GH23,1,no,94.56,High-quality,AF-A0A1H7ARN7-F1,64.2,98,肽聚糖（推断）,0.5,CRKP/PA/AB 临床重点菌,0.7963
PP496445_37,lysin,Pseudomonas,bacteria,Ghunavirus,Autotranscriptaviridae,1393,1.40e-202,1,0,1,GH23,1,no,93.63,High-quality,AF-A0A1H7ARN7-F1,64.2,98,肽聚糖（推断）,0.5,CRKP/PA/AB 临床重点菌,0.7963
PP496477_39,lysin,Pseudomonas,bacteria,Ghunavirus,Autotranscriptaviridae,1400,9.20e-197,1,1,1,GH23,0,no,95.55,High-quality,AF-A0A1H7ARN7-F1,64.2,98,肽聚糖（推断）,0.5,CRKP/PA/AB 临床重点菌,0.7963
PP496478_39,lysin,Pseudomonas,bacteria,Ghunavirus,Autotranscriptaviridae,1400,9.20e-197,1,1,1,GH23,0,no,95.29,High-quality,AF-A0A1H7ARN7-F1,64.2,98,肽聚糖（推断）,0.5,CRKP/PA/AB 临床重点菌,0.7963
NC_047827_42,lysin,Pseudomonas,bacteria,Ghunavirus,Autotranscriptaviridae,1393,1.40e-202,1,0,1,GH23,1,no,100.0,Complete,AF-A0A1H7ARN7-F1,64.2,98,肽聚糖（推断）,0.499,CRKP/PA/AB 临床重点菌,0.7962
PQ453564_7,lysin,Pseudomonas,bacteria,Ghunavirus,Autotranscriptaviridae,1400,9.20e-197,1,1,1,GH23,0,no,93.79,High-quality,AF-A0A1H7ARN7-F1,64.2,98,肽聚糖（推断）,0.499,CRKP/PA/AB 临床重点菌,0.7962
PZ055575.1_40,lysin,Pseudomonas,bacteria,Unclassified,Unclassified,1393,1.40e-202,1,0,1,GH23,1,no,93.76,High-quality,AF-A0A1H7ARN7-F1,64.2,98,肽聚糖（推断）,0.498,CRKP/PA/AB 临床重点菌,0.796
NC_047747_42,lysin,Pseudomonas,bacteria,Ghunavirus,Autotranscriptaviridae,1393,1.40e-202,1,0,1,GH23,1,no,100.0,Complete,AF-A0A1H7ARN7-F1,64.2,98,肽聚糖（推断）,0.498,CRKP/PA/AB 临床重点菌,0.796
OK523999_42,lysin,Pseudomonas,bacteria,Ghunavirus,Autotranscriptaviridae,1393,1.40e-202,1,0,1,GH23,1,no,100.0,Complete,AF-A0A1H7ARN7-F1,64.2,98,肽聚糖（推断）,0.498,CRKP/PA/AB 临床重点菌,0.796
NC_047874_39,lysin,Pseudomonas,bacteria,Ghunavirus,Autotranscriptaviridae,1393,1.40e-202,1,0,1,GH23,1,no,100.0,Complete,AF-A0A1H7ARN7-F1,64.2,98,肽聚糖（推断）,0.498,CRKP/PA/AB 临床重点菌,0.796
NC_004665_33,lysin,Pseudomonas,bacteria,Ghunavirus,Autotranscriptaviridae,1393,1.40e-202,1,0,1,GH23,1,no,100.0,Complete,AF-A0A1H7ARN7-F1,64.2,98,肽聚糖（推断）,0.498,CRKP/PA/AB 临床重点菌,0.796
OX359472_9,lysin,Pseudomonas,bacteria,Ghunavirus,Autotranscriptaviridae,1393,1.40e-202,1,0,1,GH23,1,no,100.0,Complete,AF-A0A1H7ARN7-F1,64.2,98,肽聚糖（推断）,0.497,CRKP/PA/AB 临床重点菌,0.7959
MN729599_43,lysin,Pseudomonas,bacteria,Ghunavirus,Autotranscriptaviridae,1393,1.40e-202,1,0,1,GH23,1,no,100.0,Complete,AF-A0A1H7ARN7-F1,64.2,98,肽聚糖（推断）,0.497,CRKP/PA/AB 临床重点菌,0.7959
OK523998_42,lysin,Pseudomonas,bacteria,Ghunavirus,Autotranscriptaviridae,1393,1.40e-202,1,0,1,GH23,1,no,100.0,Complete,AF-A0A1H7ARN7-F1,64.2,98,肽聚糖（推断）,0.497,CRKP/PA/AB 临床重点菌,0.7959
PZ055576.1_40,lysin,Pseudomonas,bacteria,Unclassified,Unclassified,1393,1.40e-202,1,0,1,GH23,1,no,94.03,High-quality,AF-A0A1H7ARN7-F1,64.2,98,肽聚糖（推断）,0.497,CRKP/PA/AB 临床重点菌,0.7959
MW812345_41,lysin,Pseudomonas,bacteria,Ghunavirus,Autotranscriptaviridae,1393,1.40e-202,1,0,1,GH23,1,no,93.19,High-quality,AF-A0A1H7ARN7-F1,64.2,98,肽聚糖（推断）,0.497,CRKP/PA/AB 临床重点菌,0.7959
NC_024362_42,lysin,Pseudomonas,bacteria,Ghunavirus,Autotranscriptaviridae,1393,1.40e-202,1,0,1,GH23,1,no,100.0,Complete,AF-A0A1H7ARN7-F1,64.2,98,肽聚糖（推断）,0.497,CRKP/PA/AB 临床重点菌,0.7959
PP496446_41,lysin,Pseudomonas,bacteria,Ghunavirus,Autotranscriptaviridae,1393,1.40e-202,1,0,1,GH23,1,no,94.04,High-quality,AF-A0A1H7ARN7-F1,64.2,98,肽聚糖（推断）,0.497,CRKP/PA/AB 临床重点菌,0.7959
NC_055715_1,holin,Klebsiella,bacteria,Jiaodavirus,Straboviridae,107,9.70e-70,1,0,0,none,2,yes,92.54,High-quality,,,,膜成孔（内溶素协同，推断）,0.538,CRKP/PA/AB 临床重点菌,0.7957
MZ826348_41,lysin,Pseudomonas,bacteria,Ghunavirus,Autotranscriptaviridae,1397,6.90e-200,1,1,1,GH23,2,no,100.0,Complete,AF-A0A1H7ARN7-F1,64.2,98,肽聚糖（推断）,0.496,CRKP/PA/AB 临床重点菌,0.7957
MZ826346_41,lysin,Pseudomonas,bacteria,Ghunavirus,Autotranscriptaviridae,1397,6.90e-200,1,1,1,GH23,2,no,100.0,Complete,AF-A0A1H7ARN7-F1,64.2,98,肽聚糖（推断）,0.496,CRKP/PA/AB 临床重点菌,0.7957
PX694327.1_44,lysin,Pseudomonas,bacteria,Unclassified,Unclassified,1393,1.40e-202,1,0,1,GH23,2,no,93.52,High-quality,AF-A0A1H7ARN7-F1,64.2,98,肽聚糖（推断）,0.496,CRKP/PA/AB 临床重点菌,0.7957
OQ953986_45,lysin,Pseudomonas,bacteria,Ghunavirus,Autotranscriptaviridae,1393,1.40e-202,1,0,1,GH23,1,no,100.0,Complete,AF-A0A1H7ARN7-F1,64.2,98,肽聚糖（推断）,0.496,CRKP/PA/AB 临床重点菌,0.7957
OM471789_48,lysin,Pseudomonas,bacteria,Ghunavirus,Autotranscriptaviridae,1393,1.40e-202,1,0,1,GH23,1,no,93.43,High-quality,AF-A0A1H7ARN7-F1,64.2,98,肽聚糖（推断）,0.496,CRKP/PA/AB 临床重点菌,0.7957
OQ603352_40,lysin,Pseudomonas,bacteria,Ghunavirus,Autotranscriptaviridae,1393,1.40e-202,1,0,1,GH23,1,no,94.27,High-quality,AF-A0A1H7ARN7-F1,64.2,98,肽聚糖（推断）,0.496,CRKP/PA/AB 临床重点菌,0.7957
NC_047826_41,lysin,Pseudomonas,bacteria,Ghunavirus,Autotranscriptaviridae,1393,1.40e-202,1,0,1,GH23,1,no,100.0,Complete,AF-A0A1H7ARN7-F1,64.2,98,肽聚糖（推断）,0.496,CRKP/PA/AB 临床重点菌,0.7957
MN729600_42,lysin,Pseudomonas,bacteria,Ghunavirus,Autotranscriptaviridae,1393,1.40e-202,1,0,1,GH23,1,no,100.0,Complete,AF-A0A1H7ARN7-F1,64.2,98,肽聚糖（推断）,0.496,CRKP/PA/AB 临床重点菌,0.7957
LN889995_11,lysin,Pseudomonas,bacteria,Ghunavirus,Autotranscriptaviridae,1397,6.90e-200,1,1,1,GH23,2,no,100.0,Complete,AF-A0A1H7ARN7-F1,64.2,98,肽聚糖（推断）,0.495,CRKP/PA/AB 临床重点菌,0.7955
MZ826351_41,lysin,Pseudomonas,bacteria,Ghunavirus,Autotranscriptaviridae,1397,6.90e-200,1,1,1,GH23,2,no,100.0,Complete,AF-A0A1H7ARN7-F1,64.2,98,肽聚糖（推断）,0.495,CRKP/PA/AB 临床重点菌,0.7955
MZ826354_42,lysin,Pseudomonas,bacteria,Ghunavirus,Autotranscriptaviridae,1397,6.90e-200,1,1,1,GH23,2,no,100.0,Complete,AF-A0A1H7ARN7-F1,64.2,98,肽聚糖（推断）,0.494,CRKP/PA/AB 临床重点菌,0.7954
OR997970_44,lysin,Pseudomonas,bacteria,Ghunavirus,Autotranscriptaviridae,1397,6.90e-200,1,1,1,GH23,2,no,95.02,High-quality,AF-A0A1H7ARN7-F1,64.2,98,肽聚糖（推断）,0.494,CRKP/PA/AB 临床重点菌,0.7954
OL581611_41,lysin,Pseudomonas,bacteria,Ghunavirus,Autotranscriptaviridae,1397,6.90e-200,1,1,1,GH23,2,no,93.44,High-quality,AF-A0A1H7ARN7-F1,64.2,98,肽聚糖（推断）,0.494,CRKP/PA/AB 临床重点菌,0.7954
PP704628_39,lysin,Pseudomonas,bacteria,Ghunavirus,Autotranscriptaviridae,1393,1.40e-202,1,0,1,GH23,1,no,93.85,High-quality,AF-A0A1H7ARN7-F1,64.2,98,肽聚糖（推断）,0.494,CRKP/PA/AB 临床重点菌,0.7954
OM630590_47,lysin,Pseudomonas,bacteria,Ghunavirus,Autotranscriptaviridae,1392,1.40e-202,1,0,1,GH23,1,no,93.87,High-quality,AF-A0A1H7ARN7-F1,64.2,98,肽聚糖（推断）,0.494,CRKP/PA/AB 临床重点菌,0.7954
PX106863_41,lysin,Pseudomonas,bacteria,Unclassified,Unclassified,1397,6.90e-200,1,1,1,GH23,2,no,100.0,Complete,AF-A0A1H7ARN7-F1,64.2,98,肽聚糖（推断）,0.493,CRKP/PA/AB 临床重点菌,0.7953
PV037723_44,lysin,Pseudomonas,bacteria,Unclassified,Unclassified,1397,6.90e-200,1,1,1,GH23,2,no,93.79,High-quality,AF-A0A1H7ARN7-F1,64.2,98,肽聚糖（推断）,0.493,CRKP/PA/AB 临床重点菌,0.7953
PX105294_42,lysin,Pseudomonas,bacteria,Unclassified,Unclassified,1393,1.40e-202,1,0,1,GH23,2,no,93.88,High-quality,AF-A0A1H7ARN7-F1,64.2,98,肽聚糖（推断）,0.492,CRKP/PA/AB 临床重点菌,0.7951
PX575506_41,lysin,Pseudomonas,bacteria,Unclassified,Unclassified,1393,1.40e-202,1,0,1,GH23,2,no,88.44,Medium-quality,AF-A0A1H7ARN7-F1,64.2,98,肽聚糖（推断）,0.492,CRKP/PA/AB 临床重点菌,0.7951
MN729598_42,lysin,Pseudomonas,bacteria,Ghunavirus,Autotranscriptaviridae,1393,1.40e-202,1,0,1,GH23,2,no,100.0,Complete,AF-A0A1H7ARN7-F1,64.2,98,肽聚糖（推断）,0.491,CRKP/PA/AB 临床重点菌,0.795
PV477980_44,lysin,Pseudomonas,bacteria,Unclassified,Unclassified,1394,1.70e-198,1,1,1,GH23,1,no,100.0,Complete,AF-A0A1H7ARN7-F1,64.2,98,肽聚糖（推断）,0.491,CRKP/PA/AB 临床重点菌,0.795
MT711890_46,lysin,Pseudomonas,bacteria,Waldovirus,Autotranscriptaviridae,1394,1.70e-198,1,1,1,GH23,1,no,100.0,Complete,AF-A0A1H7ARN7-F1,64.2,98,肽聚糖（推断）,0.49,CRKP/PA/AB 临床重点菌,0.7948
PV683292_161,holin,Klebsiella,bacteria,Unclassified,Straboviridae,219,1.00e-70,1,0,0,none,2,yes,94.44,High-quality,,,,膜成孔（内溶素协同，推断）,0.527,CRKP/PA/AB 临床重点菌,0.7941
PV963844_159,holin,Klebsiella,bacteria,Marfavirus,Unclassified,219,1.00e-70,1,0,0,none,1,yes,94.0,High-quality,,,,膜成孔（内溶素协同，推断）,0.527,CRKP/PA/AB 临床重点菌,0.7941
PV784031_134,holin,Klebsiella,bacteria,Marfavirus,Unclassified,219,1.00e-70,1,0,0,none,2,yes,94.63,High-quality,,,,膜成孔（内溶素协同，推断）,0.527,CRKP/PA/AB 临床重点菌,0.7941
PV963843_166,holin,Klebsiella,bacteria,Marfavirus,Unclassified,219,1.00e-70,1,0,0,none,2,yes,93.94,High-quality,,,,膜成孔（内溶素协同，推断）,0.527,CRKP/PA/AB 临床重点菌,0.7941
PP738796_103,holin,Klebsiella,bacteria,Unclassified,Unclassified,219,1.00e-70,1,0,0,none,1,yes,92.97,High-quality,,,,膜成孔（内溶素协同，推断）,0.527,CRKP/PA/AB 临床重点菌,0.7941
PX915625.1_47,holin,Klebsiella,bacteria,Unclassified,Unclassified,219,1.00e-70,1,0,0,none,2,yes,100.0,Complete,,,,膜成孔（内溶素协同，推断）,0.527,CRKP/PA/AB 临床重点菌,0.7941
PP738795_104,holin,Klebsiella,bacteria,Unclassified,Unclassified,219,1.00e-70,1,0,0,none,2,yes,94.2,High-quality,,,,膜成孔（内溶素协同，推断）,0.527,CRKP/PA/AB 临床重点菌,0.7941
OR231917_94,holin,Klebsiella,bacteria,Marfavirus,Unclassified,219,1.00e-70,1,0,0,none,2,yes,96.09,High-quality,,,,膜成孔（内溶素协同，推断）,0.527,CRKP/PA/AB 临床重点菌,0.7941
PV864764_6,holin,Klebsiella,bacteria,Unclassified,Unclassified,219,1.00e-70,1,0,0,none,2,yes,94.72,High-quality,,,,膜成孔（内溶素协同，推断）,0.527,CRKP/PA/AB 临床重点菌,0.7941
PV357748_3,holin,Klebsiella,bacteria,Unclassified,Unclassified,220,1.20e-79,1,0,0,none,1,yes,100.0,Complete,,,,膜成孔（内溶素协同，推断）,0.527,CRKP/PA/AB 临床重点菌,0.7941
OR584013_210,holin,Pseudomonas,bacteria,Unclassified,Unclassified,219,5.00e-102,1,0,0,none,1,yes,100.0,Complete,,,,膜成孔（内溶素协同，推断）,0.525,CRKP/PA/AB 临床重点菌,0.7937
MT711889_43,lysin,Pseudomonas,bacteria,Waldovirus,Autotranscriptaviridae,1394,1.70e-198,1,1,1,GH23,1,no,100.0,Complete,AF-A0A1H7ARN7-F1,64.2,98,肽聚糖（推断）,0.48,CRKP/PA/AB 临床重点菌,0.7933
OR502445_22,lysin,Klebsiella,bacteria,Taipeivirus,Ackermannviridae,265,1.40e-16,2,0,1,CBM(class);GH(class),0,yes,94.64,High-quality,AF-A0A9E0VSY1-F1,96.1,15,肽聚糖（推断）,0.521,CRKP/PA/AB 临床重点菌,0.793
PP179331_39,lysin,Pseudomonas,bacteria,Unclassified,Unclassified,1400,1.10e-201,1,1,1,GH23,0,no,100.0,Complete,AF-A0A1H7ARN7-F1,64.2,98,肽聚糖（推断）,0.478,CRKP/PA/AB 临床重点菌,0.793
PP496475_42,lysin,Pseudomonas,bacteria,Ghunavirus,Autotranscriptaviridae,1395,4.50e-193,1,1,1,GH23,1,no,100.0,High-quality,AF-A0A1H7ARN7-F1,64.2,98,肽聚糖（推断）,0.477,CRKP/PA/AB 临床重点菌,0.7929
MN729596_42,lysin,Pseudomonas,bacteria,Ghunavirus,Autotranscriptaviridae,1393,1.40e-202,1,0,1,GH23,1,no,100.0,Complete,AF-A0A1H7ARN7-F1,62.1,60,肽聚糖（推断）,0.496,CRKP/PA/AB 临床重点菌,0.7925
PX854772.1_32,lysin,Pseudomonas,bacteria,Unclassified,Unclassified,1400,1.10e-201,1,1,1,GH23,1,no,100.0,Complete,AF-A0A1H7ARN7-F1,64.2,98,肽聚糖（推断）,0.468,CRKP/PA/AB 临床重点菌,0.7915
OQ603349_2,lysin,Pseudomonas,bacteria,Ghunavirus,Autotranscriptaviridae,1400,1.10e-201,1,1,1,GH23,0,no,100.0,High-quality,AF-A0A1H7ARN7-F1,64.2,98,肽聚糖（推断）,0.465,CRKP/PA/AB 临床重点菌,0.7911
OR687459_1,lysin,Pseudomonas,bacteria,Pifdecavirus,Autotranscriptaviridae,1338,4.80e-186,1,0,1,GH23,0,no,94.3,High-quality,AF-A0A1H7ARN7-F1,64.2,98,肽聚糖（推断）,0.464,CRKP/PA/AB 临床重点菌,0.7909
NC_055720_182,holin,Pseudomonas,bacteria,Jiangsuvirus,Straboviridae,218,5.80e-70,1,0,0,none,1,yes,84.01,Medium-quality,,,,膜成孔（内溶素协同，推断）,0.505,CRKP/PA/AB 临床重点菌,0.7908
NC_047997_46,lysin,Pseudomonas,bacteria,Pfluvirus,Autotranscriptaviridae,1332,9.10e-180,1,1,1,GH23,0,no,100.0,Complete,AF-A0A1H7ARN7-F1,64.2,98,肽聚糖（推断）,0.463,CRKP/PA/AB 临床重点菌,0.7908
PP496474_44,lysin,Pseudomonas,bacteria,Ghunavirus,Autotranscriptaviridae,1400,8.60e-197,1,1,1,GH23,0,no,100.0,High-quality,AF-A0A1H7ARN7-F1,64.2,98,肽聚糖（推断）,0.461,CRKP/PA/AB 临床重点菌,0.7904
OQ622093_43,lysin,Pseudomonas,bacteria,Cankvirus,Autotranscriptaviridae,1398,4.70e-194,1,1,1,GH23,0,no,100.0,High-quality,AF-A0A1H7ARN7-F1,64.2,98,肽聚糖（推断）,0.461,CRKP/PA/AB 临床重点菌,0.7904
PP444687_10,holin,Klebsiella,bacteria,Slopekvirus,Straboviridae,216,6.40e-54,1,0,0,none,2,yes,91.28,High-quality,,,,膜成孔（内溶素协同，推断）,0.5,CRKP/PA/AB 临床重点菌,0.79
PP597383_256,holin,Klebsiella,bacteria,Slopekvirus,Straboviridae,216,6.40e-54,1,0,0,none,2,yes,91.38,High-quality,,,,膜成孔（内溶素协同，推断）,0.5,CRKP/PA/AB 临床重点菌,0.79
NC_023005_43,lysin,Pseudomonas,bacteria,Phutvirus,Autotranscriptaviridae,1333,1.20e-181,1,0,1,GH23,0,no,100.0,Complete,AF-A0A1H7ARN7-F1,64.2,98,肽聚糖（推断）,0.456,CRKP/PA/AB 临床重点菌,0.7897
OQ079410_2,lysin,Pseudomonas,bacteria,Pifdecavirus,Autotranscriptaviridae,1333,1.10e-185,1,0,1,GH23,0,no,83.69,Medium-quality,AF-A0A1H7ARN7-F1,64.2,98,肽聚糖（推断）,0.446,CRKP/PA/AB 临床重点菌,0.7882
PV683289_272,holin,Klebsiella,bacteria,Unclassified,Straboviridae,215,4.00e-53,1,0,0,none,1,yes,100.0,Complete,,,,膜成孔（内溶素协同，推断）,0.486,CRKP/PA/AB 临床重点菌,0.7879
MT711887_6,lysin,Pseudomonas,bacteria,Troedvirus,Autotranscriptaviridae,1327,1.10e-198,1,1,1,GH23,0,no,93.93,High-quality,AF-A0A1H7ARN7-F1,64.2,98,肽聚糖（推断）,0.442,CRKP/PA/AB 临床重点菌,0.7876
PV329693_39,lysin,Pseudomonas,bacteria,Unclassified,Autotranscriptaviridae,1327,1.10e-198,1,1,1,GH23,0,no,100.0,Complete,AF-A0A1H7ARN7-F1,64.2,98,肽聚糖（推断）,0.441,CRKP/PA/AB 临床重点菌,0.7874
PP496435_38,lysin,Pseudomonas,bacteria,Pifdecavirus,Autotranscriptaviridae,1332,2.10e-176,1,1,1,GH23,0,no,90.75,High-quality,AF-A0A1H7ARN7-F1,64.2,98,肽聚糖（推断）,0.44,CRKP/PA/AB 临床重点菌,0.7873
PV565045_40,lysin,Pseudomonas,bacteria,Unclassified,Unclassified,1327,1.10e-198,1,1,1,GH23,0,no,100.0,Complete,AF-A0A1H7ARN7-F1,64.2,98,肽聚糖（推断）,0.44,CRKP/PA/AB 临床重点菌,0.7873
NC_047981_45,lysin,Pseudomonas,bacteria,Pijolavirus,Autotranscriptaviridae,1328,2.30e-204,1,1,1,GH23,2,no,93.77,High-quality,AF-A0A1H7ARN7-F1,64.2,98,肽聚糖（推断）,0.439,CRKP/PA/AB 临床重点菌,0.7872
NC_015208_41,lysin,Pseudomonas,bacteria,Troedvirus,Autotranscriptaviridae,1327,1.10e-198,1,1,1,GH23,0,no,92.18,High-quality,AF-A0A1H7ARN7-F1,64.2,98,肽聚糖（推断）,0.438,CRKP/PA/AB 临床重点菌,0.787
OR637327_227,holin,Klebsiella,bacteria,Pseudotevenvirus,Straboviridae,215,4.00e-53,1,0,0,none,1,yes,100.0,Complete,,,,膜成孔（内溶素协同，推断）,0.479,CRKP/PA/AB 临床重点菌,0.7869
PP738789_263,holin,Klebsiella,bacteria,Unclassified,Unclassified,215,4.00e-53,1,0,0,none,1,yes,90.64,High-quality,,,,膜成孔（内溶素协同，推断）,0.479,CRKP/PA/AB 临床重点菌,0.7869
MH179475_44,lysin,Pseudomonas,bacteria,Pfluvirus,Autotranscriptaviridae,1334,9.10e-180,1,1,1,GH23,0,no,100.0,Complete,AF-A0A1H7ARN7-F1,64.2,98,肽聚糖（推断）,0.437,CRKP/PA/AB 临床重点菌,0.7869
NC_047965_8,lysin,Pseudomonas,bacteria,Pfluvirus,Autotranscriptaviridae,1334,9.10e-180,1,1,1,GH23,0,no,100.0,Complete,AF-A0A1H7ARN7-F1,64.2,98,肽聚糖（推断）,0.434,CRKP/PA/AB 临床重点菌,0.7864
MH179478_7,lysin,Pseudomonas,bacteria,Pfluvirus,Autotranscriptaviridae,1334,9.10e-180,1,1,1,GH23,0,no,100.0,Complete,AF-A0A1H7ARN7-F1,64.2,98,肽聚糖（推断）,0.434,CRKP/PA/AB 临床重点菌,0.7864
OR532806_84,lysin,Klebsiella,bacteria,Unclassified,Unclassified,265,9.90e-16,2,0,1,CBM(class);GH(class),0,no,96.83,High-quality,AF-A0A396RYG3-F1,95.4,18,肽聚糖（推断）,0.52,CRKP/PA/AB 临床重点菌,0.7861
PP889458_61,holin,Klebsiella,bacteria,Unclassified,Unclassified,215,4.00e-53,1,0,0,none,1,yes,91.96,High-quality,,,,膜成孔（内溶素协同，推断）,0.472,CRKP/PA/AB 临床重点菌,0.7858
PV425437_61,holin,Klebsiella,bacteria,Pseudotevenvirus,Straboviridae,215,4.00e-53,1,0,0,none,1,yes,91.31,High-quality,,,,膜成孔（内溶素协同，推断）,0.472,CRKP/PA/AB 临床重点菌,0.7858
PP496430_39,lysin,Pseudomonas,bacteria,Pifdecavirus,Autotranscriptaviridae,1332,6.40e-181,1,1,1,GH23,0,no,93.39,High-quality,AF-A0A1H7ARN7-F1,64.2,98,肽聚糖（推断）,0.428,CRKP/PA/AB 临床重点菌,0.7855
PP496420_41,lysin,Pseudomonas,bacteria,Pifdecavirus,Autotranscriptaviridae,1332,6.40e-181,1,1,1,GH23,0,no,94.22,High-quality,AF-A0A1H7ARN7-F1,64.2,98,肽聚糖（推断）,0.428,CRKP/PA/AB 临床重点菌,0.7855
PP496431_41,lysin,Pseudomonas,bacteria,Pifdecavirus,Autotranscriptaviridae,1332,6.40e-181,1,1,1,GH23,0,no,94.24,High-quality,AF-A0A1H7ARN7-F1,64.2,98,肽聚糖（推断）,0.428,CRKP/PA/AB 临床重点菌,0.7855
NC_070936_225,lysin,Klebsiella,bacteria,Nimduovirus,Chimalliviridae,2396,4.40e-26,1,0,1,GH18/19,0,no,86.82,Medium-quality,,,,肽聚糖（推断）,0.642,CRKP/PA/AB 临床重点菌,0.7853
PP496422_38,lysin,Pseudomonas,bacteria,Pifdecavirus,Autotranscriptaviridae,1332,6.40e-181,1,1,1,GH23,0,no,93.63,High-quality,AF-A0A1H7ARN7-F1,64.2,98,肽聚糖（推断）,0.427,CRKP/PA/AB 临床重点菌,0.7853
PP496424_39,lysin,Pseudomonas,bacteria,Pifdecavirus,Autotranscriptaviridae,1332,6.40e-181,1,1,1,GH23,0,no,94.26,High-quality,AF-A0A1H7ARN7-F1,64.2,98,肽聚糖（推断）,0.427,CRKP/PA/AB 临床重点菌,0.7853
PP496419_40,lysin,Pseudomonas,bacteria,Pifdecavirus,Autotranscriptaviridae,1332,6.40e-181,1,1,1,GH23,0,no,93.98,High-quality,AF-A0A1H7ARN7-F1,64.2,98,肽聚糖（推断）,0.427,CRKP/PA/AB 临床重点菌,0.7853
PP496434_41,lysin,Pseudomonas,bacteria,Pifdecavirus,Autotranscriptaviridae,1332,6.40e-181,1,1,1,GH23,0,no,93.79,High-quality,AF-A0A1H7ARN7-F1,64.2,98,肽聚糖（推断）,0.426,CRKP/PA/AB 临床重点菌,0.7852
PP496427_40,lysin,Pseudomonas,bacteria,Pifdecavirus,Autotranscriptaviridae,1332,6.40e-181,1,1,1,GH23,0,no,93.51,High-quality,AF-A0A1H7ARN7-F1,64.2,98,肽聚糖（推断）,0.426,CRKP/PA/AB 临床重点菌,0.7852
PP496418_40,lysin,Pseudomonas,bacteria,Pifdecavirus,Autotranscriptaviridae,1332,6.40e-181,1,1,1,GH23,0,no,93.83,High-quality,AF-A0A1H7ARN7-F1,64.2,98,肽聚糖（推断）,0.426,CRKP/PA/AB 临床重点菌,0.7852
PP496426_41,lysin,Pseudomonas,bacteria,Pifdecavirus,Autotranscriptaviridae,1332,6.40e-181,1,1,1,GH23,0,no,94.09,High-quality,AF-A0A1H7ARN7-F1,64.2,98,肽聚糖（推断）,0.426,CRKP/PA/AB 临床重点菌,0.7852
PP496429_38,lysin,Pseudomonas,bacteria,Pifdecavirus,Autotranscriptaviridae,1332,6.40e-181,1,1,1,GH23,0,no,93.35,High-quality,AF-A0A1H7ARN7-F1,64.2,98,肽聚糖（推断）,0.426,CRKP/PA/AB 临床重点菌,0.7852
MT094431_39,lysin,Pseudomonas,bacteria,Pifdecavirus,Autotranscriptaviridae,1332,6.40e-181,1,1,1,GH23,0,no,100.0,Complete,AF-A0A1H7ARN7-F1,64.2,98,肽聚糖（推断）,0.425,CRKP/PA/AB 临床重点菌,0.7851
PP496421_39,lysin,Pseudomonas,bacteria,Pifdecavirus,Autotranscriptaviridae,1332,6.40e-181,1,1,1,GH23,0,no,93.07,High-quality,AF-A0A1H7ARN7-F1,64.2,98,肽聚糖（推断）,0.425,CRKP/PA/AB 临床重点菌,0.7851
NC_015264_39,lysin,Pseudomonas,bacteria,Pifdecavirus,Autotranscriptaviridae,1332,6.40e-181,1,0,1,GH23,0,no,100.0,Complete,AF-A0A1H7ARN7-F1,64.2,98,肽聚糖（推断）,0.425,CRKP/PA/AB 临床重点菌,0.7851
PP496433_40,lysin,Pseudomonas,bacteria,Pifdecavirus,Autotranscriptaviridae,1332,6.40e-181,1,1,1,GH23,0,no,93.7,High-quality,AF-A0A1H7ARN7-F1,64.2,98,肽聚糖（推断）,0.425,CRKP/PA/AB 临床重点菌,0.7851
PP496428_39,lysin,Pseudomonas,bacteria,Pifdecavirus,Autotranscriptaviridae,1332,6.40e-181,1,1,1,GH23,0,no,93.97,High-quality,AF-A0A1H7ARN7-F1,64.2,98,肽聚糖（推断）,0.425,CRKP/PA/AB 临床重点菌,0.7851
PP496425_39,lysin,Pseudomonas,bacteria,Pifdecavirus,Autotranscriptaviridae,1332,6.40e-181,1,1,1,GH23,0,no,93.12,High-quality,AF-A0A1H7ARN7-F1,64.2,98,肽聚糖（推断）,0.424,CRKP/PA/AB 临床重点菌,0.7849
PP496423_39,lysin,Pseudomonas,bacteria,Pifdecavirus,Autotranscriptaviridae,1332,6.40e-181,1,1,1,GH23,0,no,93.34,High-quality,AF-A0A1H7ARN7-F1,64.2,98,肽聚糖（推断）,0.424,CRKP/PA/AB 临床重点菌,0.7849
PP496432_41,lysin,Pseudomonas,bacteria,Pifdecavirus,Autotranscriptaviridae,1332,6.40e-181,1,1,1,GH23,0,no,93.72,High-quality,AF-A0A1H7ARN7-F1,64.2,98,肽聚糖（推断）,0.423,CRKP/PA/AB 临床重点菌,0.7848
PP738761_127,lysin,Klebsiella,bacteria,Unclassified,Unclassified,265,9.90e-16,2,0,1,CBM(class);GH(class),0,no,94.95,High-quality,AF-A0A9E0VSY1-F1,96.1,15,肽聚糖（推断）,0.502,CRKP/PA/AB 临床重点菌,0.7845
OX335416_182,lysin,Klebsiella,bacteria,Taipeivirus,Ackermannviridae,265,9.90e-16,2,0,1,CBM(class);GH(class),0,no,100.0,Complete,AF-A0A9E0VSY1-F1,96.1,15,肽聚糖（推断）,0.502,CRKP/PA/AB 临床重点菌,0.7845
PV987926_20,lysin,Klebsiella,bacteria,Taipeivirus,Ackermannviridae,265,9.90e-16,2,0,1,CBM(class);GH(class),0,no,95.45,High-quality,AF-A0A9E0VSY1-F1,96.1,15,肽聚糖（推断）,0.502,CRKP/PA/AB 临床重点菌,0.7845
NC_027292_40,lysin,Pseudomonas,bacteria,Pifdecavirus,Autotranscriptaviridae,1332,6.40e-181,1,1,1,GH23,0,no,91.51,High-quality,AF-A0A1H7ARN7-F1,64.2,98,肽聚糖（推断）,0.421,CRKP/PA/AB 临床重点菌,0.7844
NC_014663_246,holin,Acinetobacter,bacteria,Acajnonavirus,Straboviridae,226,2.20e-57,1,0,0,none,2,yes,86.54,Medium-quality,,,,膜成孔（内溶素协同，推断）,0.462,CRKP/PA/AB 临床重点菌,0.7843
PZ055574.1_42,lysin,Pseudomonas,bacteria,Unclassified,Unclassified,1332,6.40e-181,1,1,1,GH23,0,no,94.11,High-quality,AF-A0A1H7ARN7-F1,64.2,98,肽聚糖（推断）,0.419,CRKP/PA/AB 临床重点菌,0.7842
OU509534_56,depolymerase,Klebsiella,bacteria,Unclassified,Unclassified,652,4.30e-51,3,0,1,"PL(K1_lyase,family待dbCAN)",0,yes,100.0,Complete,,,,荚膜多糖（推断）,0.46,CRKP/PA/AB 临床重点菌,0.784
PV037722_21,lysin,Pseudomonas,bacteria,Unclassified,Unclassified,1332,6.40e-181,1,1,1,GH23,0,no,93.77,High-quality,AF-A0A1H7ARN7-F1,64.2,98,肽聚糖（推断）,0.418,CRKP/PA/AB 临床重点菌,0.784
PQ362313_49,depolymerase,Klebsiella,bacteria,Drulisvirus,Autoscriptoviridae,652,4.30e-51,3,0,1,"PL(K1_lyase,family待dbCAN)",0,yes,100.0,Complete,,,,荚膜多糖（推断）,0.459,CRKP/PA/AB 临床重点菌,0.7839
NC_022343_19,lysin,Klebsiella,bacteria,Taipeivirus,Ackermannviridae,265,9.90e-16,2,0,1,CBM(class);GH(class),0,no,96.57,High-quality,AF-A0A9E0VSY1-F1,96.1,15,肽聚糖（推断）,0.498,CRKP/PA/AB 临床重点菌,0.7839
PP738768_135,lysin,Klebsiella,bacteria,Unclassified,Unclassified,265,9.90e-16,2,0,1,CBM(class);GH(class),0,no,95.12,High-quality,AF-A0A9E0VSY1-F1,96.1,15,肽聚糖（推断）,0.498,CRKP/PA/AB 临床重点菌,0.7839
PV683293_24,lysin,Klebsiella,bacteria,Unclassified,Ackermannviridae,265,9.90e-16,2,0,1,CBM(class);GH(class),0,no,93.88,High-quality,AF-A0A9E0VSY1-F1,96.1,15,肽聚糖（推断）,0.498,CRKP/PA/AB 临床重点菌,0.7839
PQ656107_42,lysin,Klebsiella,bacteria,Taipeivirus,Ackermannviridae,265,9.90e-16,2,0,1,CBM(class);GH(class),0,no,96.23,High-quality,AF-A0A9E0VSY1-F1,96.1,15,肽聚糖（推断）,0.498,CRKP/PA/AB 临床重点菌,0.7839
PQ368523_124,lysin,Klebsiella,bacteria,Unclassified,Unclassified,265,9.90e-16,2,0,1,CBM(class);GH(class),0,no,95.16,High-quality,AF-A0A9E0VSY1-F1,96.1,15,肽聚糖（推断）,0.498,CRKP/PA/AB 临床重点菌,0.7839
OR387546_134,lysin,Klebsiella,bacteria,Taipeivirus,Ackermannviridae,265,9.90e-16,2,0,1,CBM(class);GH(class),0,no,100.0,Complete,AF-A0A9E0VSY1-F1,96.1,15,肽聚糖（推断）,0.498,CRKP/PA/AB 临床重点菌,0.7839
NC_021062_41,lysin,Pseudomonas,bacteria,Pifdecavirus,Autotranscriptaviridae,1332,6.40e-181,1,1,1,GH23,0,no,93.7,High-quality,AF-A0A1H7ARN7-F1,64.2,98,肽聚糖（推断）,0.416,CRKP/PA/AB 临床重点菌,0.7837
PQ394119_47,depolymerase,Klebsiella,bacteria,Unclassified,Unclassified,652,4.30e-51,3,0,1,"PL(K1_lyase,family待dbCAN)",0,yes,92.15,High-quality,,,,荚膜多糖（推断）,0.457,CRKP/PA/AB 临床重点菌,0.7835
PP889474_7,depolymerase,Klebsiella,bacteria,Unclassified,Unclassified,652,4.30e-51,3,0,1,"PL(K1_lyase,family待dbCAN)",0,yes,93.54,High-quality,,,,荚膜多糖（推断）,0.457,CRKP/PA/AB 临床重点菌,0.7835
OQ716796_47,lysin,Pseudomonas,bacteria,Phutvirus,Autotranscriptaviridae,1335,1.20e-181,1,0,1,GH23,0,no,100.0,Complete,AF-A0A1H7ARN7-F1,64.2,98,肽聚糖（推断）,0.415,CRKP/PA/AB 临床重点菌,0.7835
ON602748_34,depolymerase,Klebsiella,bacteria,Drulisvirus,Autoscriptoviridae,652,4.30e-51,3,0,1,"PL(K1_lyase,family待dbCAN)",0,yes,90.98,High-quality,,,,荚膜多糖（推断）,0.456,CRKP/PA/AB 临床重点菌,0.7834
OR532843_7,depolymerase,Klebsiella,bacteria,Unclassified,Unclassified,652,4.30e-51,3,0,1,"PL(K1_lyase,family待dbCAN)",0,yes,94.41,High-quality,,,,荚膜多糖（推断）,0.456,CRKP/PA/AB 临床重点菌,0.7834
NC_031246_50,depolymerase,Klebsiella,bacteria,Drulisvirus,Autoscriptoviridae,652,4.30e-51,3,0,1,"PL(K1_lyase,family待dbCAN)",0,yes,100.0,Complete,,,,荚膜多糖（推断）,0.456,CRKP/PA/AB 临床重点菌,0.7834
MZ634341_81,lysin,Klebsiella,bacteria,Taipeivirus,Ackermannviridae,265,9.90e-16,2,0,1,CBM(class);GH(class),0,no,100.0,Complete,AF-A0A9E0VSY1-F1,96.1,15,肽聚糖（推断）,0.494,CRKP/PA/AB 临床重点菌,0.7833
OM131411_7,lysin,Pseudomonas,bacteria,Pijolavirus,Autotranscriptaviridae,1338,4.80e-186,1,0,1,GH23,0,no,100.0,Complete,AF-A0A1H7ARN7-F1,64.2,98,肽聚糖（推断）,0.413,CRKP/PA/AB 临床重点菌,0.7833
PQ678706_30,depolymerase,Klebsiella,bacteria,Unclassified,Unclassified,652,4.30e-51,3,0,1,"PL(K1_lyase,family待dbCAN)",0,yes,92.87,High-quality,,,,荚膜多糖（推断）,0.454,CRKP/PA/AB 临床重点菌,0.7831
OR532900_7,depolymerase,Klebsiella,bacteria,Unclassified,Unclassified,652,4.30e-51,3,0,1,"PL(K1_lyase,family待dbCAN)",0,yes,95.27,High-quality,,,,荚膜多糖（推断）,0.454,CRKP/PA/AB 临床重点菌,0.7831
NC_028670_54,depolymerase,Klebsiella,bacteria,Drulisvirus,Autoscriptoviridae,652,4.30e-51,3,0,1,"PL(K1_lyase,family待dbCAN)",0,yes,100.0,Complete,,,,荚膜多糖（推断）,0.454,CRKP/PA/AB 临床重点菌,0.7831
OR532831_7,depolymerase,Klebsiella,bacteria,Unclassified,Unclassified,652,4.30e-51,3,0,1,"PL(K1_lyase,family待dbCAN)",0,yes,92.32,High-quality,,,,荚膜多糖（推断）,0.452,CRKP/PA/AB 临床重点菌,0.7828
OR532837_7,depolymerase,Klebsiella,bacteria,Unclassified,Unclassified,652,4.30e-51,3,0,1,"PL(K1_lyase,family待dbCAN)",0,yes,93.57,High-quality,,,,荚膜多糖（推断）,0.452,CRKP/PA/AB 临床重点菌,0.7828
PQ678705_1,depolymerase,Klebsiella,bacteria,Unclassified,Unclassified,652,4.30e-51,3,0,1,"PL(K1_lyase,family待dbCAN)",0,yes,93.61,High-quality,,,,荚膜多糖（推断）,0.452,CRKP/PA/AB 临床重点菌,0.7828
PP934444_49,depolymerase,Klebsiella,bacteria,Drulisvirus,Autoscriptoviridae,652,4.30e-51,3,0,0,"PL(K1_lyase,family待dbCAN)",0,yes,100.0,Complete,,,,荚膜多糖（推断）,0.452,CRKP/PA/AB 临床重点菌,0.7828
OR532832_7,depolymerase,Klebsiella,bacteria,Unclassified,Unclassified,652,4.30e-51,3,0,1,"PL(K1_lyase,family待dbCAN)",0,yes,94.03,High-quality,,,,荚膜多糖（推断）,0.452,CRKP/PA/AB 临床重点菌,0.7828
OQ734493_19,depolymerase,Klebsiella,bacteria,Drulisvirus,Autoscriptoviridae,652,4.30e-51,3,0,1,"PL(K1_lyase,family待dbCAN)",0,yes,100.0,Complete,,,,荚膜多糖（推断）,0.452,CRKP/PA/AB 临床重点菌,0.7828
OQ871562_48,depolymerase,Klebsiella,bacteria,Drulisvirus,Autoscriptoviridae,652,4.30e-51,3,0,1,"PL(K1_lyase,family待dbCAN)",0,yes,95.59,High-quality,,,,荚膜多糖（推断）,0.451,CRKP/PA/AB 临床重点菌,0.7827
OR532888_7,depolymerase,Klebsiella,bacteria,Unclassified,Unclassified,652,4.30e-51,3,0,1,"PL(K1_lyase,family待dbCAN)",0,yes,92.93,High-quality,,,,荚膜多糖（推断）,0.451,CRKP/PA/AB 临床重点菌,0.7827
PP889484_7,depolymerase,Klebsiella,bacteria,Unclassified,Unclassified,652,4.30e-51,3,0,2,"PL(K1_lyase,family待dbCAN)",0,yes,92.46,High-quality,,,,荚膜多糖（推断）,0.451,CRKP/PA/AB 临床重点菌,0.7827
PX979745.1_53,depolymerase,Klebsiella,bacteria,Unclassified,Unclassified,652,4.30e-51,3,0,1,"PL(K1_lyase,family待dbCAN)",0,yes,96.07,High-quality,,,,荚膜多糖（推断）,0.451,CRKP/PA/AB 临床重点菌,0.7827
OR532830_7,depolymerase,Klebsiella,bacteria,Unclassified,Unclassified,652,4.30e-51,3,0,1,"PL(K1_lyase,family待dbCAN)",0,yes,92.22,High-quality,,,,荚膜多糖（推断）,0.451,CRKP/PA/AB 临床重点菌,0.7827
PX979744.1_52,depolymerase,Klebsiella,bacteria,Unclassified,Unclassified,652,4.30e-51,3,0,1,"PL(K1_lyase,family待dbCAN)",0,yes,94.97,High-quality,,,,荚膜多糖（推断）,0.451,CRKP/PA/AB 临床重点菌,0.7827
OY979411_8,depolymerase,Klebsiella,bacteria,Drulisvirus,Autoscriptoviridae,652,4.30e-51,3,0,1,"PL(K1_lyase,family待dbCAN)",0,yes,100.0,Complete,,,,荚膜多糖（推断）,0.451,CRKP/PA/AB 临床重点菌,0.7827
PP663283_52,depolymerase,Klebsiella,bacteria,Drulisvirus,Autoscriptoviridae,652,4.30e-51,3,0,1,"PL(K1_lyase,family待dbCAN)",0,yes,94.95,High-quality,,,,荚膜多糖（推断）,0.451,CRKP/PA/AB 临床重点菌,0.7827
MK033137_44,lysin,Pseudomonas,bacteria,Unosvirus,Autotranscriptaviridae,1331,1.20e-189,1,1,1,GH23,0,no,100.0,Complete,AF-A0A1H7ARN7-F1,64.2,98,肽聚糖（推断）,0.408,CRKP/PA/AB 临床重点菌,0.7825
NC_025418_53,depolymerase,Klebsiella,bacteria,Drulisvirus,Autoscriptoviridae,652,4.30e-51,3,0,1,"PL(K1_lyase,family待dbCAN)",0,yes,94.89,High-quality,,,,荚膜多糖（推断）,0.449,CRKP/PA/AB 临床重点菌,0.7823
OX335379_1,depolymerase,Klebsiella,bacteria,Drulisvirus,Autoscriptoviridae,652,4.30e-51,3,0,1,"PL(K1_lyase,family待dbCAN)",0,yes,100.0,Complete,,,,荚膜多糖（推断）,0.449,CRKP/PA/AB 临床重点菌,0.7823
PP836776_47,depolymerase,Klebsiella,bacteria,Unclassified,Unclassified,652,4.30e-51,3,0,2,"PL(K1_lyase,family待dbCAN)",0,yes,90.25,High-quality,,,,荚膜多糖（推断）,0.449,CRKP/PA/AB 临床重点菌,0.7823
OR532838_7,depolymerase,Klebsiella,bacteria,Unclassified,Unclassified,652,4.30e-51,3,0,1,"PL(K1_lyase,family待dbCAN)",0,yes,94.22,High-quality,,,,荚膜多糖（推断）,0.449,CRKP/PA/AB 临床重点菌,0.7823
OX335428_53,depolymerase,Klebsiella,bacteria,Drulisvirus,Autoscriptoviridae,652,4.30e-51,3,0,1,"PL(K1_lyase,family待dbCAN)",0,yes,100.0,Complete,,,,荚膜多糖（推断）,0.449,CRKP/PA/AB 临床重点菌,0.7823
OP485124_42,lysin,Pseudomonas,bacteria,Pifdecavirus,Autotranscriptaviridae,1331,1.20e-189,1,1,1,GH23,0,no,100.0,Complete,AF-A0A1H7ARN7-F1,64.2,98,肽聚糖（推断）,0.407,CRKP/PA/AB 临床重点菌,0.7823
ON109291_41,lysin,Pseudomonas,bacteria,Pifdecavirus,Autotranscriptaviridae,1331,1.20e-189,1,1,1,GH23,1,no,91.44,High-quality,AF-A0A1H7ARN7-F1,64.2,98,肽聚糖（推断）,0.407,CRKP/PA/AB 临床重点菌,0.7823
NC_047873_43,lysin,Pseudomonas,bacteria,Unosvirus,Autotranscriptaviridae,1331,1.20e-189,1,1,1,GH23,0,no,91.15,High-quality,AF-A0A1H7ARN7-F1,64.2,98,肽聚糖（推断）,0.407,CRKP/PA/AB 临床重点菌,0.7823
NC_049492_239,holin,Acinetobacter,bacteria,Lazarusvirus,Straboviridae,244,8.40e-58,1,0,0,none,2,no,85.34,Medium-quality,,,,膜成孔（内溶素协同，推断）,0.448,CRKP/PA/AB 临床重点菌,0.7822
OL763420_49,holin,Acinetobacter,bacteria,Lazarusvirus,Straboviridae,244,8.40e-58,1,0,0,none,2,no,83.6,Medium-quality,,,,膜成孔（内溶素协同，推断）,0.448,CRKP/PA/AB 临床重点菌,0.7822
NC_049493_239,holin,Acinetobacter,bacteria,Lazarusvirus,Straboviridae,244,8.40e-58,1,0,0,none,2,no,83.77,Medium-quality,,,,膜成孔（内溶素协同，推断）,0.448,CRKP/PA/AB 临床重点菌,0.7822
PQ885451_66,holin,Acinetobacter,bacteria,Unclassified,Unclassified,244,8.40e-58,1,0,0,none,2,no,84.85,Medium-quality,,,,膜成孔（内溶素协同，推断）,0.448,CRKP/PA/AB 临床重点菌,0.7822
PX946178.1_21,holin,Acinetobacter,bacteria,Unclassified,Unclassified,244,8.40e-58,1,0,0,none,2,no,83.8,Medium-quality,,,,膜成孔（内溶素协同，推断）,0.448,CRKP/PA/AB 临床重点菌,0.7822
PV081574_6,holin,Acinetobacter,bacteria,Lazarusvirus,Straboviridae,244,8.40e-58,1,0,0,none,2,no,84.07,Medium-quality,,,,膜成孔（内溶素协同，推断）,0.448,CRKP/PA/AB 临床重点菌,0.7822
OV298649_76,holin,Acinetobacter,bacteria,Unclassified,Unclassified,244,8.40e-58,1,0,0,none,2,no,83.47,Medium-quality,,,,膜成孔（内溶素协同，推断）,0.448,CRKP/PA/AB 临床重点菌,0.7822
OR608380_69,holin,Acinetobacter,bacteria,Unclassified,Unclassified,244,8.40e-58,1,0,0,none,2,no,85.16,Medium-quality,,,,膜成孔（内溶素协同，推断）,0.448,CRKP/PA/AB 临床重点菌,0.7822
OZ075066_125,holin,Acinetobacter,bacteria,Unclassified,Unclassified,244,8.40e-58,1,0,0,none,2,no,100.0,Complete,,,,膜成孔（内溶素协同，推断）,0.448,CRKP/PA/AB 临床重点菌,0.7822
OL770259_242,holin,Acinetobacter,bacteria,Lazarusvirus,Straboviridae,244,8.40e-58,1,0,0,none,2,no,84.8,Medium-quality,,,,膜成孔（内溶素协同，推断）,0.448,CRKP/PA/AB 临床重点菌,0.7822
NC_049438_243,holin,Acinetobacter,bacteria,Lazarusvirus,Straboviridae,244,8.40e-58,1,0,0,none,2,no,84.27,Medium-quality,,,,膜成孔（内溶素协同，推断）,0.448,CRKP/PA/AB 临床重点菌,0.7822
PX670405.1_7,depolymerase,Klebsiella,bacteria,Unclassified,Unclassified,652,4.30e-51,3,0,1,"PL(K1_lyase,family待dbCAN)",0,yes,95.38,High-quality,,,,荚膜多糖（推断）,0.446,CRKP/PA/AB 临床重点菌,0.7819
PP882722_23,depolymerase,Klebsiella,bacteria,Drulisvirus,Autoscriptoviridae,652,4.30e-51,3,0,1,"PL(K1_lyase,family待dbCAN)",0,yes,100.0,Complete,,,,荚膜多糖（推断）,0.446,CRKP/PA/AB 临床重点菌,0.7819
ON809559_34,depolymerase,Klebsiella,bacteria,Drulisvirus,Autoscriptoviridae,652,4.30e-51,3,0,1,"PL(K1_lyase,family待dbCAN)",0,yes,94.97,High-quality,,,,荚膜多糖（推断）,0.445,CRKP/PA/AB 临床重点菌,0.7818
PQ530295_5,depolymerase,Klebsiella,bacteria,Drulisvirus,Autoscriptoviridae,652,4.30e-51,3,0,1,"PL(K1_lyase,family待dbCAN)",0,yes,93.87,High-quality,,,,荚膜多糖（推断）,0.445,CRKP/PA/AB 临床重点菌,0.7818
PQ133006_50,depolymerase,Klebsiella,bacteria,Drulisvirus,Autoscriptoviridae,652,4.30e-51,3,0,1,"PL(K1_lyase,family待dbCAN)",0,yes,93.45,High-quality,,,,荚膜多糖（推断）,0.445,CRKP/PA/AB 临床重点菌,0.7818
PQ133005_50,depolymerase,Klebsiella,bacteria,Drulisvirus,Autoscriptoviridae,652,4.30e-51,3,0,1,"PL(K1_lyase,family待dbCAN)",0,yes,93.65,High-quality,,,,荚膜多糖（推断）,0.445,CRKP/PA/AB 临床重点菌,0.7818
OP924544_41,lysin,Pseudomonas,bacteria,Pijolavirus,Autotranscriptaviridae,1328,2.30e-204,1,1,1,GH23,1,no,100.0,Complete,AF-A0A1H7ARN7-F1,64.2,98,肽聚糖（推断）,0.403,CRKP/PA/AB 临床重点菌,0.7817
PX670403.1_7,depolymerase,Klebsiella,bacteria,Unclassified,Unclassified,653,4.30e-51,3,0,1,"PL(K1_lyase,family待dbCAN)",1,yes,95.37,High-quality,,,,荚膜多糖（推断）,0.444,CRKP/PA/AB 临床重点菌,0.7816
PP974338_100,lysin,Klebsiella,bacteria,Taipeivirus,Ackermannviridae,265,9.90e-16,2,0,1,CBM(class);GH(class),0,no,96.1,High-quality,AF-A0A9E0VSY1-F1,96.1,15,肽聚糖（推断）,0.483,CRKP/PA/AB 临床重点菌,0.7816
PV231795_49,depolymerase,Klebsiella,bacteria,Drulisvirus,Autoscriptoviridae,652,4.30e-51,3,0,1,"PL(K1_lyase,family待dbCAN)",0,yes,92.6,High-quality,,,,荚膜多糖（推断）,0.443,CRKP/PA/AB 临床重点菌,0.7814
OR532898_7,depolymerase,Klebsiella,bacteria,Unclassified,Unclassified,652,4.30e-51,3,0,1,"PL(K1_lyase,family待dbCAN)",1,yes,94.19,High-quality,,,,荚膜多糖（推断）,0.443,CRKP/PA/AB 临床重点菌,0.7814
PX670411.1_7,depolymerase,Klebsiella,bacteria,Unclassified,Unclassified,652,4.30e-51,3,0,1,"PL(K1_lyase,family待dbCAN)",0,yes,95.32,High-quality,,,,荚膜多糖（推断）,0.443,CRKP/PA/AB 临床重点菌,0.7814
PQ133615_1,depolymerase,Klebsiella,bacteria,Unclassified,Unclassified,652,4.30e-51,3,0,1,"PL(K1_lyase,family待dbCAN)",0,yes,100.0,Complete,,,,荚膜多糖（推断）,0.443,CRKP/PA/AB 临床重点菌,0.7814
PX060903.1_7,depolymerase,Klebsiella,bacteria,Unclassified,Unclassified,652,4.30e-51,3,0,2,"PL(K1_lyase,family待dbCAN)",0,yes,95.37,High-quality,,,,荚膜多糖（推断）,0.443,CRKP/PA/AB 临床重点菌,0.7814
PX733326.1_53,depolymerase,Klebsiella,bacteria,Drulisvirus,Autoscriptoviridae,652,4.30e-51,3,0,1,"PL(K1_lyase,family待dbCAN)",0,yes,94.5,High-quality,,,,荚膜多糖（推断）,0.442,CRKP/PA/AB 临床重点菌,0.7813
OM816837_2,depolymerase,Klebsiella,bacteria,Drulisvirus,Autoscriptoviridae,653,4.30e-51,3,0,1,"PL(K1_lyase,family待dbCAN)",0,yes,96.17,High-quality,,,,荚膜多糖（推断）,0.441,CRKP/PA/AB 临床重点菌,0.7812
PQ382034_239,holin,Acinetobacter,bacteria,Unclassified,Unclassified,244,8.40e-58,1,0,0,none,2,no,83.75,Medium-quality,,,,膜成孔（内溶素协同，推断）,0.441,CRKP/PA/AB 临床重点菌,0.7812
OL770258_242,holin,Acinetobacter,bacteria,Lazarusvirus,Straboviridae,244,8.40e-58,1,0,0,none,2,no,84.23,Medium-quality,,,,膜成孔（内溶素协同，推断）,0.441,CRKP/PA/AB 临床重点菌,0.7812
PP442062_11,depolymerase,Klebsiella,bacteria,Unclassified,Unclassified,652,4.30e-51,3,0,1,"PL(K1_lyase,family待dbCAN)",0,yes,94.04,High-quality,,,,荚膜多糖（推断）,0.44,CRKP/PA/AB 临床重点菌,0.781
OQ503491_12,depolymerase,Acinetobacter,bacteria,Drulisvirus,Autoscriptoviridae,652,4.30e-51,3,0,1,"PL(K1_lyase,family待dbCAN)",0,yes,91.87,High-quality,,,,荚膜多糖（推断）,0.439,CRKP/PA/AB 临床重点菌,0.7809
PP799040_60,holin,Acinetobacter,bacteria,Unclassified,Unclassified,245,1.40e-57,1,0,0,none,2,no,17.96,Low-quality,,,,膜成孔（内溶素协同，推断）,0.438,CRKP/PA/AB 临床重点菌,0.7807
PV872879_1,depolymerase,Klebsiella,bacteria,Unclassified,Unclassified,652,4.30e-51,3,0,1,"PL(K1_lyase,family待dbCAN)",0,yes,77.1,Medium-quality,,,,荚膜多糖（推断）,0.437,CRKP/PA/AB 临床重点菌,0.7806
MT682065_52,depolymerase,Klebsiella,bacteria,Drulisvirus,Autoscriptoviridae,652,4.30e-51,3,0,0,"PL(K1_lyase,family待dbCAN)",1,yes,93.26,High-quality,,,,荚膜多糖（推断）,0.436,CRKP/PA/AB 临床重点菌,0.7804
OR532893_7,depolymerase,Klebsiella,bacteria,Unclassified,Unclassified,652,4.30e-51,3,0,1,"PL(K1_lyase,family待dbCAN)",0,yes,91.57,High-quality,,,,荚膜多糖（推断）,0.436,CRKP/PA/AB 临床重点菌,0.7804
PQ741857_7,depolymerase,Klebsiella,bacteria,Unclassified,Unclassified,652,4.30e-51,3,0,0,"PL(K1_lyase,family待dbCAN)",1,yes,94.33,High-quality,,,,荚膜多糖（推断）,0.434,CRKP/PA/AB 临床重点菌,0.7801
PX670400.1_7,depolymerase,Klebsiella,bacteria,Unclassified,Unclassified,652,4.30e-51,3,0,2,"PL(K1_lyase,family待dbCAN)",1,yes,95.22,High-quality,,,,荚膜多糖（推断）,0.434,CRKP/PA/AB 临床重点菌,0.7801
NC_049494_89,holin,Acinetobacter,bacteria,Hadassahvirus,Straboviridae,243,7.50e-59,1,0,0,none,2,no,85.09,Medium-quality,,,,膜成孔（内溶素协同，推断）,0.434,CRKP/PA/AB 临床重点菌,0.7801
NC_031025_50,depolymerase,Klebsiella,bacteria,Drulisvirus,Autoscriptoviridae,652,4.30e-51,3,0,0,"PL(K1_lyase,family待dbCAN)",0,yes,100.0,Complete,,,,荚膜多糖（推断）,0.433,CRKP/PA/AB 临床重点菌,0.78
PP952734_40,depolymerase,Klebsiella,bacteria,Unclassified,Unclassified,779,1.50e-36,1,0,1,none,0,no,94.33,High-quality,AF-A0AAE7H5P6-F1,89.8,26,未知,0.517,CRKP/PA/AB 临床重点菌,0.7772
OX335443_7,depolymerase,Klebsiella,bacteria,Przondovirus,Autotranscriptaviridae,779,1.50e-36,1,0,1,none,0,no,100.0,Complete,AF-A0AAE7H5P6-F1,89.8,26,未知,0.517,CRKP/PA/AB 临床重点菌,0.7772
PP174317_54,holin,Acinetobacter,bacteria,Unclassified,Unclassified,244,3.20e-56,1,0,0,none,2,no,100.0,Complete,,,,膜成孔（内溶素协同，推断）,0.414,CRKP/PA/AB 临床重点菌,0.7771
PX694427.1_39,depolymerase,Klebsiella,bacteria,Przondovirus,Autotranscriptaviridae,779,1.50e-36,1,0,1,none,0,no,100.0,Complete,AF-A0AAE7H5P6-F1,89.8,26,未知,0.515,CRKP/PA/AB 临床重点菌,0.777
MK380015_43,depolymerase,Klebsiella,bacteria,Przondovirus,Autotranscriptaviridae,779,1.50e-36,1,0,1,none,0,no,100.0,Complete,AF-A0AAE7H5P6-F1,89.8,26,未知,0.509,CRKP/PA/AB 临床重点菌,0.7761
MN434093_42,depolymerase,Klebsiella,bacteria,Przondovirus,Autotranscriptaviridae,779,1.50e-36,1,0,1,none,0,no,95.05,High-quality,AF-A0AAE7H5P6-F1,89.8,26,未知,0.509,CRKP/PA/AB 临床重点菌,0.7761
NC_014660_247,holin,Acinetobacter,bacteria,Unclassified,Straboviridae,224,2.20e-62,1,0,0,none,1,yes,84.34,Medium-quality,,,,膜成孔（内溶素协同，推断）,0.407,CRKP/PA/AB 临床重点菌,0.7761
MK380016_41,depolymerase,Klebsiella,bacteria,Przondovirus,Autotranscriptaviridae,779,1.50e-36,1,0,2,none,0,no,100.0,Complete,AF-A0AAE7H5P6-F1,89.8,26,未知,0.507,CRKP/PA/AB 临床重点菌,0.7757
PP723048_78,holin,Klebsiella,bacteria,Jiaodavirus,Straboviridae,219,9.70e-70,1,0,0,none,2,yes,91.68,High-quality,,,,膜成孔（内溶素协同，推断）,0.404,CRKP/PA/AB 临床重点菌,0.7756
PX842722.1_6,depolymerase,Klebsiella,bacteria,Unclassified,Unclassified,778,9.40e-38,1,0,1,none,0,no,100.0,Complete,AF-A0AAE7H5P6-F1,89.8,26,未知,0.503,CRKP/PA/AB 临床重点菌,0.7752
OM971649_16,holin,Klebsiella,bacteria,Slopekvirus,Straboviridae,213,6.40e-54,1,0,0,none,2,yes,92.77,High-quality,,,,膜成孔（内溶素协同，推断）,1.0,CRKP/PA/AB 临床重点菌,0.775
OR138016_71,holin,Klebsiella,bacteria,Slopekvirus,Straboviridae,216,6.40e-54,1,0,0,none,2,yes,91.93,High-quality,,,,膜成孔（内溶素协同，推断）,1.0,CRKP/PA/AB 临床重点菌,0.775
OM971648_13,holin,Klebsiella,bacteria,Slopekvirus,Straboviridae,107,6.40e-54,1,0,0,none,0,yes,95.62,High-quality,,,,膜成孔（内溶素协同，推断）,1.0,CRKP/PA/AB 临床重点菌,0.775
NC_055768_1,holin,Klebsiella,bacteria,Jiaodavirus,Straboviridae,88,9.70e-70,1,0,0,none,2,yes,90.09,High-quality,,,,膜成孔（内溶素协同，推断）,1.0,CRKP/PA/AB 临床重点菌,0.775
OR532895_40,depolymerase,Klebsiella,bacteria,Unclassified,Unclassified,778,9.40e-38,1,0,1,none,0,no,94.65,High-quality,AF-A0AAE7H5P6-F1,89.8,26,未知,0.499,CRKP/PA/AB 临床重点菌,0.7745
PV357747_91,holin,Klebsiella,bacteria,Unclassified,Unclassified,219,9.70e-70,1,0,0,none,2,yes,100.0,Complete,,,,膜成孔（内溶素协同，推断）,0.397,CRKP/PA/AB 临床重点菌,0.7745
OR359401_245,holin,Klebsiella,bacteria,Jiaodavirus,Straboviridae,219,9.70e-70,1,0,0,none,2,yes,93.31,High-quality,,,,膜成孔（内溶素协同，推断）,0.397,CRKP/PA/AB 临床重点菌,0.7745
MZ398245_24,depolymerase,Klebsiella,bacteria,Przondovirus,Autotranscriptaviridae,778,9.40e-38,1,0,1,none,0,no,96.21,High-quality,AF-A0AAE7H5P6-F1,89.8,26,未知,0.497,CRKP/PA/AB 临床重点菌,0.7742
OR532903_41,depolymerase,Klebsiella,bacteria,Unclassified,Unclassified,778,9.40e-38,1,0,1,none,0,no,94.9,High-quality,AF-A0AAE7H5P6-F1,89.8,26,未知,0.497,CRKP/PA/AB 临床重点菌,0.7742
NC_015250_248,holin,Acinetobacter,bacteria,Centumtrigintavirus,Straboviridae,226,3.10e-62,1,0,0,none,1,yes,80.16,Medium-quality,,,,膜成孔（内溶素协同，推断）,0.393,CRKP/PA/AB 临床重点菌,0.774
NC_055768_266,holin,Klebsiella,bacteria,Jiaodavirus,Straboviridae,130,9.70e-70,1,0,0,none,0,yes,90.09,High-quality,,,,膜成孔（内溶素协同，推断）,0.391,CRKP/PA/AB 临床重点菌,0.7737
PV784032_236,holin,Klebsiella,bacteria,Jiaodavirus,Straboviridae,219,9.70e-70,1,0,0,none,2,yes,93.0,High-quality,,,,膜成孔（内溶素协同，推断）,0.39,CRKP/PA/AB 临床重点菌,0.7735
MN101229_69,holin,Klebsiella,bacteria,Jiaodavirus,Straboviridae,219,9.70e-70,1,0,0,none,2,yes,88.09,Medium-quality,,,,膜成孔（内溶素协同，推断）,0.39,CRKP/PA/AB 临床重点菌,0.7735
PP723049_85,holin,Klebsiella,bacteria,Jiaodavirus,Straboviridae,219,9.70e-70,1,0,0,none,2,yes,94.05,High-quality,,,,膜成孔（内溶素协同，推断）,0.39,CRKP/PA/AB 临床重点菌,0.7735
PQ368522_245,holin,Klebsiella,bacteria,Unclassified,Unclassified,219,9.70e-70,1,0,0,none,2,yes,91.67,High-quality,,,,膜成孔（内溶素协同，推断）,0.39,CRKP/PA/AB 临床重点菌,0.7735
PP723047_83,holin,Klebsiella,bacteria,Jiaodavirus,Straboviridae,219,9.70e-70,1,0,0,none,2,yes,92.16,High-quality,,,,膜成孔（内溶素协同，推断）,0.39,CRKP/PA/AB 临床重点菌,0.7735
OQ721914_254,holin,Klebsiella,bacteria,Jiaodavirus,Straboviridae,219,9.70e-70,1,0,0,none,2,yes,92.96,High-quality,,,,膜成孔（内溶素协同，推断）,0.39,CRKP/PA/AB 临床重点菌,0.7735
PP738792_96,holin,Klebsiella,bacteria,Unclassified,Unclassified,219,9.70e-70,1,0,0,none,2,yes,92.3,High-quality,,,,膜成孔（内溶素协同，推断）,0.39,CRKP/PA/AB 临床重点菌,0.7735
PV702341_66,holin,Klebsiella,bacteria,Unclassified,Unclassified,219,9.70e-70,1,0,0,none,2,yes,91.78,High-quality,,,,膜成孔（内溶素协同，推断）,0.39,CRKP/PA/AB 临床重点菌,0.7735
NC_031095_206,holin,Klebsiella,bacteria,Jiaodavirus,Straboviridae,219,9.70e-70,1,0,0,none,2,yes,93.42,High-quality,,,,膜成孔（内溶素协同，推断）,0.39,CRKP/PA/AB 临床重点菌,0.7735
OM337876_247,holin,Klebsiella,bacteria,Jiaodavirus,Straboviridae,219,9.70e-70,1,0,0,none,2,yes,92.24,High-quality,,,,膜成孔（内溶素协同，推断）,0.39,CRKP/PA/AB 临床重点菌,0.7735
PV357745_11,holin,Klebsiella,bacteria,Unclassified,Unclassified,219,9.70e-70,1,0,0,none,2,yes,100.0,Complete,,,,膜成孔（内溶素协同，推断）,0.39,CRKP/PA/AB 临床重点菌,0.7735
PP738764_97,holin,Klebsiella,bacteria,Unclassified,Unclassified,219,9.70e-70,1,0,0,none,2,yes,91.64,High-quality,,,,膜成孔（内溶素协同，推断）,0.39,CRKP/PA/AB 临床重点菌,0.7735
PV402692_188,holin,Klebsiella,bacteria,Unclassified,Unclassified,219,9.70e-70,1,0,0,none,2,yes,90.65,High-quality,,,,膜成孔（内溶素协同，推断）,0.39,CRKP/PA/AB 临床重点菌,0.7735
OR354876_248,holin,Klebsiella,bacteria,Jiaodavirus,Straboviridae,219,9.70e-70,1,0,0,none,2,yes,89.72,Medium-quality,,,,膜成孔（内溶素协同，推断）,0.39,CRKP/PA/AB 临床重点菌,0.7735
NC_031087_255,holin,Klebsiella,bacteria,Jiaodavirus,Straboviridae,219,9.70e-70,1,0,0,none,2,yes,93.0,High-quality,,,,膜成孔（内溶素协同，推断）,0.39,CRKP/PA/AB 临床重点菌,0.7735
PP889501_42,depolymerase,Klebsiella,bacteria,Unclassified,Unclassified,778,9.40e-38,1,0,1,none,0,no,94.47,High-quality,AF-A0AAE7H5P6-F1,89.8,26,未知,0.489,CRKP/PA/AB 临床重点菌,0.7731
ON148529_42,depolymerase,Klebsiella,bacteria,Przondovirus,Autotranscriptaviridae,778,9.40e-38,1,0,1,none,0,no,100.0,Complete,AF-A0AAE7H5P6-F1,89.8,26,未知,0.489,CRKP/PA/AB 临床重点菌,0.7731
NC_111672_40,depolymerase,Klebsiella,bacteria,Przondovirus,Autotranscriptaviridae,870,4.10e-47,2,1,2,none,0,no,100.0,Complete,AF-A0AAE7H4S0-F1,88.7,31,未知,0.499,CRKP/PA/AB 临床重点菌,0.7729
NC_013647_42,depolymerase,Klebsiella,bacteria,Przondovirus,Autotranscriptaviridae,870,1.20e-58,2,1,2,none,0,no,96.06,High-quality,AF-A0AAE7H4S0-F1,88.7,31,未知,0.499,CRKP/PA/AB 临床重点菌,0.7729
NC_047771_41,depolymerase,Klebsiella,bacteria,Przondovirus,Autotranscriptaviridae,778,9.40e-38,1,0,1,none,0,no,100.0,Complete,AF-A0AAE7H5P6-F1,89.8,26,未知,0.487,CRKP/PA/AB 临床重点菌,0.7728
PP889502_39,depolymerase,Klebsiella,bacteria,Unclassified,Unclassified,778,9.40e-38,1,0,1,none,0,no,94.46,High-quality,AF-A0AAE7H5P6-F1,89.8,26,未知,0.487,CRKP/PA/AB 临床重点菌,0.7728
PP738760_94,holin,Klebsiella,bacteria,Unclassified,Unclassified,219,9.70e-70,1,0,0,none,2,yes,90.85,High-quality,,,,膜成孔（内溶素协同，推断）,0.384,CRKP/PA/AB 临床重点菌,0.7726
MT701588_23,holin,Klebsiella,bacteria,Jiaodavirus,Straboviridae,219,9.70e-70,1,0,0,none,2,yes,94.9,High-quality,,,,膜成孔（内溶素协同，推断）,0.384,CRKP/PA/AB 临床重点菌,0.7726
OP331213_256,holin,Klebsiella,bacteria,Jiaodavirus,Straboviridae,219,9.70e-70,1,0,0,none,2,yes,91.72,High-quality,,,,膜成孔（内溶素协同，推断）,0.384,CRKP/PA/AB 临床重点菌,0.7726
PQ657822_247,holin,Klebsiella,bacteria,Unclassified,Unclassified,219,9.70e-70,1,0,0,none,2,yes,92.58,High-quality,,,,膜成孔（内溶素协同，推断）,0.384,CRKP/PA/AB 临床重点菌,0.7726
OL870318_247,holin,Klebsiella,bacteria,Jiaodavirus,Straboviridae,219,9.70e-70,1,0,0,none,2,yes,94.35,High-quality,,,,膜成孔（内溶素协同，推断）,0.384,CRKP/PA/AB 临床重点菌,0.7726
PX557717_259,holin,Klebsiella,bacteria,Jiaodavirus,Straboviridae,219,9.70e-70,1,0,0,none,2,yes,92.88,High-quality,,,,膜成孔（内溶素协同，推断）,0.384,CRKP/PA/AB 临床重点菌,0.7726
OM337877_252,holin,Klebsiella,bacteria,Jiaodavirus,Straboviridae,219,9.70e-70,1,0,0,none,2,yes,92.09,High-quality,,,,膜成孔（内溶素协同，推断）,0.384,CRKP/PA/AB 临床重点菌,0.7726
MW239157_20,holin,Klebsiella,bacteria,Jiaodavirus,Straboviridae,208,9.70e-70,1,0,0,none,2,yes,91.82,High-quality,,,,膜成孔（内溶素协同，推断）,0.384,CRKP/PA/AB 临床重点菌,0.7726
PX550018_179,holin,Klebsiella,bacteria,Unclassified,Unclassified,219,9.70e-70,1,0,0,none,2,yes,92.74,High-quality,,,,膜成孔（内溶素协同，推断）,0.384,CRKP/PA/AB 临床重点菌,0.7726
PP442064_62,holin,Klebsiella,bacteria,Unclassified,Unclassified,219,9.70e-70,1,0,0,none,2,yes,92.69,High-quality,,,,膜成孔（内溶素协同，推断）,0.384,CRKP/PA/AB 临床重点菌,0.7726
LR877331_143,holin,Klebsiella,bacteria,Jiaodavirus,Straboviridae,219,9.70e-70,1,0,0,none,2,yes,100.0,Complete,,,,膜成孔（内溶素协同，推断）,0.384,CRKP/PA/AB 临床重点菌,0.7726
PQ182780_133,holin,Klebsiella,bacteria,Unclassified,Unclassified,219,9.70e-70,1,0,0,none,2,yes,100.0,Complete,,,,膜成孔（内溶素协同，推断）,0.384,CRKP/PA/AB 临床重点菌,0.7726
OP617748_172,holin,Klebsiella,bacteria,Jiaodavirus,Straboviridae,219,9.70e-70,1,0,0,none,2,yes,92.52,High-quality,,,,膜成孔（内溶素协同，推断）,0.384,CRKP/PA/AB 临床重点菌,0.7726
PQ858442_40,depolymerase,Klebsiella,bacteria,Przondovirus,Autotranscriptaviridae,778,9.40e-38,1,0,1,none,0,no,95.29,High-quality,AF-A0AAE7H5P6-F1,89.8,26,未知,0.485,CRKP/PA/AB 临床重点菌,0.7724
PV755962_8,depolymerase,Klebsiella,bacteria,Unclassified,Unclassified,778,9.40e-38,1,0,1,none,0,no,91.95,High-quality,AF-A0AAE7H5P6-F1,89.8,26,未知,0.485,CRKP/PA/AB 临床重点菌,0.7724
OX335390_40,depolymerase,Klebsiella,bacteria,Przondovirus,Autotranscriptaviridae,778,9.40e-38,1,0,1,none,0,no,100.0,Complete,AF-A0AAE7H5P6-F1,89.8,26,未知,0.485,CRKP/PA/AB 临床重点菌,0.7724
NC_047969_43,depolymerase,Klebsiella,bacteria,Przondovirus,Autotranscriptaviridae,778,9.40e-38,1,0,1,none,0,no,100.0,Complete,AF-A0AAE7H5P6-F1,89.8,26,未知,0.485,CRKP/PA/AB 临床重点菌,0.7724
PX577203_39,depolymerase,Klebsiella,bacteria,Unclassified,Unclassified,870,1.20e-58,2,1,2,none,0,no,100.0,Complete,AF-A0AAE7H4S0-F1,88.7,31,未知,0.495,CRKP/PA/AB 临床重点菌,0.7723
PP926511_45,depolymerase,Klebsiella,bacteria,Unclassified,Unclassified,514,9.40e-38,0,0,1,none,0,no,94.45,High-quality,AF-A0AAE7H5P6-F1,89.8,26,未知,0.483,CRKP/PA/AB 临床重点菌,0.7722
OR532842_37,depolymerase,Klebsiella,bacteria,Unclassified,Unclassified,778,9.40e-38,1,0,1,none,0,no,94.09,High-quality,AF-A0AAE7H5P6-F1,89.8,26,未知,0.483,CRKP/PA/AB 临床重点菌,0.7722
OR639934_47,depolymerase,Klebsiella,bacteria,Przondovirus,Autotranscriptaviridae,778,9.40e-38,1,0,1,none,0,no,100.0,Complete,AF-A0AAE7H5P6-F1,89.8,26,未知,0.483,CRKP/PA/AB 临床重点菌,0.7722
NC_047968_43,depolymerase,Klebsiella,bacteria,Przondovirus,Autotranscriptaviridae,778,9.40e-38,1,0,1,none,0,no,100.0,Complete,AF-A0AAE7H5P6-F1,89.8,26,未知,0.483,CRKP/PA/AB 临床重点菌,0.7722
PX694414.1_40,depolymerase,Klebsiella,bacteria,Przondovirus,Autotranscriptaviridae,778,9.40e-38,1,0,1,none,0,no,100.0,Complete,AF-A0AAE7H5P6-F1,89.8,26,未知,0.483,CRKP/PA/AB 临床重点菌,0.7722
MT425185_45,depolymerase,Klebsiella,bacteria,Przondovirus,Autotranscriptaviridae,778,9.40e-38,1,0,1,none,0,no,100.0,Complete,AF-A0AAE7H5P6-F1,89.8,26,未知,0.483,CRKP/PA/AB 临床重点菌,0.7722
PP738779_35,depolymerase,Klebsiella,bacteria,Unclassified,Unclassified,778,9.40e-38,1,0,1,none,0,no,94.2,High-quality,AF-A0AAE7H5P6-F1,89.8,26,未知,0.483,CRKP/PA/AB 临床重点菌,0.7722
PX974331.1_2,depolymerase,Klebsiella,bacteria,Unclassified,Unclassified,778,9.40e-38,1,0,1,none,0,no,95.67,High-quality,AF-A0AAE7H5P6-F1,89.8,26,未知,0.483,CRKP/PA/AB 临床重点菌,0.7722
PX694420.1_41,depolymerase,Klebsiella,bacteria,Przondovirus,Autotranscriptaviridae,778,9.40e-38,1,0,1,none,0,no,100.0,Complete,AF-A0AAE7H5P6-F1,89.8,26,未知,0.481,CRKP/PA/AB 临床重点菌,0.7719
PV112475_1,depolymerase,Salmonella,bacteria,Unclassified,Unclassified,289,1.20e-139,2,0,1,"CAZy(tailspike,class待定)",0,no,100.0,Complete,AF-A0A5W5JDH1-F1,93.6,29,荚膜多糖（推断）,0.343,其他革兰阴性/细菌,0.7718
PQ663821_42,depolymerase,Klebsiella,bacteria,Unclassified,Unclassified,829,8.40e-37,2,0,1,"CAZy(tailspike,class待定)",1,no,94.07,High-quality,AF-A0A423A248-F1,76.9,38,荚膜多糖（推断）,0.103,CRKP/PA/AB 临床重点菌,0.7708
OY978834_43,depolymerase,Klebsiella,bacteria,Przondovirus,Autotranscriptaviridae,428,9.40e-38,,,,none,0,no,95.08,High-quality,AF-A0AAE7H5P6-F1,89.8,26,未知,0.474,CRKP/PA/AB 临床重点菌,0.7708
NC_111671_38,depolymerase,Klebsiella,bacteria,Przondovirus,Autotranscriptaviridae,870,4.10e-47,2,1,2,none,0,no,100.0,Complete,AF-A0AAE7H4S0-F1,88.7,31,未知,0.484,CRKP/PA/AB 临床重点菌,0.7707
PQ571300_45,depolymerase,Klebsiella,bacteria,Unclassified,Unclassified,772,4.00e-28,2,0,1,PL4,0,no,100.0,Complete,,,,荚膜多糖（推断）,0.365,CRKP/PA/AB 临床重点菌,0.7698
NC_049428_42,depolymerase,Salmonella,bacteria,Kuttervirus,Ackermannviridae,709,1.20e-139,2,0,1,"CAZy(tailspike,class待定)",0,no,97.45,High-quality,AF-A0A706LZH8-F1,94.4,33,荚膜多糖（推断）,0.32,其他革兰阴性/细菌,0.7696
NC_048798_252,holin,Klebsiella,bacteria,Marfavirus,Unclassified,219,1.00e-70,1,0,0,none,2,yes,93.59,High-quality,,,,膜成孔（内溶素协同，推断）,0.364,CRKP/PA/AB 临床重点菌,0.7696
PV037725_445,lysin,Pseudomonas,bacteria,Unclassified,Unclassified,2323,1.60e-288,1,0,1,GH23,0,yes,99.61,High-quality,,,,肽聚糖（推断）,0.464,CRKP/PA/AB 临床重点菌,0.7696
NC_010821_275,lysin,Pseudomonas,bacteria,Serwervirus,Chimalliviridae,2338,4.30e-290,1,0,1,GH23,0,yes,99.6,High-quality,,,,肽聚糖（推断）,0.455,CRKP/PA/AB 临床重点菌,0.7682
PV112478_191,depolymerase,Klebsiella,bacteria,Unclassified,Unclassified,1305,1.20e-59,1,1,0,none,0,yes,100.0,Complete,AF-A0A7M2LW34-F1,79.4,79,未知,0.543,CRKP/PA/AB 临床重点菌,0.7655
PX833360.1_20,depolymerase,Klebsiella,bacteria,Unclassified,Unclassified,759,3.40e-36,1,0,1,PL4,0,no,91.49,High-quality,,,,荚膜多糖（推断）,0.331,CRKP/PA/AB 临床重点菌,0.7647
OR532879_21,depolymerase,Klebsiella,bacteria,Unclassified,Unclassified,759,3.40e-36,1,0,1,PL4,0,no,91.87,High-quality,,,,荚膜多糖（推断）,0.329,CRKP/PA/AB 临床重点菌,0.7643
PP973870_54,depolymerase,Klebsiella,bacteria,Webervirus,Drexlerviridae,759,3.40e-36,1,0,1,PL4,0,no,91.5,High-quality,,,,荚膜多糖（推断）,0.329,CRKP/PA/AB 临床重点菌,0.7643
OR532836_20,depolymerase,Klebsiella,bacteria,Unclassified,Unclassified,759,3.40e-36,1,0,1,PL4,0,no,90.17,High-quality,,,,荚膜多糖（推断）,0.329,CRKP/PA/AB 临床重点菌,0.7643
PX833362.1_22,depolymerase,Klebsiella,bacteria,Unclassified,Unclassified,857,5.40e-32,1,0,1,PL4,0,no,92.6,High-quality,,,,荚膜多糖（推断）,0.329,CRKP/PA/AB 临床重点菌,0.7643
PX833359.1_20,depolymerase,Klebsiella,bacteria,Unclassified,Unclassified,759,3.40e-36,1,0,1,PL4,0,no,89.4,Medium-quality,,,,荚膜多糖（推断）,0.328,CRKP/PA/AB 临床重点菌,0.7642
PX833377.1_21,depolymerase,Klebsiella,bacteria,Unclassified,Unclassified,759,3.40e-36,1,0,1,PL4,0,no,92.33,High-quality,,,,荚膜多糖（推断）,0.328,CRKP/PA/AB 临床重点菌,0.7642
OR532873_20,depolymerase,Klebsiella,bacteria,Unclassified,Unclassified,759,3.40e-36,1,0,1,PL4,0,no,91.33,High-quality,,,,荚膜多糖（推断）,0.328,CRKP/PA/AB 临床重点菌,0.7642
PP533474_199,depolymerase,Salmonella,bacteria,Kuttervirus,Ackermannviridae,699,4.90e-140,2,0,1,"CAZy(tailspike,class待定)",0,no,95.96,High-quality,AF-A0A5V3UY86-F1,95.9,36,荚膜多糖（推断）,0.269,其他革兰阴性/细菌,0.7642
OQ359884_174,depolymerase,Salmonella,bacteria,Kuttervirus,Ackermannviridae,699,4.90e-140,2,0,1,"CAZy(tailspike,class待定)",0,no,95.63,High-quality,AF-A0A5V3UY86-F1,95.9,36,荚膜多糖（推断）,0.264,其他革兰阴性/细菌,0.7634
ON169963_115,depolymerase,Salmonella,bacteria,Kuttervirus,Ackermannviridae,699,4.90e-140,2,0,1,"CAZy(tailspike,class待定)",0,no,94.74,High-quality,AF-A0A5V3UY86-F1,95.9,36,荚膜多糖（推断）,0.264,其他革兰阴性/细菌,0.7634
MW021754_204,depolymerase,Salmonella,bacteria,Kuttervirus,Ackermannviridae,699,4.90e-140,2,0,1,"CAZy(tailspike,class待定)",0,no,95.52,High-quality,AF-A0A5V3UY86-F1,95.9,36,荚膜多糖（推断）,0.264,其他革兰阴性/细菌,0.7634
OR122688_1,depolymerase,Salmonella,bacteria,Kuttervirus,Ackermannviridae,699,4.90e-140,2,0,1,"CAZy(tailspike,class待定)",0,no,95.88,High-quality,AF-A0A5V3UY86-F1,95.9,36,荚膜多糖（推断）,0.263,其他革兰阴性/细菌,0.7633
NC_049507_6,depolymerase,Salmonella,bacteria,Kuttervirus,Ackermannviridae,699,4.90e-140,2,0,1,"CAZy(tailspike,class待定)",0,no,95.96,High-quality,AF-A0A5V3UY86-F1,95.9,36,荚膜多糖（推断）,0.263,其他革兰阴性/细菌,0.7633
OR532861_22,depolymerase,Klebsiella,bacteria,Unclassified,Unclassified,759,3.40e-36,1,0,1,PL4,0,no,92.21,High-quality,,,,荚膜多糖（推断）,0.319,CRKP/PA/AB 临床重点菌,0.7629
MW021757_124,depolymerase,Salmonella,bacteria,Kuttervirus,Ackermannviridae,699,4.90e-140,2,0,1,"CAZy(tailspike,class待定)",0,no,95.25,High-quality,AF-A0A5V3UY86-F1,95.9,36,荚膜多糖（推断）,0.26,其他革兰阴性/细菌,0.7629
OQ622254_42,lysin,Pseudomonas,bacteria,Gundecimvirus,Autotranscriptaviridae,1350,2.60e-212,1,1,1,GH23,0,no,100.0,High-quality,AF-A0A1H7ARN7-F1,64.2,98,肽聚糖（推断）,0.277,CRKP/PA/AB 临床重点菌,0.7629
NC_049495_134,depolymerase,Salmonella,bacteria,Kuttervirus,Ackermannviridae,699,4.90e-140,2,0,1,"CAZy(tailspike,class待定)",0,no,100.0,Complete,AF-A0A5V3UY86-F1,95.9,36,荚膜多糖（推断）,0.259,其他革兰阴性/细菌,0.7627
NC_047780_42,depolymerase,Klebsiella,bacteria,Przondovirus,Autotranscriptaviridae,1243,3.20e-25,2,2,0,none,0,no,94.99,High-quality,AF-A0A7M2LW34-F1,79.4,79,未知,0.52,CRKP/PA/AB 临床重点菌,0.7621
NC_054639_63,depolymerase,Salmonella,bacteria,Skatevirus,Unclassified,677,1.20e-139,2,0,1,"CAZy(tailspike,class待定)",0,no,84.7,Medium-quality,AF-A0A706LZH8-F1,94.4,33,荚膜多糖（推断）,0.269,其他革兰阴性/细菌,0.762
NC_047782_45,depolymerase,Klebsiella,bacteria,Przondovirus,Autotranscriptaviridae,1243,3.20e-25,2,2,0,none,0,no,95.9,High-quality,AF-A0A7M2LW34-F1,79.4,79,未知,0.519,CRKP/PA/AB 临床重点菌,0.762
PV838179_35,depolymerase,Klebsiella,bacteria,Przondovirus,Autotranscriptaviridae,1243,3.20e-25,2,2,0,none,0,no,100.0,Complete,AF-A0A7M2LW34-F1,79.4,79,未知,0.518,CRKP/PA/AB 临床重点菌,0.7618
OY978798_46,depolymerase,Klebsiella,bacteria,Przondovirus,Autotranscriptaviridae,1243,3.20e-25,2,2,0,none,0,no,94.13,High-quality,AF-A0A7M2LW34-F1,79.4,79,未知,0.518,CRKP/PA/AB 临床重点菌,0.7618
NC_047781_47,depolymerase,Klebsiella,bacteria,Przondovirus,Autotranscriptaviridae,1243,3.20e-25,2,2,0,none,0,no,95.47,High-quality,AF-A0A7M2LW34-F1,79.4,79,未知,0.517,CRKP/PA/AB 临床重点菌,0.7617
PP856729_68,depolymerase,Salmonella,bacteria,Kuttervirus,Ackermannviridae,699,4.90e-140,2,0,1,"CAZy(tailspike,class待定)",0,no,100.0,Complete,AF-A0A5V3UY86-F1,95.9,36,荚膜多糖（推断）,0.252,其他革兰阴性/细菌,0.7616
OR939735_4,depolymerase,Salmonella,bacteria,Skatevirus,Unclassified,677,1.20e-139,2,0,1,"CAZy(tailspike,class待定)",0,no,100.0,Complete,AF-A0A706LZH8-F1,94.4,33,荚膜多糖（推断）,0.267,其他革兰阴性/细菌,0.7616
OR921208_19,depolymerase,Salmonella,bacteria,Skatevirus,Unclassified,677,1.20e-139,2,0,1,"CAZy(tailspike,class待定)",0,no,83.92,Medium-quality,AF-A0A706LZH8-F1,94.4,33,荚膜多糖（推断）,0.266,其他革兰阴性/细菌,0.7615
OQ921101_38,depolymerase,Klebsiella,bacteria,Przondovirus,Autotranscriptaviridae,1243,3.20e-25,2,2,0,none,0,no,88.69,Medium-quality,AF-A0A7M2LW34-F1,79.4,79,未知,0.514,CRKP/PA/AB 临床重点菌,0.7612
PV620261_37,lysin,Pseudomonas,bacteria,Warsawvirus,Autotranscriptaviridae,1372,7.90e-193,1,1,1,GH23,0,no,92.88,High-quality,AF-A0A1E4UYT0-F1,67.0,81,肽聚糖（推断）,0.237,CRKP/PA/AB 临床重点菌,0.7611
NC_054890_40,lysin,Pseudomonas,bacteria,Warsawvirus,Autotranscriptaviridae,1372,7.90e-193,1,1,1,GH23,0,no,100.0,Complete,AF-A0A1E4UYT0-F1,67.0,81,肽聚糖（推断）,0.235,CRKP/PA/AB 临床重点菌,0.7608
PX673947.1_38,lysin,Pseudomonas,bacteria,Unclassified,Unclassified,1372,7.90e-193,1,1,1,GH23,0,no,88.15,Medium-quality,AF-A0A1E4UYT0-F1,67.0,81,肽聚糖（推断）,0.233,CRKP/PA/AB 临床重点菌,0.7605
OP991882_203,depolymerase,Salmonella,bacteria,Kuttervirus,Ackermannviridae,709,1.20e-139,2,0,1,"CAZy(tailspike,class待定)",0,no,95.3,High-quality,AF-A0A706LZH8-F1,94.4,33,荚膜多糖（推断）,0.256,其他革兰阴性/细菌,0.76
OR729889_201,depolymerase,Salmonella,bacteria,Kuttervirus,Ackermannviridae,710,1.20e-139,2,0,1,"CAZy(tailspike,class待定)",0,no,100.0,Complete,AF-A0A706LZH8-F1,94.4,33,荚膜多糖（推断）,0.254,其他革兰阴性/细菌,0.7597
OP828573_112,depolymerase,Salmonella,bacteria,Kuttervirus,Ackermannviridae,709,1.20e-139,2,0,1,"CAZy(tailspike,class待定)",0,no,100.0,Complete,AF-A0A706LZH8-F1,94.4,33,荚膜多糖（推断）,0.254,其他革兰阴性/细菌,0.7597
PV636258.1_11,depolymerase,Escherichia,bacteria,Unclassified,Unclassified,709,1.20e-139,2,0,1,"CAZy(tailspike,class待定)",0,no,100.0,Complete,AF-A0A706LZH8-F1,94.4,33,荚膜多糖（推断）,0.254,其他革兰阴性/细菌,0.7597
NC_049378_96,depolymerase,Salmonella,bacteria,Kuttervirus,Ackermannviridae,613,1.20e-139,2,0,1,"CAZy(tailspike,class待定)",0,no,95.26,High-quality,AF-A0A706LZH8-F1,94.4,33,荚膜多糖（推断）,0.252,其他革兰阴性/细菌,0.7594
OQ455241.1_81,depolymerase,Salmonella,bacteria,Unclassified,Unclassified,709,1.20e-139,2,0,1,"CAZy(tailspike,class待定)",0,no,94.84,High-quality,AF-A0A706LZH8-F1,94.4,33,荚膜多糖（推断）,0.252,其他革兰阴性/细菌,0.7594
NC_031128_114,depolymerase,Salmonella,bacteria,Kuttervirus,Ackermannviridae,709,1.20e-139,2,0,1,"CAZy(tailspike,class待定)",0,no,95.66,High-quality,AF-A0A706LZH8-F1,94.4,33,荚膜多糖（推断）,0.252,其他革兰阴性/细菌,0.7594
NC_024122_130,depolymerase,Salmonella,bacteria,Kuttervirus,Ackermannviridae,709,1.20e-139,2,0,1,"CAZy(tailspike,class待定)",0,no,97.61,High-quality,AF-A0A706LZH8-F1,94.4,33,荚膜多糖（推断）,0.252,其他革兰阴性/细菌,0.7594
NC_049433_177,depolymerase,Escherichia,bacteria,Kuttervirus,Ackermannviridae,709,1.20e-139,2,0,1,"CAZy(tailspike,class待定)",0,no,100.0,Complete,AF-A0A706LZH8-F1,94.4,33,荚膜多糖（推断）,0.252,其他革兰阴性/细菌,0.7594
MH523359_134,depolymerase,Salmonella,bacteria,Kuttervirus,Ackermannviridae,709,1.20e-139,2,0,1,"CAZy(tailspike,class待定)",0,no,100.0,Complete,AF-A0A706LZH8-F1,94.4,33,荚膜多糖（推断）,0.252,其他革兰阴性/细菌,0.7594
OP978318_173,depolymerase,Salmonella,bacteria,Kuttervirus,Ackermannviridae,709,1.20e-139,2,0,1,"CAZy(tailspike,class待定)",0,no,100.0,Complete,AF-A0A706LZH8-F1,94.4,33,荚膜多糖（推断）,0.251,其他革兰阴性/细菌,0.7592
PP994976_140,depolymerase,Salmonella,bacteria,Kuttervirus,Ackermannviridae,709,1.20e-139,2,0,1,"CAZy(tailspike,class待定)",0,no,100.0,Complete,AF-A0A706LZH8-F1,94.4,33,荚膜多糖（推断）,0.251,其他革兰阴性/细菌,0.7592
NC_021782_67,depolymerase,Salmonella,bacteria,Ithacavirus,Schitoviridae,710,1.20e-139,2,0,1,"CAZy(tailspike,class待定)",0,no,100.0,Complete,AF-A0A706LZH8-F1,94.4,33,荚膜多糖（推断）,0.251,其他革兰阴性/细菌,0.7592
NC_049506_7,depolymerase,Salmonella,bacteria,Kuttervirus,Ackermannviridae,699,4.90e-140,2,0,1,"CAZy(tailspike,class待定)",0,no,95.64,High-quality,AF-A0A5V3UY86-F1,95.9,36,荚膜多糖（推断）,0.225,其他革兰阴性/细菌,0.7576
ON169962_118,depolymerase,Salmonella,bacteria,Kuttervirus,Ackermannviridae,699,4.90e-140,2,0,1,"CAZy(tailspike,class待定)",0,no,96.26,High-quality,AF-A0A5V3UY86-F1,95.9,36,荚膜多糖（推断）,0.219,其他革兰阴性/细菌,0.7567
PP856728_8,depolymerase,Salmonella,bacteria,Kuttervirus,Ackermannviridae,699,4.90e-140,2,0,1,"CAZy(tailspike,class待定)",0,no,100.0,Complete,AF-A0A5V3UY86-F1,95.9,36,荚膜多糖（推断）,0.219,其他革兰阴性/细菌,0.7567
PX104388_191,depolymerase,Salmonella,bacteria,Unclassified,Unclassified,699,4.90e-140,2,0,1,"CAZy(tailspike,class待定)",0,no,96.15,High-quality,AF-A0A5V3UY86-F1,95.9,36,荚膜多糖（推断）,0.219,其他革兰阴性/细菌,0.7567
MN871500_162,lysin,Salmonella,bacteria,Kuttervirus,Ackermannviridae,265,2.10e-20,2,0,1,CBM(class);GH(class),0,yes,95.51,High-quality,AF-A0A560V4H1-F1,95.6,15,肽聚糖（推断）,0.513,其他革兰阴性/细菌,0.7565
NC_049439_55,depolymerase,Salmonella,bacteria,Kuttervirus,Ackermannviridae,699,4.90e-140,2,0,1,"CAZy(tailspike,class待定)",0,no,95.43,High-quality,AF-A0A5V3UY86-F1,95.9,36,荚膜多糖（推断）,0.217,其他革兰阴性/细菌,0.7564
OR532797_42,depolymerase,Klebsiella,bacteria,Unclassified,Unclassified,772,4.00e-28,2,0,1,PL4,0,no,94.43,High-quality,,,,荚膜多糖（推断）,0.275,CRKP/PA/AB 临床重点菌,0.7562
NC_049512_106,depolymerase,Salmonella,bacteria,Kuttervirus,Ackermannviridae,1025,4.90e-140,2,0,1,"CAZy(tailspike,class待定)",0,no,92.64,High-quality,AF-A0A5V3UY86-F1,95.9,36,荚膜多糖（推断）,0.216,其他革兰阴性/细菌,0.7562
OR710291_116,depolymerase,Salmonella,bacteria,Kuttervirus,Ackermannviridae,1025,4.90e-140,2,0,1,"CAZy(tailspike,class待定)",0,no,94.52,High-quality,AF-A0A5V3UY86-F1,95.9,36,荚膜多糖（推断）,0.215,其他革兰阴性/细菌,0.7561
NC_022768_38,depolymerase,Salmonella,bacteria,Kuttervirus,Ackermannviridae,699,4.90e-140,2,0,1,"CAZy(tailspike,class待定)",0,no,93.66,High-quality,AF-A0A5V3UY86-F1,95.9,36,荚膜多糖（推断）,0.215,其他革兰阴性/细菌,0.7561
MT974436_173,depolymerase,Salmonella,bacteria,Kuttervirus,Ackermannviridae,699,4.90e-140,2,0,1,"CAZy(tailspike,class待定)",0,no,94.24,High-quality,AF-A0A5V3UY86-F1,95.9,36,荚膜多糖（推断）,0.215,其他革兰阴性/细菌,0.7561
MW021753_40,depolymerase,Salmonella,bacteria,Kuttervirus,Ackermannviridae,699,4.90e-140,2,0,1,"CAZy(tailspike,class待定)",0,no,95.05,High-quality,AF-A0A5V3UY86-F1,95.9,36,荚膜多糖（推断）,0.214,其他革兰阴性/细菌,0.756
MH688040_40,depolymerase,Salmonella,bacteria,Kuttervirus,Ackermannviridae,699,4.90e-140,2,0,1,"CAZy(tailspike,class待定)",0,no,95.0,High-quality,AF-A0A5V3UY86-F1,95.9,36,荚膜多糖（推断）,0.214,其他革兰阴性/细菌,0.756
NC_042061_131,depolymerase,Salmonella,bacteria,Kuttervirus,Ackermannviridae,699,4.90e-140,2,0,1,"CAZy(tailspike,class待定)",0,no,95.24,High-quality,AF-A0A5V3UY86-F1,95.9,36,荚膜多糖（推断）,0.214,其他革兰阴性/细菌,0.756
MN066127_40,depolymerase,Salmonella,bacteria,Kuttervirus,Ackermannviridae,699,4.90e-140,2,0,1,"CAZy(tailspike,class待定)",0,no,95.32,High-quality,AF-A0A5V3UY86-F1,95.9,36,荚膜多糖（推断）,0.214,其他革兰阴性/细菌,0.756
NC_022772_39,depolymerase,Salmonella,bacteria,Kuttervirus,Ackermannviridae,699,4.90e-140,2,0,1,"CAZy(tailspike,class待定)",0,no,94.64,High-quality,AF-A0A5V3UY86-F1,95.9,36,荚膜多糖（推断）,0.214,其他革兰阴性/细菌,0.756
OP423032_38,depolymerase,Salmonella,bacteria,Kuttervirus,Ackermannviridae,699,4.90e-140,2,0,1,"CAZy(tailspike,class待定)",0,no,95.24,High-quality,AF-A0A5V3UY86-F1,95.9,36,荚膜多糖（推断）,0.214,其他革兰阴性/细菌,0.756
PQ306799_157,depolymerase,Salmonella,bacteria,Agtrevirus,Ackermannviridae,709,1.20e-139,2,0,1,"CAZy(tailspike,class待定)",0,no,92.15,High-quality,AF-A0A706LZH8-F1,94.4,33,荚膜多糖（推断）,0.229,其他革兰阴性/细菌,0.756
NC_049378_1,lysin,Salmonella,bacteria,Kuttervirus,Ackermannviridae,151,2.10e-20,2,0,1,CBM(class);GH(class),0,no,95.26,High-quality,AF-A0A0H3HQH6-F1,95.5,18,肽聚糖（推断）,0.51,其他革兰阴性/细菌,0.7559
OR242317_2,depolymerase,Salmonella,bacteria,Kuttervirus,Ackermannviridae,709,1.20e-139,2,0,1,"CAZy(tailspike,class待定)",0,no,96.25,High-quality,AF-A0A706LZH8-F1,94.4,33,荚膜多糖（推断）,0.228,其他革兰阴性/细菌,0.7558
PQ465216_33,depolymerase,Salmonella,bacteria,Skatevirus,Unclassified,677,1.20e-139,2,0,1,"CAZy(tailspike,class待定)",0,no,85.42,Medium-quality,AF-A0A706LZH8-F1,94.4,33,荚膜多糖（推断）,0.228,其他革兰阴性/细菌,0.7558
OR287806_42,depolymerase,Klebsiella,bacteria,Przondovirus,Autotranscriptaviridae,772,4.00e-28,2,0,1,PL4,0,no,100.0,Complete,,,,荚膜多糖（推断）,0.271,CRKP/PA/AB 临床重点菌,0.7557
OR863362_185,depolymerase,Salmonella,bacteria,Kuttervirus,Ackermannviridae,699,4.90e-140,2,0,1,"CAZy(tailspike,class待定)",0,no,100.0,Complete,AF-A0A5V3UY86-F1,95.9,36,荚膜多糖（推断）,0.212,其他革兰阴性/细菌,0.7557
MN871503_7,depolymerase,Salmonella,bacteria,Skatevirus,Unclassified,676,1.20e-139,2,0,1,"CAZy(tailspike,class待定)",0,no,72.6,Medium-quality,AF-A0A706LZH8-F1,94.4,33,荚膜多糖（推断）,0.226,其他革兰阴性/细菌,0.7555
PZ069137.1_64,depolymerase,Salmonella,bacteria,Unclassified,Unclassified,676,1.20e-139,2,0,1,"CAZy(tailspike,class待定)",0,no,86.67,Medium-quality,AF-A0A706LZH8-F1,94.4,33,荚膜多糖（推断）,0.226,其他革兰阴性/细菌,0.7555
MW388005_61,lysin,Salmonella,bacteria,Kuttervirus,Ackermannviridae,153,2.10e-20,2,0,1,CBM(class);GH(class),0,no,90.46,High-quality,AF-A0A0H3HQH6-F1,95.5,18,肽聚糖（推断）,0.507,其他革兰阴性/细菌,0.7555
LR811967_85,lysin,Salmonella,bacteria,Kuttervirus,Ackermannviridae,265,2.10e-20,2,0,1,CBM(class);GH(class),0,yes,96.22,High-quality,AF-A0A1G5MZ44-F1,93.8,22,肽聚糖（推断）,0.521,其他革兰阴性/细菌,0.755
ON004963_11,depolymerase,Klebsiella,bacteria,Efbeekayvirus,Schitoviridae,755,2.70e-61,,,,none,0,no,100.0,Complete,AF-A0ABD7NLF8-F1,88.3,44,未知,0.383,CRKP/PA/AB 临床重点菌,0.7549
PX282428_81,lysin,Escherichia,bacteria,Unclassified,Unclassified,265,2.10e-20,2,0,1,CBM(class);GH(class),0,no,95.7,High-quality,AF-A0A396RYG3-F1,95.4,18,肽聚糖（推断）,0.504,其他革兰阴性/细菌,0.7549
OP978318_87,lysin,Salmonella,bacteria,Kuttervirus,Ackermannviridae,265,2.10e-20,2,0,1,CBM(class);GH(class),0,no,100.0,Complete,AF-A0A396RYG3-F1,95.4,18,肽聚糖（推断）,0.504,其他革兰阴性/细菌,0.7549
OQ455241.1_197,lysin,Salmonella,bacteria,Unclassified,Unclassified,265,2.10e-20,2,0,1,CBM(class);GH(class),0,no,94.84,High-quality,AF-A0A1G5MZ44-F1,93.8,22,肽聚糖（推断）,0.517,其他革兰阴性/细菌,0.7544
OR924452_6,lysin,Escherichia,bacteria,Kuttervirus,Ackermannviridae,265,2.10e-20,2,0,1,CBM(class);GH(class),0,yes,95.29,High-quality,AF-A0A1G5MZ44-F1,93.8,22,肽聚糖（推断）,0.517,其他革兰阴性/细菌,0.7544
PP856726_88,lysin,Salmonella,bacteria,Kuttervirus,Ackermannviridae,265,2.10e-20,2,0,1,CBM(class);GH(class),0,no,95.98,High-quality,AF-A0A1G5MZ44-F1,93.8,22,肽聚糖（推断）,0.517,其他革兰阴性/细菌,0.7544
PP706106_159,lysin,Salmonella,bacteria,Kuttervirus,Ackermannviridae,265,2.10e-20,2,0,1,CBM(class);GH(class),0,no,95.77,High-quality,AF-A0A1G5MZ44-F1,93.8,22,肽聚糖（推断）,0.517,其他革兰阴性/细菌,0.7544
MN066127_125,lysin,Salmonella,bacteria,Kuttervirus,Ackermannviridae,265,2.10e-20,2,0,1,CBM(class);GH(class),0,no,95.32,High-quality,AF-A0A1G5MZ44-F1,93.8,22,肽聚糖（推断）,0.517,其他革兰阴性/细菌,0.7544
NC_029042_164,lysin,Salmonella,bacteria,Kuttervirus,Ackermannviridae,264,2.10e-20,2,0,1,CBM(class);GH(class),0,no,95.08,High-quality,AF-A0A1G5MZ44-F1,93.8,22,肽聚糖（推断）,0.517,其他革兰阴性/细菌,0.7544
NC_049506_99,lysin,Salmonella,bacteria,Kuttervirus,Ackermannviridae,265,2.10e-20,2,0,1,CBM(class);GH(class),0,no,95.64,High-quality,AF-A0A1G5MZ44-F1,93.8,22,肽聚糖（推断）,0.513,其他革兰阴性/细菌,0.7538
NC_049428_132,lysin,Salmonella,bacteria,Kuttervirus,Ackermannviridae,265,2.10e-20,2,0,1,CBM(class);GH(class),0,no,97.45,High-quality,AF-A0A1G5MZ44-F1,93.8,22,肽聚糖（推断）,0.513,其他革兰阴性/细菌,0.7538
PP588724_99,lysin,Salmonella,bacteria,Unclassified,Ackermannviridae,265,2.10e-20,2,0,1,CBM(class);GH(class),0,no,94.99,High-quality,AF-A0A1G5MZ44-F1,93.8,22,肽聚糖（推断）,0.513,其他革兰阴性/细菌,0.7538
OR710291_4,lysin,Salmonella,bacteria,Kuttervirus,Ackermannviridae,265,2.10e-20,2,0,1,CBM(class);GH(class),0,yes,94.52,High-quality,AF-A0A1G5MZ44-F1,93.8,22,肽聚糖（推断）,0.513,其他革兰阴性/细菌,0.7538
ON169963_204,lysin,Salmonella,bacteria,Kuttervirus,Ackermannviridae,265,2.10e-20,2,0,1,CBM(class);GH(class),0,yes,94.74,High-quality,AF-A0A1G5MZ44-F1,93.8,22,肽聚糖（推断）,0.513,其他革兰阴性/细菌,0.7538
PP994976_55,lysin,Salmonella,bacteria,Kuttervirus,Ackermannviridae,265,2.10e-20,2,0,1,CBM(class);GH(class),0,no,100.0,Complete,AF-A0A1G5MZ44-F1,93.8,22,肽聚糖（推断）,0.513,其他革兰阴性/细菌,0.7538
OQ660437_134,lysin,Salmonella,bacteria,Kuttervirus,Ackermannviridae,265,2.10e-20,2,0,1,CBM(class);GH(class),0,no,100.0,Complete,AF-A0A1G5MZ44-F1,93.8,22,肽聚糖（推断）,0.513,其他革兰阴性/细菌,0.7538
PP047754_188,lysin,Escherichia,bacteria,Kuttervirus,Ackermannviridae,265,2.10e-20,2,0,1,CBM(class);GH(class),0,no,94.52,High-quality,AF-A0A1G5MZ44-F1,93.8,22,肽聚糖（推断）,0.513,其他革兰阴性/细菌,0.7538
NC_049433_59,lysin,Escherichia,bacteria,Kuttervirus,Ackermannviridae,265,2.10e-20,2,0,1,CBM(class);GH(class),0,yes,100.0,Complete,AF-A0A1G5MZ44-F1,93.8,22,肽聚糖（推断）,0.513,其他革兰阴性/细菌,0.7538
OL964753_123,lysin,Salmonella,bacteria,Unclassified,Ackermannviridae,265,2.10e-20,2,0,1,CBM(class);GH(class),0,no,73.99,Medium-quality,AF-A0A1G5MZ44-F1,93.8,22,肽聚糖（推断）,0.513,其他革兰阴性/细菌,0.7538
PP856729_156,lysin,Salmonella,bacteria,Kuttervirus,Ackermannviridae,265,2.10e-20,2,0,1,CBM(class);GH(class),0,no,100.0,Complete,AF-A0A1G5MZ44-F1,93.8,22,肽聚糖（推断）,0.513,其他革兰阴性/细菌,0.7538
NC_023856_42,lysin,Salmonella,bacteria,Kuttervirus,Ackermannviridae,265,2.10e-20,2,0,1,CBM(class);GH(class),0,no,92.29,High-quality,AF-A0A1G5MZ44-F1,93.8,22,肽聚糖（推断）,0.513,其他革兰阴性/细菌,0.7538
NC_049505_96,lysin,Salmonella,bacteria,Kuttervirus,Ackermannviridae,265,2.10e-20,2,0,1,CBM(class);GH(class),0,no,95.49,High-quality,AF-A0A1G5MZ44-F1,93.8,22,肽聚糖（推断）,0.513,其他革兰阴性/细菌,0.7538
MK380014_37,lysin,Klebsiella,bacteria,Ulipvirus,Autosignataviridae,982,1.80e-227,1,0,1,GH24,0,no,100.0,Complete,,,,肽聚糖（推断）,0.357,CRKP/PA/AB 临床重点菌,0.7536
OX335382_39,lysin,Klebsiella,bacteria,Ulipvirus,Autosignataviridae,982,1.80e-227,1,0,1,GH24,0,no,100.0,Complete,,,,肽聚糖（推断）,0.357,CRKP/PA/AB 临床重点菌,0.7536
OM103159_39,lysin,Klebsiella,bacteria,Unclassified,Autosignataviridae,982,1.80e-227,1,0,1,GH24,0,no,90.52,High-quality,,,,肽聚糖（推断）,0.357,CRKP/PA/AB 临床重点菌,0.7536
MN342150_91,lysin,Escherichia,bacteria,Kuttervirus,Ackermannviridae,265,2.10e-20,2,0,1,CBM(class);GH(class),0,no,96.02,High-quality,AF-A0A0U4P2R7-F1,93.8,17,肽聚糖（推断）,0.51,其他革兰阴性/细菌,0.7534
OP413828_16,lysin,Klebsiella,bacteria,Ulipvirus,Autosignataviridae,982,1.80e-227,1,0,1,GH24,0,no,89.26,Medium-quality,,,,肽聚糖（推断）,0.351,CRKP/PA/AB 临床重点菌,0.7527
PV369459_44,lysin,Klebsiella,bacteria,Unclassified,Autosignataviridae,982,1.80e-227,1,0,1,GH24,0,no,100.0,Complete,,,,肽聚糖（推断）,0.351,CRKP/PA/AB 临床重点菌,0.7527
PV588653_63,lysin,Klebsiella,bacteria,Unclassified,Unclassified,80,9.90e-16,1,0,0,GH(class),0,yes,41.29,Low-quality,AF-A0A9Q4IRT2-F1,92.6,5,肽聚糖（推断）,0.456,CRKP/PA/AB 临床重点菌,0.7523
NC_054643_85,depolymerase,Salmonella,bacteria,Skatevirus,Unclassified,454,1.20e-139,2,0,1,"CAZy(tailspike,class待定)",0,no,80.09,Medium-quality,AF-A0A706LZH8-F1,94.4,33,荚膜多糖（推断）,0.204,其他革兰阴性/细菌,0.7522
PQ570679_38,lysin,Klebsiella,bacteria,Unclassified,Unclassified,982,1.80e-227,1,0,1,GH24,0,no,100.0,Complete,,,,肽聚糖（推断）,0.345,CRKP/PA/AB 临床重点菌,0.7518
MZ398244_32,lysin,Klebsiella,bacteria,Ulipvirus,Autosignataviridae,982,1.80e-227,1,0,1,GH24,0,no,92.37,High-quality,,,,肽聚糖（推断）,0.345,CRKP/PA/AB 临床重点菌,0.7518
PV625053_7,lysin,Klebsiella,bacteria,Ulipvirus,Autosignataviridae,982,1.80e-227,1,0,1,GH24,0,no,92.9,High-quality,,,,肽聚糖（推断）,0.345,CRKP/PA/AB 临床重点菌,0.7518
OZ240615_354,depolymerase,Klebsiella,bacteria,Unclassified,Unclassified,1314,2.50e-74,1,1,0,none,0,yes,99.24,High-quality,AF-A0A8B4TWT2-F1,74.8,81,未知,0.493,CRKP/PA/AB 临床重点菌,0.7511
OY978837_45,lysin,Klebsiella,bacteria,Ulipvirus,Autosignataviridae,982,1.80e-227,1,0,1,GH24,0,no,91.83,High-quality,,,,肽聚糖（推断）,0.339,CRKP/PA/AB 临床重点菌,0.7509
PX437954_17,lysin,Klebsiella,bacteria,Unclassified,Unclassified,1237,1.80e-35,1,0,1,GH23,1,yes,26.72,Low-quality,,,,肽聚糖（推断）,0.735,CRKP/PA/AB 临床重点菌,0.7502
PP889455_51,depolymerase,Klebsiella,bacteria,Unclassified,Unclassified,1002,2.60e-19,3,1,1,none,0,no,94.88,High-quality,AF-A6TE59-F1,83.8,59,未知,0.503,CRKP/PA/AB 临床重点菌,0.7501
MZ375336_36,depolymerase,Salmonella,bacteria,Skatevirus,Unclassified,593,1.20e-139,2,0,1,"CAZy(tailspike,class待定)",1,no,73.38,Medium-quality,AF-A0A706LZH8-F1,94.4,33,荚膜多糖（推断）,0.19,其他革兰阴性/细菌,0.7501
MZ375335_37,depolymerase,Salmonella,bacteria,Skatevirus,Unclassified,593,1.20e-139,2,0,1,"CAZy(tailspike,class待定)",1,no,68.31,Medium-quality,AF-A0A706LZH8-F1,94.4,33,荚膜多糖（推断）,0.19,其他革兰阴性/细菌,0.7501
NC_054644_60,depolymerase,Salmonella,bacteria,Skatevirus,Unclassified,676,1.20e-139,2,0,1,"CAZy(tailspike,class待定)",0,no,85.46,Medium-quality,AF-A0A706LZH8-F1,94.4,33,荚膜多糖（推断）,0.189,其他革兰阴性/细菌,0.75
OR885871_41,depolymerase,Escherichia,bacteria,Kuttervirus,Ackermannviridae,1098,2.20e-138,1,0,0,"CAZy(tailspike,class待定)",0,no,100.0,Complete,AF-A0A5Y2SAZ1-F1,86.9,49,荚膜多糖（推断）,0.263,其他革兰阴性/细菌,0.7498
PP889456_51,depolymerase,Klebsiella,bacteria,Unclassified,Unclassified,1002,2.60e-19,3,1,1,none,0,no,94.88,High-quality,AF-A6TE59-F1,83.8,59,未知,0.501,CRKP/PA/AB 临床重点菌,0.7498
PP889454_51,depolymerase,Klebsiella,bacteria,Unclassified,Unclassified,1002,2.60e-19,3,1,1,none,0,no,94.88,High-quality,AF-A6TE59-F1,83.8,59,未知,0.501,CRKP/PA/AB 临床重点菌,0.7498
PP889453_51,depolymerase,Klebsiella,bacteria,Unclassified,Unclassified,1002,2.60e-19,3,1,1,none,0,no,94.88,High-quality,AF-A6TE59-F1,83.8,59,未知,0.501,CRKP/PA/AB 临床重点菌,0.7498
PP706106_45,depolymerase,Salmonella,bacteria,Kuttervirus,Ackermannviridae,699,4.90e-140,2,0,1,"CAZy(tailspike,class待定)",0,no,95.77,High-quality,AF-A0A717WX04-F1,97.5,26,荚膜多糖（推断）,0.155,其他革兰阴性/细菌,0.7495
NC_070650_183,lysin,Klebsiella,bacteria,Eowynvirus,Chimalliviridae,2139,4.80e-39,1,0,1,GH23,1,no,100.0,Complete,,,,肽聚糖（推断）,0.73,CRKP/PA/AB 临床重点菌,0.7495
OQ267695_22,depolymerase,Salmonella,bacteria,Skatevirus,Unclassified,676,1.20e-139,2,0,1,"CAZy(tailspike,class待定)",0,no,82.97,Medium-quality,AF-A0A706LZH8-F1,94.4,33,荚膜多糖（推断）,0.185,其他革兰阴性/细菌,0.7493
OL964751_36,depolymerase,Salmonella,bacteria,Skatevirus,Unclassified,676,1.20e-139,2,0,1,"CAZy(tailspike,class待定)",0,no,78.76,Medium-quality,AF-A0A706LZH8-F1,94.4,33,荚膜多糖（推断）,0.185,其他革兰阴性/细菌,0.7493
NC_054645_9,depolymerase,Salmonella,bacteria,Skatevirus,Unclassified,676,1.20e-139,2,0,1,"CAZy(tailspike,class待定)",0,no,86.32,Medium-quality,AF-A0A706LZH8-F1,94.4,33,荚膜多糖（推断）,0.185,其他革兰阴性/细菌,0.7493
MZ375314_40,depolymerase,Salmonella,bacteria,Skatevirus,Unclassified,676,1.20e-139,2,0,1,"CAZy(tailspike,class待定)",0,no,78.17,Medium-quality,AF-A0A706LZH8-F1,94.4,33,荚膜多糖（推断）,0.184,其他革兰阴性/细菌,0.7492
MZ375329_36,depolymerase,Salmonella,bacteria,Skatevirus,Unclassified,676,1.20e-139,2,0,1,"CAZy(tailspike,class待定)",0,no,69.8,Medium-quality,AF-A0A706LZH8-F1,94.4,33,荚膜多糖（推断）,0.184,其他革兰阴性/细菌,0.7492
MZ375312_38,depolymerase,Salmonella,bacteria,Skatevirus,Unclassified,676,1.20e-139,2,0,1,"CAZy(tailspike,class待定)",0,no,76.1,Medium-quality,AF-A0A706LZH8-F1,94.4,33,荚膜多糖（推断）,0.184,其他革兰阴性/细菌,0.7492
OL964744_37,depolymerase,Salmonella,bacteria,Skatevirus,Unclassified,676,1.20e-139,2,0,1,"CAZy(tailspike,class待定)",0,no,76.29,Medium-quality,AF-A0A706LZH8-F1,94.4,33,荚膜多糖（推断）,0.184,其他革兰阴性/细菌,0.7492
MZ375311_37,depolymerase,Salmonella,bacteria,Skatevirus,Unclassified,676,1.20e-139,2,0,1,"CAZy(tailspike,class待定)",0,no,74.88,Medium-quality,AF-A0A706LZH8-F1,94.4,33,荚膜多糖（推断）,0.184,其他革兰阴性/细菌,0.7492
PQ126513_12,depolymerase,Salmonella,bacteria,Skatevirus,Unclassified,676,1.20e-139,2,0,1,"CAZy(tailspike,class待定)",0,no,85.37,Medium-quality,AF-A0A706LZH8-F1,94.4,33,荚膜多糖（推断）,0.184,其他革兰阴性/细菌,0.7492
MZ375355_31,depolymerase,Salmonella,bacteria,Skatevirus,Unclassified,676,1.20e-139,2,0,1,"CAZy(tailspike,class待定)",0,no,66.39,Medium-quality,AF-A0A706LZH8-F1,94.4,33,荚膜多糖（推断）,0.184,其他革兰阴性/细菌,0.7492
PX906549.1_9,depolymerase,Salmonella,bacteria,Skatevirus,Unclassified,676,1.20e-139,2,0,1,"CAZy(tailspike,class待定)",0,no,82.65,Medium-quality,AF-A0A706LZH8-F1,94.4,33,荚膜多糖（推断）,0.184,其他革兰阴性/细菌,0.7492
OL964734_38,depolymerase,Salmonella,bacteria,Skatevirus,Unclassified,676,1.20e-139,2,0,1,"CAZy(tailspike,class待定)",0,no,79.24,Medium-quality,AF-A0A706LZH8-F1,94.4,33,荚膜多糖（推断）,0.184,其他革兰阴性/细菌,0.7492
MZ375317_39,depolymerase,Salmonella,bacteria,Skatevirus,Unclassified,676,1.20e-139,2,0,1,"CAZy(tailspike,class待定)",0,no,72.96,Medium-quality,AF-A0A706LZH8-F1,94.4,33,荚膜多糖（推断）,0.184,其他革兰阴性/细菌,0.7492
NC_054646_44,depolymerase,Salmonella,bacteria,Skatevirus,Unclassified,676,1.20e-139,2,0,1,"CAZy(tailspike,class待定)",0,no,86.78,Medium-quality,AF-A0A706LZH8-F1,94.4,33,荚膜多糖（推断）,0.184,其他革兰阴性/细菌,0.7492
MZ375330_35,depolymerase,Salmonella,bacteria,Skatevirus,Unclassified,676,1.20e-139,2,0,1,"CAZy(tailspike,class待定)",0,no,67.9,Medium-quality,AF-A0A706LZH8-F1,94.4,33,荚膜多糖（推断）,0.184,其他革兰阴性/细菌,0.7492
MZ375315_37,depolymerase,Salmonella,bacteria,Skatevirus,Unclassified,676,1.20e-139,2,0,1,"CAZy(tailspike,class待定)",0,no,73.22,Medium-quality,AF-A0A706LZH8-F1,94.4,33,荚膜多糖（推断）,0.184,其他革兰阴性/细菌,0.7492
OR260414_77,depolymerase,Salmonella,bacteria,Unclassified,Unclassified,676,1.20e-139,2,0,1,"CAZy(tailspike,class待定)",0,no,87.62,Medium-quality,AF-A0A706LZH8-F1,94.4,33,荚膜多糖（推断）,0.184,其他革兰阴性/细菌,0.7492
MZ375343_35,depolymerase,Salmonella,bacteria,Skatevirus,Unclassified,676,1.20e-139,2,0,1,"CAZy(tailspike,class待定)",0,no,68.29,Medium-quality,AF-A0A706LZH8-F1,94.4,33,荚膜多糖（推断）,0.182,其他革兰阴性/细菌,0.7489
OL964752_36,depolymerase,Salmonella,bacteria,Skatevirus,Unclassified,676,1.20e-139,2,0,1,"CAZy(tailspike,class待定)",0,no,78.58,Medium-quality,AF-A0A706LZH8-F1,94.4,33,荚膜多糖（推断）,0.182,其他革兰阴性/细菌,0.7489
MZ375333_37,depolymerase,Salmonella,bacteria,Skatevirus,Unclassified,676,1.20e-139,2,0,1,"CAZy(tailspike,class待定)",0,no,69.01,Medium-quality,AF-A0A706LZH8-F1,94.4,33,荚膜多糖（推断）,0.182,其他革兰阴性/细菌,0.7489
MZ375319_36,depolymerase,Salmonella,bacteria,Skatevirus,Unclassified,676,1.20e-139,2,0,1,"CAZy(tailspike,class待定)",0,no,74.15,Medium-quality,AF-A0A706LZH8-F1,94.4,33,荚膜多糖（推断）,0.182,其他革兰阴性/细菌,0.7489
MZ375357_36,depolymerase,Salmonella,bacteria,Kuttervirus,Ackermannviridae,1034,1.20e-139,2,0,1,"CAZy(tailspike,class待定)",0,no,73.45,Medium-quality,AF-A0A706LZH8-F1,94.4,33,荚膜多糖（推断）,0.181,其他革兰阴性/细菌,0.7488
MZ375321_37,depolymerase,Salmonella,bacteria,Skatevirus,Unclassified,561,1.20e-139,2,0,1,"CAZy(tailspike,class待定)",0,no,71.92,Medium-quality,AF-A0A706LZH8-F1,94.4,33,荚膜多糖（推断）,0.181,其他革兰阴性/细菌,0.7488
OY979392_47,depolymerase,Klebsiella,bacteria,Przondovirus,Autotranscriptaviridae,876,2.40e-27,4,0,2,PL(class),0,no,91.06,High-quality,,,,荚膜多糖（推断）,0.224,CRKP/PA/AB 临床重点菌,0.7486
MZ375300_41,depolymerase,Salmonella,bacteria,Skatevirus,Unclassified,558,1.20e-139,2,0,1,"CAZy(tailspike,class待定)",0,no,81.39,Medium-quality,AF-A0A706LZH8-F1,94.4,33,荚膜多糖（推断）,0.18,其他革兰阴性/细菌,0.7486
PZ091928.1_12,depolymerase,Klebsiella,bacteria,Unclassified,Unclassified,819,2.80e-29,2,0,2,GH28,0,no,100.0,Complete,,,,肽聚糖（推断）,0.323,CRKP/PA/AB 临床重点菌,0.7485
PQ803403_29,depolymerase,Klebsiella,bacteria,Przondovirus,Autotranscriptaviridae,819,2.80e-29,2,0,2,GH28,0,no,100.0,Complete,,,,肽聚糖（推断）,0.323,CRKP/PA/AB 临床重点菌,0.7485
MN101218_45,depolymerase,Klebsiella,bacteria,Przondovirus,Autotranscriptaviridae,819,2.80e-29,2,0,3,GH28,0,no,94.93,High-quality,,,,肽聚糖（推断）,0.322,CRKP/PA/AB 临床重点菌,0.7483
MK903728_44,depolymerase,Klebsiella,bacteria,Przondovirus,Autotranscriptaviridae,642,1.30e-20,1,0,0,"CAZy(capsule_depolymerase,class待定)",0,no,100.0,Complete,,,,荚膜多糖（推断）,0.536,CRKP/PA/AB 临床重点菌,0.748
MN101216_9,depolymerase,Klebsiella,bacteria,Przondovirus,Autotranscriptaviridae,819,2.80e-29,2,0,3,GH28,0,no,95.87,High-quality,,,,肽聚糖（推断）,0.319,CRKP/PA/AB 临床重点菌,0.7479
MN052874_40,depolymerase,Klebsiella,bacteria,Przondovirus,Autotranscriptaviridae,819,2.80e-29,2,0,3,GH28,0,no,87.35,Medium-quality,,,,肽聚糖（推断）,0.319,CRKP/PA/AB 临床重点菌,0.7479
MW879341_80,lysin,Erwinia,bacteria,Unclassified,Unclassified,2182,1.30e-51,1,0,1,GH23,3,no,92.71,High-quality,,,,肽聚糖（推断）,0.719,其他革兰阴性/细菌,0.7479
MK795385_7,depolymerase,Klebsiella,bacteria,Przondovirus,Autotranscriptaviridae,646,1.30e-20,1,0,0,"CAZy(capsule_depolymerase,class待定)",0,no,94.85,High-quality,,,,荚膜多糖（推断）,0.534,CRKP/PA/AB 临床重点菌,0.7477
PP889461_39,depolymerase,Klebsiella,bacteria,Unclassified,Unclassified,819,2.80e-29,2,0,2,GH28,0,no,94.93,High-quality,,,,肽聚糖（推断）,0.318,CRKP/PA/AB 临床重点菌,0.7477
OL964738_39,depolymerase,Salmonella,bacteria,Unclassified,Ackermannviridae,1025,4.90e-140,2,0,1,"CAZy(tailspike,class待定)",0,no,84.12,Medium-quality,AF-A0A5V3UY86-F1,95.9,36,荚膜多糖（推断）,0.156,其他革兰阴性/细菌,0.7472
NC_049496_128,depolymerase,Salmonella,bacteria,Kuttervirus,Ackermannviridae,699,4.90e-140,2,0,1,"CAZy(tailspike,class待定)",0,no,100.0,Complete,AF-A0A5V3UY86-F1,95.9,36,荚膜多糖（推断）,0.156,其他革兰阴性/细菌,0.7472
NC_049440_53,depolymerase,Salmonella,bacteria,Kuttervirus,Ackermannviridae,699,4.90e-140,2,0,1,"CAZy(tailspike,class待定)",0,no,100.0,Complete,AF-A0A5V3UY86-F1,95.9,36,荚膜多糖（推断）,0.156,其他革兰阴性/细菌,0.7472
LR811969_207,depolymerase,Salmonella,bacteria,Kuttervirus,Ackermannviridae,699,4.90e-140,2,0,1,"CAZy(tailspike,class待定)",0,no,95.08,High-quality,AF-A0A5V3UY86-F1,95.9,36,荚膜多糖（推断）,0.156,其他革兰阴性/细菌,0.7472
MN871502_1,depolymerase,Salmonella,bacteria,Kuttervirus,Ackermannviridae,699,4.90e-140,2,0,1,"CAZy(tailspike,class待定)",0,no,94.98,High-quality,AF-A0A5V3UY86-F1,95.9,36,荚膜多糖（推断）,0.156,其他革兰阴性/细菌,0.7472
OY979391_40,depolymerase,Klebsiella,bacteria,Przondovirus,Autotranscriptaviridae,819,2.80e-29,2,0,3,GH28,0,no,90.17,High-quality,,,,肽聚糖（推断）,0.315,CRKP/PA/AB 临床重点菌,0.7472
OY977469_45,depolymerase,Klebsiella,bacteria,Przondovirus,Autotranscriptaviridae,793,7.50e-62,2,0,1,PL4,0,no,96.13,High-quality,,,,荚膜多糖（推断）,0.213,CRKP/PA/AB 临床重点菌,0.747
NC_049443_1,depolymerase,Salmonella,bacteria,Kuttervirus,Ackermannviridae,543,4.90e-140,1,0,1,"CAZy(tailspike,class待定)",0,no,93.92,High-quality,AF-A0A5V3UY86-F1,95.9,36,荚膜多糖（推断）,0.154,其他革兰阴性/细菌,0.747
NC_049508_6,depolymerase,Salmonella,bacteria,Kuttervirus,Ackermannviridae,1025,4.90e-140,2,0,1,"CAZy(tailspike,class待定)",0,no,96.18,High-quality,AF-A0A5V3UY86-F1,95.9,36,荚膜多糖（推断）,0.154,其他革兰阴性/细菌,0.747
NC_049504_7,depolymerase,Salmonella,bacteria,Kuttervirus,Ackermannviridae,699,4.90e-140,2,0,1,"CAZy(tailspike,class待定)",0,no,95.11,High-quality,AF-A0A5V3UY86-F1,95.9,36,荚膜多糖（推断）,0.154,其他革兰阴性/细菌,0.747
NC_031045_4,depolymerase,Salmonella,bacteria,Kuttervirus,Ackermannviridae,699,4.90e-140,2,0,1,"CAZy(tailspike,class待定)",0,no,95.44,High-quality,AF-A0A5V3UY86-F1,95.9,36,荚膜多糖（推断）,0.154,其他革兰阴性/细菌,0.747
NC_049497_94,depolymerase,Salmonella,bacteria,Kuttervirus,Ackermannviridae,699,4.90e-140,2,0,1,"CAZy(tailspike,class待定)",0,no,100.0,Complete,AF-A0A5V3UY86-F1,95.9,36,荚膜多糖（推断）,0.154,其他革兰阴性/细菌,0.747
PP588724_16,depolymerase,Salmonella,bacteria,Unclassified,Ackermannviridae,699,4.90e-140,2,0,1,"CAZy(tailspike,class待定)",0,no,94.99,High-quality,AF-A0A5V3UY86-F1,95.9,36,荚膜多糖（推断）,0.154,其他革兰阴性/细菌,0.747
MN871493_107,depolymerase,Salmonella,bacteria,Kuttervirus,Ackermannviridae,699,4.90e-140,2,0,1,"CAZy(tailspike,class待定)",0,no,100.0,Complete,AF-A0A5V3UY86-F1,95.9,36,荚膜多糖（推断）,0.154,其他革兰阴性/细菌,0.747
OK539832_126,depolymerase,Salmonella,bacteria,Kuttervirus,Ackermannviridae,699,4.90e-140,2,0,1,"CAZy(tailspike,class待定)",0,no,95.49,High-quality,AF-A0A5V3UY86-F1,95.9,36,荚膜多糖（推断）,0.154,其他革兰阴性/细菌,0.747
NC_049500_7,depolymerase,Salmonella,bacteria,Kuttervirus,Ackermannviridae,699,4.90e-140,2,0,1,"CAZy(tailspike,class待定)",0,no,87.11,Medium-quality,AF-A0A5V3UY86-F1,95.9,36,荚膜多糖（推断）,0.154,其他革兰阴性/细菌,0.747
PQ569991.1_197,depolymerase,Salmonella,bacteria,Unclassified,Unclassified,699,4.90e-140,2,0,1,"CAZy(tailspike,class待定)",0,no,94.89,High-quality,AF-A0A5V3UY86-F1,95.9,36,荚膜多糖（推断）,0.154,其他革兰阴性/细菌,0.747
MW042788_11,depolymerase,Klebsiella,bacteria,Przondovirus,Autotranscriptaviridae,642,1.30e-20,1,0,0,"CAZy(capsule_depolymerase,class待定)",0,no,100.0,Complete,,,,荚膜多糖（推断）,0.529,CRKP/PA/AB 临床重点菌,0.7469
OL409034_44,depolymerase,Klebsiella,bacteria,Przondovirus,Autotranscriptaviridae,642,1.30e-20,1,0,0,"CAZy(capsule_depolymerase,class待定)",0,no,95.47,High-quality,,,,荚膜多糖（推断）,0.529,CRKP/PA/AB 临床重点菌,0.7469
MT966873_43,depolymerase,Klebsiella,bacteria,Przondovirus,Autotranscriptaviridae,642,1.30e-20,1,0,0,"CAZy(capsule_depolymerase,class待定)",0,no,94.93,High-quality,,,,荚膜多糖（推断）,0.528,CRKP/PA/AB 临床重点菌,0.7468
PZ091928.1_11,depolymerase,Klebsiella,bacteria,Unclassified,Unclassified,641,1.30e-20,1,0,0,"CAZy(capsule_depolymerase,class待定)",0,no,100.0,Complete,,,,荚膜多糖（推断）,0.528,CRKP/PA/AB 临床重点菌,0.7468
OR050820_40,depolymerase,Klebsiella,bacteria,Przondovirus,Autotranscriptaviridae,642,1.30e-20,1,0,0,"CAZy(capsule_depolymerase,class待定)",0,no,100.0,Complete,,,,荚膜多糖（推断）,0.528,CRKP/PA/AB 临床重点菌,0.7468
PQ015378_333,lysin,Pseudomonas,bacteria,Unclassified,Unclassified,2340,2.20e-274,1,0,1,GH23,2,no,99.04,High-quality,,,,肽聚糖（推断）,0.312,CRKP/PA/AB 临床重点菌,0.7468
OQ579025_45,depolymerase,Klebsiella,bacteria,Przondovirus,Autotranscriptaviridae,642,1.30e-20,1,0,0,"CAZy(capsule_depolymerase,class待定)",0,no,100.0,Complete,,,,荚膜多糖（推断）,0.526,CRKP/PA/AB 临床重点菌,0.7465
MW042787_21,depolymerase,Klebsiella,bacteria,Przondovirus,Autotranscriptaviridae,642,1.30e-20,1,0,0,"CAZy(capsule_depolymerase,class待定)",0,no,100.0,Complete,,,,荚膜多糖（推断）,0.526,CRKP/PA/AB 临床重点菌,0.7465
NC_047761_46,depolymerase,Klebsiella,bacteria,Przondovirus,Autotranscriptaviridae,642,1.30e-20,1,0,0,"CAZy(capsule_depolymerase,class待定)",0,no,95.99,High-quality,,,,荚膜多糖（推断）,0.525,CRKP/PA/AB 临床重点菌,0.7463
PV644008_5,depolymerase,Klebsiella,bacteria,Unclassified,Unclassified,642,1.30e-20,1,0,0,"CAZy(capsule_depolymerase,class待定)",0,no,95.78,High-quality,,,,荚膜多糖（推断）,0.522,CRKP/PA/AB 临床重点菌,0.7459
OQ579026_45,depolymerase,Klebsiella,bacteria,Przondovirus,Autotranscriptaviridae,642,1.30e-20,1,0,0,"CAZy(capsule_depolymerase,class待定)",0,no,100.0,Complete,,,,荚膜多糖（推断）,0.521,CRKP/PA/AB 临床重点菌,0.7457
OQ579027_42,depolymerase,Klebsiella,bacteria,Przondovirus,Autotranscriptaviridae,642,1.30e-20,1,0,0,"CAZy(capsule_depolymerase,class待定)",0,no,100.0,Complete,,,,荚膜多糖（推断）,0.521,CRKP/PA/AB 临床重点菌,0.7457
PQ133604_38,depolymerase,Klebsiella,bacteria,Unclassified,Unclassified,642,1.30e-20,1,0,0,"CAZy(capsule_depolymerase,class待定)",0,no,100.0,Complete,,,,荚膜多糖（推断）,0.52,CRKP/PA/AB 临床重点菌,0.7456
OQ579028_44,depolymerase,Klebsiella,bacteria,Przondovirus,Autotranscriptaviridae,642,1.30e-20,1,0,0,"CAZy(capsule_depolymerase,class待定)",0,no,100.0,Complete,,,,荚膜多糖（推断）,0.519,CRKP/PA/AB 临床重点菌,0.7454
NC_092455_41,depolymerase,Klebsiella,bacteria,Przondovirus,Autotranscriptaviridae,642,1.30e-20,1,0,0,"CAZy(capsule_depolymerase,class待定)",0,no,100.0,Complete,,,,荚膜多糖（推断）,0.519,CRKP/PA/AB 临床重点菌,0.7454
OQ579024_42,depolymerase,Klebsiella,bacteria,Przondovirus,Autotranscriptaviridae,642,1.30e-20,1,0,0,"CAZy(capsule_depolymerase,class待定)",0,no,100.0,Complete,,,,荚膜多糖（推断）,0.519,CRKP/PA/AB 临床重点菌,0.7454
OX335378_44,depolymerase,Klebsiella,bacteria,Benllochvirus,Autotranscriptaviridae,623,5.20e-126,2,0,0,"CAZy(tailspike,class待定)",0,no,100.0,Complete,,,,荚膜多糖（推断）,0.201,CRKP/PA/AB 临床重点菌,0.7451
NC_019403_41,lysin,Escherichia,bacteria,Vectrevirus,Autosignataviridae,983,9.70e-81,1,0,1,GH24,0,no,91.42,High-quality,,,,肽聚糖（推断）,0.698,其他革兰阴性/细菌,0.7447
MZ031013_43,lysin,Escherichia,bacteria,Vectrevirus,Autosignataviridae,983,9.70e-81,1,0,1,GH24,0,no,92.76,High-quality,,,,肽聚糖（推断）,0.695,其他革兰阴性/细菌,0.7442
PP541515_9,lysin,Escherichia,bacteria,Unclassified,Unclassified,983,9.70e-81,1,0,1,GH24,0,no,100.0,Complete,,,,肽聚糖（推断）,0.692,其他革兰阴性/细菌,0.7438
NC_047899_42,lysin,Escherichia,bacteria,Vectrevirus,Autosignataviridae,983,9.70e-81,1,0,1,GH24,0,no,100.0,Complete,,,,肽聚糖（推断）,0.692,其他革兰阴性/细菌,0.7438
PQ476011_56,lysin,Escherichia,bacteria,Unclassified,Unclassified,983,9.70e-81,1,0,1,GH24,0,no,94.46,High-quality,,,,肽聚糖（推断）,0.692,其他革兰阴性/细菌,0.7438
PV775410_17,lysin,Escherichia,bacteria,Vectrevirus,Autosignataviridae,983,9.70e-81,1,0,1,GH24,0,no,94.0,High-quality,,,,肽聚糖（推断）,0.692,其他革兰阴性/细菌,0.7438
OR594181_51,lysin,Escherichia,bacteria,Kayfunavirus,Autotranscriptaviridae,983,9.70e-81,1,0,1,GH24,0,no,92.9,High-quality,,,,肽聚糖（推断）,0.692,其他革兰阴性/细菌,0.7438
ON210145_41,lysin,Escherichia,bacteria,Vectrevirus,Autosignataviridae,983,9.70e-81,1,0,1,GH24,0,no,93.01,High-quality,,,,肽聚糖（推断）,0.692,其他革兰阴性/细菌,0.7438
PQ226819.1_40,lysin,Escherichia,bacteria,Unclassified,Unclassified,983,9.70e-81,1,0,1,GH24,0,no,92.78,High-quality,,,,肽聚糖（推断）,0.692,其他革兰阴性/细菌,0.7438
OR256020_32,depolymerase,Klebsiella,bacteria,Webervirus,Drexlerviridae,866,2.60e-21,1,0,0,none,0,no,94.08,High-quality,AF-A0ABD7NLF8-F1,88.3,44,未知,0.593,CRKP/PA/AB 临床重点菌,0.7436
KY435490_14,lysin,Escherichia,bacteria,Vectrevirus,Autosignataviridae,983,9.70e-81,1,0,1,GH24,0,no,100.0,Complete,,,,肽聚糖（推断）,0.691,其他革兰阴性/细菌,0.7436
PX290280_45,lysin,Escherichia,bacteria,Vectrevirus,Autosignataviridae,983,9.70e-81,1,0,1,GH24,0,no,93.19,High-quality,,,,肽聚糖（推断）,0.691,其他革兰阴性/细菌,0.7436
OL362272_52,lysin,Escherichia,bacteria,Vectrevirus,Autosignataviridae,983,9.70e-81,1,0,1,GH24,0,no,92.77,High-quality,,,,肽聚糖（推断）,0.691,其他革兰阴性/细菌,0.7436
OR424384_40,lysin,Escherichia,bacteria,Vectrevirus,Autosignataviridae,983,9.70e-81,1,0,1,GH24,0,no,93.07,High-quality,,,,肽聚糖（推断）,0.691,其他革兰阴性/细菌,0.7436
OR424385_40,lysin,Escherichia,bacteria,Vectrevirus,Autosignataviridae,983,9.70e-81,1,0,1,GH24,0,no,92.78,High-quality,,,,肽聚糖（推断）,0.691,其他革兰阴性/细菌,0.7436
NC_047889_39,lysin,Escherichia,bacteria,Vectrevirus,Autosignataviridae,983,9.70e-81,1,0,1,GH24,0,no,100.0,Complete,,,,肽聚糖（推断）,0.691,其他革兰阴性/细菌,0.7436
ON210144_41,lysin,Escherichia,bacteria,Vectrevirus,Autosignataviridae,983,9.70e-81,1,0,1,GH24,0,no,93.49,High-quality,,,,肽聚糖（推断）,0.691,其他革兰阴性/细菌,0.7436
OL362273_53,lysin,Escherichia,bacteria,Vectrevirus,Autosignataviridae,983,9.70e-81,1,0,1,GH24,0,no,92.54,High-quality,,,,肽聚糖（推断）,0.691,其他革兰阴性/细菌,0.7436
MZ234050_34,lysin,Escherichia,bacteria,Vectrevirus,Autosignataviridae,983,9.70e-81,1,0,1,GH24,0,no,92.71,High-quality,,,,肽聚糖（推断）,0.691,其他革兰阴性/细菌,0.7436
NC_047769_39,lysin,Escherichia,bacteria,Vectrevirus,Autosignataviridae,983,9.70e-81,1,0,1,GH24,0,no,93.19,High-quality,,,,肽聚糖（推断）,0.691,其他革兰阴性/细菌,0.7436
MT496971_15,lysin,Escherichia,bacteria,Vectrevirus,Autosignataviridae,983,9.70e-81,1,0,1,GH24,0,no,100.0,Complete,,,,肽聚糖（推断）,0.69,其他革兰阴性/细菌,0.7435
NC_007637_46,lysin,Escherichia,bacteria,Vectrevirus,Autosignataviridae,983,9.70e-81,1,0,1,GH24,0,no,100.0,Complete,,,,肽聚糖（推断）,0.69,其他革兰阴性/细菌,0.7435
ON185580_40,lysin,Escherichia,bacteria,Vectrevirus,Autosignataviridae,983,9.70e-81,1,0,1,GH24,0,no,92.92,High-quality,,,,肽聚糖（推断）,0.69,其他革兰阴性/细菌,0.7435
MZ997839_44,lysin,Escherichia,bacteria,Vectrevirus,Autosignataviridae,983,9.70e-81,1,0,1,GH24,0,no,93.35,High-quality,,,,肽聚糖（推断）,0.69,其他革兰阴性/细菌,0.7435
MZ997841_44,lysin,Escherichia,bacteria,Vectrevirus,Autosignataviridae,983,9.70e-81,1,0,1,GH24,0,no,95.77,High-quality,,,,肽聚糖（推断）,0.69,其他革兰阴性/细菌,0.7435
PQ476009_55,lysin,Escherichia,bacteria,Unclassified,Unclassified,983,9.70e-81,1,0,1,GH24,0,no,92.56,High-quality,,,,肽聚糖（推断）,0.69,其他革兰阴性/细菌,0.7435
MK373773_44,lysin,Escherichia,bacteria,Vectrevirus,Autosignataviridae,983,9.70e-81,1,0,1,GH24,0,no,100.0,Complete,,,,肽聚糖（推断）,0.69,其他革兰阴性/细菌,0.7435
NC_047806_52,lysin,Escherichia,bacteria,Vectrevirus,Autosignataviridae,983,9.70e-81,1,0,1,GH24,0,no,91.29,High-quality,,,,肽聚糖（推断）,0.689,其他革兰阴性/细菌,0.7433
MZ997840_43,lysin,Escherichia,bacteria,Vectrevirus,Autosignataviridae,983,9.70e-81,1,0,1,GH24,0,no,93.07,High-quality,,,,肽聚糖（推断）,0.689,其他革兰阴性/细菌,0.7433
NC_047807_25,lysin,Escherichia,bacteria,Vectrevirus,Autosignataviridae,983,9.70e-81,1,0,1,GH24,0,no,93.87,High-quality,,,,肽聚糖（推断）,0.689,其他革兰阴性/细菌,0.7433
KY295899_59,lysin,Escherichia,bacteria,Vectrevirus,Autosignataviridae,983,9.70e-81,1,0,1,GH24,0,no,93.81,High-quality,,,,肽聚糖（推断）,0.689,其他革兰阴性/细菌,0.7433
NC_048130_47,depolymerase,Klebsiella,bacteria,Przondovirus,Autotranscriptaviridae,851,1.30e-76,2,0,0,none,0,no,96.09,High-quality,,,,未知,0.688,CRKP/PA/AB 临床重点菌,0.7432
PZ095064.1_39,lysin,Shigella,bacteria,Vectrevirus,Autosignataviridae,983,9.70e-81,1,0,1,GH24,0,no,100.0,Complete,,,,肽聚糖（推断）,0.688,其他革兰阴性/细菌,0.7432
NC_047809_5,lysin,Escherichia,bacteria,Vectrevirus,Autosignataviridae,983,9.70e-81,1,0,1,GH24,0,no,78.54,Medium-quality,,,,肽聚糖（推断）,0.688,其他革兰阴性/细菌,0.7432
OR594179_41,lysin,Escherichia,bacteria,Kayfunavirus,Autotranscriptaviridae,983,9.70e-81,1,0,1,GH24,0,no,93.25,High-quality,,,,肽聚糖（推断）,0.688,其他革兰阴性/细菌,0.7432
PQ433351_30,lysin,Escherichia,bacteria,Vectrevirus,Autosignataviridae,983,9.70e-81,1,0,1,GH24,0,no,92.32,High-quality,,,,肽聚糖（推断）,0.688,其他革兰阴性/细菌,0.7432
OR532883_11,depolymerase,Klebsiella,bacteria,Unclassified,Unclassified,645,2.90e-30,3,0,1,"PL(K1_lyase,family待dbCAN)",0,no,90.88,High-quality,,,,荚膜多糖（推断）,0.187,CRKP/PA/AB 临床重点菌,0.743
NC_008152_38,lysin,Escherichia,bacteria,Vectrevirus,Autosignataviridae,983,9.70e-81,1,0,1,GH24,0,no,100.0,Complete,,,,肽聚糖（推断）,0.685,其他革兰阴性/细菌,0.7428
PV239575_1,lysin,Klebsiella,bacteria,Unclassified,Unclassified,770,9.20e-189,1,0,1,GH24,0,yes,100.0,Complete,,,,肽聚糖（推断）,0.68,CRKP/PA/AB 临床重点菌,0.742
PV112475_82,depolymerase,Salmonella,bacteria,Unclassified,Unclassified,428,1.20e-139,1,0,1,"CAZy(tailspike,class待定)",0,yes,100.0,Complete,AF-A0A706LZH8-F1,94.4,33,荚膜多糖（推断）,0.133,其他革兰阴性/细菌,0.7415
PQ657801_7,depolymerase,Klebsiella,bacteria,Unclassified,Unclassified,645,2.90e-30,3,0,1,"PL(K1_lyase,family待dbCAN)",0,no,92.5,High-quality,,,,荚膜多糖（推断）,0.174,CRKP/PA/AB 临床重点菌,0.7411
OX335441_7,depolymerase,Klebsiella,bacteria,Przondovirus,Autotranscriptaviridae,1017,5.20e-126,2,0,0,"CAZy(tailspike,class待定)",0,no,100.0,Complete,,,,荚膜多糖（推断）,0.171,CRKP/PA/AB 临床重点菌,0.7407
PP357452_6,depolymerase,Klebsiella,bacteria,Przondovirus,Autotranscriptaviridae,1017,5.20e-126,2,0,0,"CAZy(tailspike,class待定)",0,no,90.86,High-quality,,,,荚膜多糖（推断）,0.169,CRKP/PA/AB 临床重点菌,0.7404
OR915848_34,depolymerase,Klebsiella,bacteria,Benllochvirus,Autotranscriptaviridae,1017,5.20e-126,2,0,0,"CAZy(tailspike,class待定)",0,no,90.59,High-quality,,,,荚膜多糖（推断）,0.168,CRKP/PA/AB 临床重点菌,0.7402
NC_061421_311,depolymerase,Klebsiella,bacteria,Maaswegvirus,Chimalliviridae,752,1.60e-28,1,0,0,none,0,no,99.76,High-quality,,,,未知,0.667,CRKP/PA/AB 临床重点菌,0.74
PQ308734_53,depolymerase,Klebsiella,bacteria,Gajwadongvirus,Unclassified,649,2.90e-30,3,0,1,"PL(K1_lyase,family待dbCAN)",0,no,100.0,Complete,,,,荚膜多糖（推断）,0.164,CRKP/PA/AB 临床重点菌,0.7396
PX943615.1_45,depolymerase,Klebsiella,bacteria,Unclassified,Unclassified,649,2.90e-30,3,0,1,"PL(K1_lyase,family待dbCAN)",0,no,87.57,Medium-quality,,,,荚膜多糖（推断）,0.164,CRKP/PA/AB 临床重点菌,0.7396
OR532847_10,depolymerase,Klebsiella,bacteria,Unclassified,Unclassified,649,2.90e-30,3,0,1,"PL(K1_lyase,family待dbCAN)",0,no,90.82,High-quality,,,,荚膜多糖（推断）,0.162,CRKP/PA/AB 临床重点菌,0.7393
PV239576_37,lysin,Klebsiella,bacteria,Unclassified,Unclassified,979,9.20e-189,1,0,1,GH24,0,no,100.0,Complete,,,,肽聚糖（推断）,0.661,CRKP/PA/AB 临床重点菌,0.7391
ON602765_21,lysin,Klebsiella,bacteria,Gansuvirus,Autosignataviridae,979,9.20e-189,1,0,1,GH24,0,no,94.0,High-quality,,,,肽聚糖（推断）,0.659,CRKP/PA/AB 临床重点菌,0.7389
MW394389_44,lysin,Klebsiella,bacteria,Gansuvirus,Autosignataviridae,979,9.20e-189,1,0,1,GH24,0,no,91.18,High-quality,,,,肽聚糖（推断）,0.659,CRKP/PA/AB 临床重点菌,0.7389
PX411090_15,lysin,Klebsiella,bacteria,Unclassified,Autosignataviridae,979,9.20e-189,1,0,1,GH24,0,no,100.0,Complete,,,,肽聚糖（推断）,0.658,CRKP/PA/AB 临床重点菌,0.7387
OK625527_14,lysin,Klebsiella,bacteria,Gansuvirus,Autosignataviridae,979,9.20e-189,1,0,1,GH24,0,no,100.0,Complete,,,,肽聚糖（推断）,0.658,CRKP/PA/AB 临床重点菌,0.7387
MT680615_15,lysin,Proteus,bacteria,Gansuvirus,Autosignataviridae,979,9.20e-189,1,0,1,GH24,0,no,91.79,High-quality,,,,肽聚糖（推断）,0.658,其他革兰阴性/细菌,0.7387
OR924234_5,lysin,Klebsiella,bacteria,Unclassified,Unclassified,979,9.20e-189,1,0,1,GH24,0,no,95.68,High-quality,,,,肽聚糖（推断）,0.658,CRKP/PA/AB 临床重点菌,0.7387
ON148527_40,lysin,Klebsiella,bacteria,Gansuvirus,Autosignataviridae,979,9.20e-189,1,0,1,GH24,0,no,100.0,Complete,,,,肽聚糖（推断）,0.658,CRKP/PA/AB 临床重点菌,0.7387
OY979399_50,lysin,Klebsiella,bacteria,Unclassified,Autosignataviridae,979,9.20e-189,1,0,1,GH24,0,no,96.01,High-quality,,,,肽聚糖（推断）,0.658,CRKP/PA/AB 临床重点菌,0.7387
PP836962_41,lysin,Klebsiella,bacteria,Unclassified,Unclassified,979,9.20e-189,1,0,1,GH24,0,no,100.0,Complete,,,,肽聚糖（推断）,0.658,CRKP/PA/AB 临床重点菌,0.7387
PX670396.1_51,lysin,Klebsiella,bacteria,Unclassified,Unclassified,979,9.20e-189,1,0,1,GH24,0,no,95.16,High-quality,,,,肽聚糖（推断）,0.658,CRKP/PA/AB 临床重点菌,0.7387
OY979414_54,lysin,Klebsiella,bacteria,Gansuvirus,Autosignataviridae,979,9.20e-189,1,0,1,GH24,0,no,95.51,High-quality,,,,肽聚糖（推断）,0.658,CRKP/PA/AB 临床重点菌,0.7387
OL744215_40,lysin,Klebsiella,bacteria,Gansuvirus,Autosignataviridae,979,9.20e-189,1,0,1,GH24,0,no,100.0,Complete,,,,肽聚糖（推断）,0.657,CRKP/PA/AB 临床重点菌,0.7386
OP079918_6,lysin,Klebsiella,bacteria,Gansuvirus,Autosignataviridae,979,9.20e-189,1,0,1,GH24,0,no,92.48,High-quality,,,,肽聚糖（推断）,0.656,CRKP/PA/AB 临床重点菌,0.7384
OP413830_35,lysin,Klebsiella,bacteria,Gansuvirus,Autosignataviridae,979,9.20e-189,1,0,1,GH24,0,no,100.0,Complete,,,,肽聚糖（推断）,0.656,CRKP/PA/AB 临床重点菌,0.7384
OL744218_40,lysin,Klebsiella,bacteria,Gansuvirus,Autosignataviridae,979,9.20e-189,1,0,1,GH24,0,no,95.44,High-quality,,,,肽聚糖（推断）,0.656,CRKP/PA/AB 临床重点菌,0.7384
PV625052_39,lysin,Klebsiella,bacteria,Gansuvirus,Autosignataviridae,979,9.20e-189,1,0,1,GH24,0,no,94.23,High-quality,,,,肽聚糖（推断）,0.656,CRKP/PA/AB 临床重点菌,0.7384
PX694432_51,lysin,Klebsiella,bacteria,Unclassified,Unclassified,979,9.20e-189,1,0,1,GH24,0,no,95.29,High-quality,,,,肽聚糖（推断）,0.655,CRKP/PA/AB 临床重点菌,0.7383
PQ133626_36,lysin,Klebsiella,bacteria,Unclassified,Unclassified,979,9.20e-189,1,0,1,GH24,0,no,100.0,Complete,,,,肽聚糖（推断）,0.655,CRKP/PA/AB 临床重点菌,0.7383
OY976571_48,depolymerase,Klebsiella,bacteria,Przondovirus,Autotranscriptaviridae,764,2.20e-23,1,0,0,none,0,no,95.96,High-quality,AF-A0AAW8XVR7-F1,89.9,37,未知,0.447,CRKP/PA/AB 临床重点菌,0.738
NC_047858_44,lysin,Proteus,bacteria,Acadevirus,Autosignataviridae,984,8.40e-186,1,0,1,GH24,0,no,93.53,High-quality,,,,肽聚糖（推断）,0.653,其他革兰阴性/细菌,0.7379
NC_027390_43,lysin,Proteus,bacteria,Acadevirus,Autosignataviridae,984,8.40e-186,1,0,1,GH24,0,no,94.16,High-quality,,,,肽聚糖（推断）,0.652,其他革兰阴性/细菌,0.7378
NC_028916_41,lysin,Proteus,bacteria,Acadevirus,Autosignataviridae,984,8.40e-186,1,0,1,GH24,0,no,93.62,High-quality,,,,肽聚糖（推断）,0.652,其他革兰阴性/细菌,0.7378
PV654519_3,lysin,Proteus,bacteria,Unclassified,Unclassified,984,8.40e-186,1,0,1,GH24,0,no,100.0,Complete,,,,肽聚糖（推断）,0.651,其他革兰阴性/细菌,0.7376
OQ729742_41,lysin,Proteus,bacteria,Acadevirus,Autosignataviridae,984,8.40e-186,1,0,1,GH24,0,no,90.4,High-quality,,,,肽聚糖（推断）,0.651,其他革兰阴性/细菌,0.7376
NC_027379_43,lysin,Proteus,bacteria,Acadevirus,Autosignataviridae,984,8.40e-186,1,0,1,GH24,0,no,91.24,High-quality,,,,肽聚糖（推断）,0.651,其他革兰阴性/细菌,0.7376
OZ347390_75,holin,Enterobacter,bacteria,Unclassified,Unclassified,216,1.70e-53,1,0,0,none,2,yes,98.05,High-quality,,,,膜成孔（内溶素协同，推断）,0.55,其他革兰阴性/细菌,0.7375
OR798392_39,lysin,Proteus,bacteria,Acadevirus,Autosignataviridae,984,8.40e-186,1,0,1,GH24,0,no,89.11,Medium-quality,,,,肽聚糖（推断）,0.65,其他革兰阴性/细菌,0.7375
PQ666539_271,holin,Shigella,bacteria,Unclassified,Unclassified,219,5.00e-102,1,0,0,none,2,yes,93.39,High-quality,,,,膜成孔（内溶素协同，推断）,0.549,其他革兰阴性/细菌,0.7373
PQ049254_6,depolymerase,Acinetobacter,bacteria,Drulisvirus,Autoscriptoviridae,1013,2.60e-17,3,1,2,none,0,no,93.69,High-quality,AF-A6TE59-F1,83.8,59,未知,0.505,CRKP/PA/AB 临床重点菌,0.737
NC_024794_244,holin,Escherichia,bacteria,Mosigvirus,Straboviridae,220,3.90e-75,1,0,0,none,2,yes,94.32,High-quality,,,,膜成孔（内溶素协同，推断）,0.547,其他革兰阴性/细菌,0.737
MZ501056_81,holin,Escherichia,bacteria,Mosigvirus,Straboviridae,220,3.90e-75,1,0,0,none,2,yes,95.31,High-quality,,,,膜成孔（内溶素协同，推断）,0.547,其他革兰阴性/细菌,0.737
ON528737_182,holin,Shigella,bacteria,Mosigvirus,Straboviridae,220,3.90e-75,1,0,0,none,2,yes,95.29,High-quality,,,,膜成孔（内溶素协同，推断）,0.547,其他革兰阴性/细菌,0.737
PV806175_261,holin,Escherichia,bacteria,Unclassified,Unclassified,220,3.90e-75,1,0,0,none,2,yes,95.54,High-quality,,,,膜成孔（内溶素协同，推断）,0.547,其他革兰阴性/细菌,0.737
KY703222_97,holin,Escherichia,bacteria,Mosigvirus,Straboviridae,220,3.90e-75,1,0,0,none,1,yes,97.8,High-quality,,,,膜成孔（内溶素协同，推断）,0.547,其他革兰阴性/细菌,0.737
MH992122_253,holin,Escherichia,bacteria,Mosigvirus,Straboviridae,220,3.90e-75,1,0,0,none,2,yes,95.42,High-quality,,,,膜成孔（内溶素协同，推断）,0.547,其他革兰阴性/细菌,0.737
NC_025437_251,holin,Shigella,bacteria,Mosigvirus,Straboviridae,220,3.90e-75,1,0,0,none,2,yes,95.53,High-quality,,,,膜成孔（内溶素协同，推断）,0.547,其他革兰阴性/细菌,0.737
OQ363659_185,lysin,Pseudomonas,bacteria,Unclassified,Unclassified,2334,1.50e-297,1,1,1,GH23,2,no,99.47,High-quality,,,,肽聚糖（推断）,0.247,CRKP/PA/AB 临床重点菌,0.737
PV593737_88,holin,Enterobacter,bacteria,Unclassified,Unclassified,216,1.70e-53,1,0,0,none,1,yes,96.35,High-quality,,,,膜成孔（内溶素协同，推断）,0.545,其他革兰阴性/细菌,0.7368
NC_070776_277,holin,Kosakonia,bacteria,Kanagawavirus,Straboviridae,216,1.70e-53,1,0,0,none,1,yes,95.99,High-quality,,,,膜成孔（内溶素协同，推断）,0.545,其他革兰阴性/细菌,0.7368
NC_047920_25,lysin,Citrobacter,bacteria,Rodentiumvirus,Autosignataviridae,981,2.60e-260,1,0,1,GH24,0,no,92.59,High-quality,,,,肽聚糖（推断）,0.644,其他革兰阴性/细菌,0.7366
MK327936_250,holin,Escherichia,bacteria,Tequatrovirus,Straboviridae,220,3.90e-75,1,0,0,none,2,yes,95.26,High-quality,,,,膜成孔（内溶素协同，推断）,0.542,其他革兰阴性/细菌,0.7363
OR287807_54,depolymerase,Klebsiella,bacteria,Drulisvirus,Autoscriptoviridae,203,4.30e-51,1,0,0,"PL(K1_lyase,family待dbCAN)",0,yes,100.0,Complete,,,,荚膜多糖（推断）,0.54,CRKP/PA/AB 临床重点菌,0.736
NC_070777_270,holin,Enterobacter,bacteria,Kanagawavirus,Straboviridae,216,1.70e-53,1,0,0,none,1,yes,95.79,High-quality,,,,膜成孔（内溶素协同，推断）,0.54,其他革兰阴性/细菌,0.736
PP236086_31,holin,Enterobacter,bacteria,Kanagawavirus,Straboviridae,216,1.70e-53,1,0,0,none,1,yes,95.89,High-quality,,,,膜成孔（内溶素协同，推断）,0.54,其他革兰阴性/细菌,0.736
ON189046_42,lysin,Xanthomonas,bacteria,Ghunavirus,Autotranscriptaviridae,1393,1.40e-202,1,0,1,GH23,1,no,93.98,High-quality,AF-A0A1H7ARN7-F1,64.2,98,肽聚糖（推断）,0.497,其他革兰阴性/细菌,0.7359
PQ306468_9,lysin,Salmonella,bacteria,Ghunavirus,Autotranscriptaviridae,1397,6.90e-200,1,1,1,GH23,2,no,95.25,High-quality,AF-A0A1H7ARN7-F1,64.2,98,肽聚糖（推断）,0.495,其他革兰阴性/细菌,0.7355
OQ466432_147,holin,Escherichia,bacteria,Tequatrovirus,Straboviridae,219,5.00e-102,1,0,0,none,2,yes,100.0,Complete,,,,膜成孔（内溶素协同，推断）,0.535,其他革兰阴性/细菌,0.7352
PP566124_38,lysin,Dickeya,bacteria,Ghunavirus,Autotranscriptaviridae,1393,1.40e-202,1,0,1,GH23,1,no,100.0,Complete,AF-A0A1H7ARN7-F1,64.2,98,肽聚糖（推断）,0.493,其他革兰阴性/细菌,0.7352
PQ666542_280,holin,Shigella,bacteria,Unclassified,Unclassified,219,5.00e-102,1,0,0,none,2,yes,93.31,High-quality,,,,膜成孔（内溶素协同，推断）,0.534,其他革兰阴性/细菌,0.7351
OR757453_171,holin,Escherichia,bacteria,Tequatrovirus,Straboviridae,219,5.00e-102,1,0,0,none,2,yes,100.0,Complete,,,,膜成孔（内溶素协同，推断）,0.534,其他革兰阴性/细菌,0.7351
MK047718_185,holin,Escherichia,bacteria,Mosigvirus,Straboviridae,221,1.20e-79,1,0,0,none,1,yes,95.92,High-quality,,,,膜成孔（内溶素协同，推断）,0.534,其他革兰阴性/细菌,0.7351
PZ019085.1_190,holin,Escherichia,bacteria,Unclassified,Unclassified,221,1.20e-79,1,0,0,none,1,yes,95.08,High-quality,,,,膜成孔（内溶素协同，推断）,0.534,其他革兰阴性/细菌,0.7351
PP658200_91,holin,Escherichia,bacteria,Unclassified,Unclassified,221,1.20e-79,1,0,0,none,1,yes,95.36,High-quality,,,,膜成孔（内溶素协同，推断）,0.534,其他革兰阴性/细菌,0.7351
NC_027353_253,holin,Yersinia,bacteria,Tequatrovirus,Straboviridae,220,1.20e-79,1,0,0,none,1,yes,94.39,High-quality,,,,膜成孔（内溶素协同，推断）,0.532,其他革兰阴性/细菌,0.7348
OM982647_207,holin,Escherichia,bacteria,Kagunavirus,Sarkviridae,220,1.20e-79,1,0,0,none,1,yes,96.39,High-quality,,,,膜成孔（内溶素协同，推断）,0.532,其他革兰阴性/细菌,0.7348
MZ868638_20,holin,Escherichia,bacteria,Mosigvirus,Straboviridae,220,1.20e-79,1,0,0,none,1,yes,95.52,High-quality,,,,膜成孔（内溶素协同，推断）,0.532,其他革兰阴性/细菌,0.7348
PZ049694.1_226,holin,Escherichia,bacteria,Unclassified,Unclassified,220,1.20e-79,1,0,0,none,1,yes,95.13,High-quality,,,,膜成孔（内溶素协同，推断）,0.532,其他革兰阴性/细菌,0.7348
MT630408_245,holin,Enterobacteria,bacteria,Tequatrovirus,Straboviridae,220,1.20e-79,1,0,0,none,1,yes,93.11,High-quality,,,,膜成孔（内溶素协同，推断）,0.532,其他革兰阴性/细菌,0.7348
PP434429_251,holin,Escherichia,bacteria,Mosigvirus,Straboviridae,220,1.20e-79,1,0,0,none,1,yes,95.73,High-quality,,,,膜成孔（内溶素协同，推断）,0.532,其他革兰阴性/细菌,0.7348
MZ234053_120,holin,Escherichia,bacteria,Tequatrovirus,Straboviridae,219,5.00e-102,1,0,0,none,2,yes,95.89,High-quality,,,,膜成孔（内溶素协同，推断）,0.531,其他革兰阴性/细菌,0.7347
PQ666541_250,holin,Shigella,bacteria,Unclassified,Unclassified,219,5.00e-102,1,0,0,none,2,yes,93.34,High-quality,,,,膜成孔（内溶素协同，推断）,0.531,其他革兰阴性/细菌,0.7347
NC_028940_271,holin,Pectobacterium,bacteria,Mosugukvirus,Straboviridae,216,3.10e-52,1,0,0,none,1,yes,93.74,High-quality,,,,膜成孔（内溶素协同，推断）,0.53,其他革兰阴性/细菌,0.7345
OR352951_90,holin,Escherichia,bacteria,Tequatrovirus,Straboviridae,219,5.00e-102,1,0,0,none,2,yes,95.89,High-quality,,,,膜成孔（内溶素协同，推断）,0.53,其他革兰阴性/细菌,0.7345
PV654517_207,holin,Escherichia,bacteria,Unclassified,Unclassified,219,5.00e-102,1,0,0,none,2,yes,93.59,High-quality,,,,膜成孔（内溶素协同，推断）,0.53,其他革兰阴性/细菌,0.7345
OZ035850_245,holin,Escherichia,bacteria,Tequatrovirus,Straboviridae,219,5.00e-102,1,0,0,none,2,yes,94.1,High-quality,,,,膜成孔（内溶素协同，推断）,0.53,其他革兰阴性/细菌,0.7345
OZ346230_85,holin,Escherichia,bacteria,Unclassified,Unclassified,219,5.00e-102,1,0,0,none,2,yes,93.74,High-quality,,,,膜成孔（内溶素协同，推断）,0.53,其他革兰阴性/细菌,0.7345
OZ035849_113,holin,Escherichia,bacteria,Tequatrovirus,Straboviridae,219,5.00e-102,1,0,0,none,2,yes,100.0,Complete,,,,膜成孔（内溶素协同，推断）,0.53,其他革兰阴性/细菌,0.7345
PX104379_83,holin,Escherichia,bacteria,Unclassified,Unclassified,219,5.00e-102,1,0,0,none,2,yes,94.81,High-quality,,,,膜成孔（内溶素协同，推断）,0.53,其他革兰阴性/细菌,0.7345
NC_027983_248,holin,Escherichia,bacteria,Tequatrovirus,Straboviridae,219,5.00e-102,1,0,0,none,2,yes,94.61,High-quality,,,,膜成孔（内溶素协同，推断）,0.53,其他革兰阴性/细菌,0.7345
PX596622_85,holin,Citrobacter,bacteria,Tequatrovirus,Straboviridae,219,5.00e-102,1,0,0,none,2,yes,93.51,High-quality,,,,膜成孔（内溶素协同，推断）,0.53,其他革兰阴性/细菌,0.7345
PQ438391_256,holin,Escherichia,bacteria,Unclassified,Unclassified,219,5.00e-102,1,0,0,none,2,yes,100.0,Complete,,,,膜成孔（内溶素协同，推断）,0.53,其他革兰阴性/细菌,0.7345
PV245934_84,holin,Escherichia,bacteria,Tequatrovirus,Straboviridae,219,5.00e-102,1,0,0,none,2,yes,100.0,Complete,,,,膜成孔（内溶素协同，推断）,0.529,其他革兰阴性/细菌,0.7343
PX880102.1_85,holin,Escherichia,bacteria,Unclassified,Unclassified,219,5.00e-102,1,0,0,none,2,yes,94.05,High-quality,,,,膜成孔（内溶素协同，推断）,0.529,其他革兰阴性/细菌,0.7343
NC_054926_251,holin,Escherichia,bacteria,Tequatrovirus,Straboviridae,219,5.00e-102,1,0,0,none,1,yes,95.64,High-quality,,,,膜成孔（内溶素协同，推断）,0.529,其他革兰阴性/细菌,0.7343
PQ642263_251,holin,Escherichia,bacteria,Tequatrovirus,Straboviridae,219,5.00e-102,1,0,0,none,2,yes,96.4,High-quality,,,,膜成孔（内溶素协同，推断）,0.529,其他革兰阴性/细菌,0.7343
MT932213_244,holin,Escherichia,bacteria,Tequatrovirus,Straboviridae,219,5.00e-102,1,0,0,none,2,yes,93.91,High-quality,,,,膜成孔（内溶素协同，推断）,0.529,其他革兰阴性/细菌,0.7343
PQ571308_177,holin,Shigella,bacteria,Unclassified,Unclassified,219,5.00e-102,1,0,0,none,2,yes,94.89,High-quality,,,,膜成孔（内溶素协同，推断）,0.529,其他革兰阴性/细菌,0.7343
PP925831_245,holin,Escherichia,bacteria,Unclassified,Unclassified,219,5.00e-102,1,0,0,none,2,yes,94.89,High-quality,,,,膜成孔（内溶素协同，推断）,0.529,其他革兰阴性/细菌,0.7343
OR532806_192,depolymerase,Klebsiella,bacteria,Unclassified,Unclassified,944,2.70e-250,1,0,1,none,0,no,96.83,High-quality,AF-A0A7T8KVS3-F1,92.0,31,未知,0.207,CRKP/PA/AB 临床重点菌,0.734
PP400789_260,holin,Escherichia,bacteria,Unclassified,Unclassified,219,5.00e-102,1,0,0,none,2,yes,94.35,High-quality,,,,膜成孔（内溶素协同，推断）,0.527,其他革兰阴性/细菌,0.734
ON528735_235,holin,Shigella,bacteria,Tequatrovirus,Straboviridae,219,5.00e-102,1,0,0,none,1,yes,94.01,High-quality,,,,膜成孔（内溶素协同，推断）,0.527,其他革兰阴性/细菌,0.734
OV877085_214,holin,Escherichia,bacteria,Tequatrovirus,Straboviridae,219,5.00e-102,1,0,0,none,1,yes,100.0,Complete,,,,膜成孔（内溶素协同，推断）,0.527,其他革兰阴性/细菌,0.734
PQ100635_17,holin,Escherichia,bacteria,Mosigvirus,Straboviridae,220,1.20e-79,1,0,0,none,1,yes,96.05,High-quality,,,,膜成孔（内溶素协同，推断）,0.527,其他革兰阴性/细菌,0.734
OR544955_248,holin,Escherichia,bacteria,Mosigvirus,Straboviridae,220,1.20e-79,1,0,0,none,1,yes,100.0,Complete,,,,膜成孔（内溶素协同，推断）,0.527,其他革兰阴性/细菌,0.734
OR352940_84,holin,Escherichia,bacteria,Mosigvirus,Straboviridae,220,1.20e-79,1,0,0,none,1,yes,96.02,High-quality,,,,膜成孔（内溶素协同，推断）,0.527,其他革兰阴性/细菌,0.734
PQ480333_20,holin,Escherichia,bacteria,Mosigvirus,Straboviridae,220,1.20e-79,1,0,0,none,1,yes,94.62,High-quality,,,,膜成孔（内溶素协同，推断）,0.527,其他革兰阴性/细菌,0.734
OR844765_268,holin,Escherichia,bacteria,Unclassified,Unclassified,220,1.20e-79,1,0,0,none,1,yes,100.0,Complete,,,,膜成孔（内溶素协同，推断）,0.527,其他革兰阴性/细菌,0.734
OP114733_25,holin,Escherichia,bacteria,Mosigvirus,Straboviridae,220,1.20e-79,1,0,0,none,1,yes,94.85,High-quality,,,,膜成孔（内溶素协同，推断）,0.527,其他革兰阴性/细菌,0.734
PQ416618_189,holin,Escherichia,bacteria,Mosigvirus,Straboviridae,220,1.20e-79,1,0,0,none,1,yes,93.98,High-quality,,,,膜成孔（内溶素协同，推断）,0.527,其他革兰阴性/细菌,0.734
OR352945_86,holin,Escherichia,bacteria,Mosigvirus,Straboviridae,220,1.20e-79,1,0,0,none,1,yes,93.89,High-quality,,,,膜成孔（内溶素协同，推断）,0.527,其他革兰阴性/细菌,0.734
OR352944_86,holin,Escherichia,bacteria,Mosigvirus,Straboviridae,220,1.20e-79,1,0,0,none,1,yes,94.69,High-quality,,,,膜成孔（内溶素协同，推断）,0.527,其他革兰阴性/细菌,0.734
PV660463_82,holin,Escherichia,bacteria,Mosigvirus,Straboviridae,220,1.20e-79,1,0,0,none,1,yes,95.85,High-quality,,,,膜成孔（内溶素协同，推断）,0.527,其他革兰阴性/细菌,0.734
PQ516281_168,holin,Escherichia,bacteria,Unclassified,Unclassified,220,1.20e-79,1,0,0,none,1,yes,94.81,High-quality,,,,膜成孔（内溶素协同，推断）,0.527,其他革兰阴性/细菌,0.734
OR352947_82,holin,Escherichia,bacteria,Mosigvirus,Straboviridae,220,1.20e-79,1,0,0,none,1,yes,95.36,High-quality,,,,膜成孔（内溶素协同，推断）,0.527,其他革兰阴性/细菌,0.734
NC_031090_78,holin,Shigella,bacteria,Mosigvirus,Straboviridae,220,1.20e-79,1,0,0,none,1,yes,95.85,High-quality,,,,膜成孔（内溶素协同，推断）,0.527,其他革兰阴性/细菌,0.734
PV204681_202,holin,Escherichia,bacteria,Unclassified,Straboviridae,220,1.20e-79,1,0,0,none,1,yes,100.0,Complete,,,,膜成孔（内溶素协同，推断）,0.527,其他革兰阴性/细菌,0.734
PP359696_22,holin,Escherichia,bacteria,Tequatrovirus,Straboviridae,220,1.20e-79,1,0,0,none,1,yes,96.69,High-quality,,,,膜成孔（内溶素协同，推断）,0.527,其他革兰阴性/细菌,0.734
PP400777_73,holin,Escherichia,bacteria,Mosigvirus,Straboviridae,220,1.20e-79,1,0,0,none,1,yes,94.25,High-quality,,,,膜成孔（内溶素协同，推断）,0.527,其他革兰阴性/细菌,0.734
NC_024124_22,holin,Escherichia,bacteria,Mosigvirus,Straboviridae,220,1.20e-79,1,0,0,none,1,yes,95.52,High-quality,,,,膜成孔（内溶素协同，推断）,0.527,其他革兰阴性/细菌,0.734
OL615011_83,lysin,Shigella,bacteria,Agtrevirus,Ackermannviridae,265,1.40e-16,2,0,1,CBM(class);GH(class),0,yes,96.02,High-quality,AF-A0A105JLM8-F1,94.7,12,肽聚糖（推断）,0.542,其他革兰阴性/细菌,0.734
MK327937_252,holin,Escherichia,bacteria,Tequatrovirus,Straboviridae,231,5.00e-102,1,0,0,none,2,yes,95.98,High-quality,,,,膜成孔（内溶素协同，推断）,0.525,其他革兰阴性/细菌,0.7338
NC_024125_256,holin,Escherichia,bacteria,Tequatrovirus,Straboviridae,219,5.00e-102,1,0,0,none,2,yes,95.23,High-quality,,,,膜成孔（内溶素协同，推断）,0.525,其他革兰阴性/细菌,0.7338
NC_054916_247,holin,Escherichia,bacteria,Tequatrovirus,Straboviridae,219,5.00e-102,1,0,0,none,2,yes,96.04,High-quality,,,,膜成孔（内溶素协同，推断）,0.525,其他革兰阴性/细菌,0.7338
PQ657784_246,holin,Escherichia,bacteria,Tequatrovirus,Straboviridae,219,5.00e-102,1,0,0,none,2,yes,94.35,High-quality,,,,膜成孔（内溶素协同，推断）,0.525,其他革兰阴性/细菌,0.7338
OR539220_245,holin,Escherichia,bacteria,Tequatrovirus,Straboviridae,219,5.00e-102,1,0,0,none,2,yes,94.25,High-quality,,,,膜成孔（内溶素协同，推断）,0.525,其他革兰阴性/细菌,0.7338
PV658497_242,holin,Escherichia,bacteria,Unclassified,Unclassified,219,5.00e-102,1,0,0,none,2,yes,95.17,High-quality,,,,膜成孔（内溶素协同，推断）,0.525,其他革兰阴性/细菌,0.7338
NC_054924_253,holin,Escherichia,bacteria,Tequatrovirus,Straboviridae,219,5.00e-102,1,0,0,none,2,yes,96.0,High-quality,,,,膜成孔（内溶素协同，推断）,0.525,其他革兰阴性/细菌,0.7338
PP434423_246,holin,Escherichia,bacteria,Tequatrovirus,Straboviridae,219,5.00e-102,1,0,0,none,1,yes,94.55,High-quality,,,,膜成孔（内溶素协同，推断）,0.525,其他革兰阴性/细菌,0.7338
PX104380_87,holin,Escherichia,bacteria,Unclassified,Unclassified,219,5.00e-102,1,0,0,none,2,yes,94.86,High-quality,,,,膜成孔（内溶素协同，推断）,0.525,其他革兰阴性/细菌,0.7338
PV295201_133,holin,Shigella,bacteria,Tequatrovirus,Straboviridae,219,5.00e-102,1,0,0,none,1,yes,96.45,High-quality,,,,膜成孔（内溶素协同，推断）,0.525,其他革兰阴性/细菌,0.7338
OZ317122_252,holin,Escherichia,bacteria,Tequatrovirus,Straboviridae,219,5.00e-102,1,0,0,none,2,yes,96.24,High-quality,,,,膜成孔（内溶素协同，推断）,0.525,其他革兰阴性/细菌,0.7338
OQ223305_114,holin,Escherichia,bacteria,Tequatrovirus,Straboviridae,219,5.00e-102,1,0,0,none,1,yes,100.0,Complete,,,,膜成孔（内溶素协同，推断）,0.525,其他革兰阴性/细菌,0.7338
MZ501065_85,holin,Escherichia,bacteria,Tequatrovirus,Straboviridae,219,5.00e-102,1,0,0,none,2,yes,93.13,High-quality,,,,膜成孔（内溶素协同，推断）,0.525,其他革兰阴性/细菌,0.7338
PQ356294_251,holin,Escherichia,bacteria,Tequatrovirus,Straboviridae,219,5.00e-102,1,0,0,none,1,yes,93.62,High-quality,,,,膜成孔（内溶素协同，推断）,0.525,其他革兰阴性/细菌,0.7338
PQ536907_212,holin,Escherichia,bacteria,Unclassified,Unclassified,219,5.00e-102,1,0,0,none,2,yes,93.26,High-quality,,,,膜成孔（内溶素协同，推断）,0.525,其他革兰阴性/细菌,0.7338
OR995200_84,holin,Escherichia,bacteria,Tequatrovirus,Straboviridae,219,5.00e-102,1,0,0,none,2,yes,94.42,High-quality,,,,膜成孔（内溶素协同，推断）,0.525,其他革兰阴性/细菌,0.7338
NC_054922_248,holin,Escherichia,bacteria,Tequatrovirus,Straboviridae,219,5.00e-102,1,0,0,none,2,yes,93.4,High-quality,,,,膜成孔（内溶素协同，推断）,0.525,其他革兰阴性/细菌,0.7338
PX741047.1_250,holin,Escherichia,bacteria,Unclassified,Unclassified,219,5.00e-102,1,0,0,none,2,yes,94.57,High-quality,,,,膜成孔（内溶素协同，推断）,0.525,其他革兰阴性/细菌,0.7338
MZ726795_247,holin,Escherichia,bacteria,Tequatrovirus,Straboviridae,219,5.00e-102,1,0,0,none,1,yes,94.21,High-quality,,,,膜成孔（内溶素协同，推断）,0.525,其他革兰阴性/细菌,0.7338
NC_055723_248,holin,Yersinia,bacteria,Tequatrovirus,Straboviridae,219,5.00e-102,1,0,0,none,1,yes,94.45,High-quality,,,,膜成孔（内溶素协同，推断）,0.525,其他革兰阴性/细菌,0.7338
PX516694_101,holin,Escherichia,bacteria,Unclassified,Unclassified,219,5.00e-102,1,0,0,none,2,yes,94.96,High-quality,,,,膜成孔（内溶素协同，推断）,0.525,其他革兰阴性/细菌,0.7338
PV857777_183,holin,Escherichia,bacteria,Unclassified,Unclassified,219,5.00e-102,1,0,0,none,2,yes,94.65,High-quality,,,,膜成孔（内溶素协同，推断）,0.525,其他革兰阴性/细菌,0.7338
ON506924_249,holin,Escherichia,bacteria,Tequatrovirus,Straboviridae,219,5.00e-102,1,0,0,none,2,yes,94.39,High-quality,,,,膜成孔（内溶素协同，推断）,0.525,其他革兰阴性/细菌,0.7338
ON782582_100,holin,Escherichia,bacteria,Unclassified,Unclassified,219,5.00e-102,1,0,0,none,2,yes,93.92,High-quality,,,,膜成孔（内溶素协同，推断）,0.525,其他革兰阴性/细菌,0.7338
ON645936_246,holin,Escherichia,bacteria,Tequatrovirus,Straboviridae,219,5.00e-102,1,0,0,none,1,yes,95.77,High-quality,,,,膜成孔（内溶素协同，推断）,0.525,其他革兰阴性/细菌,0.7338
PQ871103_3,holin,Escherichia,bacteria,Unclassified,Unclassified,219,5.00e-102,1,0,0,none,1,yes,96.21,High-quality,,,,膜成孔（内溶素协同，推断）,0.525,其他革兰阴性/细菌,0.7338
NC_054905_17,holin,Enterobacteria,bacteria,Tequatrovirus,Straboviridae,219,5.00e-102,1,0,0,none,1,yes,94.6,High-quality,,,,膜成孔（内溶素协同，推断）,0.525,其他革兰阴性/细菌,0.7338
MZ753803_245,holin,Escherichia,bacteria,Tequatrovirus,Straboviridae,219,5.00e-102,1,0,0,none,2,yes,94.43,High-quality,,,,膜成孔（内溶素协同，推断）,0.525,其他革兰阴性/细菌,0.7338
MG781191_245,holin,Escherichia,bacteria,Tequatrovirus,Straboviridae,219,5.00e-102,1,0,0,none,2,yes,94.38,High-quality,,,,膜成孔（内溶素协同，推断）,0.525,其他革兰阴性/细菌,0.7338
OR769032_87,holin,Escherichia,bacteria,Tequatrovirus,Straboviridae,219,5.00e-102,1,0,0,none,2,yes,95.77,High-quality,,,,膜成孔（内溶素协同，推断）,0.525,其他革兰阴性/细菌,0.7338
NC_054936_148,holin,Salmonella,bacteria,Tequatrovirus,Straboviridae,219,5.00e-102,1,0,0,none,2,yes,95.97,High-quality,,,,膜成孔（内溶素协同，推断）,0.525,其他革兰阴性/细菌,0.7338
NC_027979_249,holin,Enterobacteria,bacteria,Tequatrovirus,Straboviridae,219,5.00e-102,1,0,0,none,2,yes,95.08,High-quality,,,,膜成孔（内溶素协同，推断）,0.525,其他革兰阴性/细菌,0.7338
MK373775_241,holin,Escherichia,bacteria,Mosigvirus,Straboviridae,219,5.00e-102,1,0,0,none,1,yes,92.75,High-quality,,,,膜成孔（内溶素协同，推断）,0.525,其他革兰阴性/细菌,0.7338
NC_054906_250,holin,Enterobacteria,bacteria,Tequatrovirus,Straboviridae,219,5.00e-102,1,0,0,none,2,yes,94.32,High-quality,,,,膜成孔（内溶素协同，推断）,0.525,其他革兰阴性/细菌,0.7338
PX104389_88,holin,Salmonella,bacteria,Unclassified,Unclassified,219,5.00e-102,1,0,0,none,2,yes,95.59,High-quality,,,,膜成孔（内溶素协同，推断）,0.525,其他革兰阴性/细菌,0.7338
MW749000_244,holin,Hafnia,bacteria,Tequatrovirus,Straboviridae,219,5.00e-102,1,0,0,none,2,yes,94.35,High-quality,,,,膜成孔（内溶素协同，推断）,0.525,其他革兰阴性/细菌,0.7338
NC_031047_222,holin,Escherichia,bacteria,Tequatrovirus,Straboviridae,219,5.00e-102,1,0,0,none,2,yes,96.18,High-quality,,,,膜成孔（内溶素协同，推断）,0.525,其他革兰阴性/细菌,0.7338
NC_027404_247,holin,Yersinia,bacteria,Tequatrovirus,Straboviridae,219,5.00e-102,1,0,0,none,1,yes,94.86,High-quality,,,,膜成孔（内溶素协同，推断）,0.525,其他革兰阴性/细菌,0.7338
NC_054907_246,holin,Enterobacteria,bacteria,Tequatrovirus,Straboviridae,219,5.00e-102,1,0,0,none,1,yes,95.3,High-quality,,,,膜成孔（内溶素协同，推断）,0.525,其他革兰阴性/细菌,0.7338
MZ502379_236,holin,Escherichia,bacteria,Tequatrovirus,Straboviridae,219,5.00e-102,1,0,0,none,2,yes,91.56,High-quality,,,,膜成孔（内溶素协同，推断）,0.525,其他革兰阴性/细菌,0.7338
LC805023_43,lysin,Pseudomonas,bacteria,Ghunavirus,Autotranscriptaviridae,1053,6.90e-200,,,,none,2,yes,90.31,High-quality,AF-A0A1H7ARN7-F1,64.2,98,未知,0.483,CRKP/PA/AB 临床重点菌,0.7338
NC_029099_48,depolymerase,Klebsiella,bacteria,Webervirus,Drexlerviridae,884,3.90e-35,1,0,1,none,0,no,92.89,High-quality,,,,未知,0.623,CRKP/PA/AB 临床重点菌,0.7335
NC_019505_247,holin,Escherichia,bacteria,Tequatrovirus,Straboviridae,221,5.00e-102,1,0,0,none,2,yes,94.11,High-quality,,,,膜成孔（内溶素协同，推断）,0.523,其他革兰阴性/细菌,0.7334
NC_023561_272,holin,Enterobacter,bacteria,Karamvirus,Straboviridae,194,2.10e-69,1,0,0,none,3,yes,95.21,High-quality,,,,膜成孔（内溶素协同，推断）,0.523,其他革兰阴性/细菌,0.7334
OM386662_170,holin,Escherichia,bacteria,Mosigvirus,Straboviridae,220,9.40e-79,1,0,0,none,1,yes,91.27,High-quality,,,,膜成孔（内溶素协同，推断）,0.522,其他革兰阴性/细菌,0.7333
ON528738_13,holin,Shigella,bacteria,Tequatrovirus,Straboviridae,219,5.00e-102,1,0,0,none,2,yes,92.88,High-quality,,,,膜成孔（内溶素协同，推断）,0.522,其他革兰阴性/细菌,0.7333
MT446423_206,holin,Escherichia,bacteria,Mosigvirus,Straboviridae,220,1.20e-79,1,0,0,none,1,yes,96.37,High-quality,,,,膜成孔（内溶素协同，推断）,0.522,其他革兰阴性/细菌,0.7333
PV714129_251,holin,Escherichia,bacteria,Unclassified,Unclassified,220,1.20e-79,1,0,0,none,1,yes,96.05,High-quality,,,,膜成孔（内溶素协同，推断）,0.522,其他革兰阴性/细菌,0.7333
PQ863687_207,lysin,Yersinia,bacteria,Unclassified,Ackermannviridae,265,1.40e-16,2,0,1,CBM(class);GH(class),0,yes,92.76,High-quality,AF-A0A2A7S997-F1,94.2,11,肽聚糖（推断）,0.542,其他革兰阴性/细菌,0.7333
MT857002_203,lysin,Salmonella,bacteria,Agtrevirus,Ackermannviridae,265,1.40e-16,2,0,1,CBM(class);GH(class),0,yes,97.23,High-quality,AF-A0A2A7S997-F1,94.2,11,肽聚糖（推断）,0.542,其他革兰阴性/细菌,0.7333
NC_019925_69,lysin,Dickeya,bacteria,Limestonevirus,Ackermannviridae,265,1.40e-16,2,0,1,CBM(class);GH(class),0,yes,92.03,High-quality,AF-A0A105JLM8-F1,94.7,12,肽聚糖（推断）,0.536,其他革兰阴性/细菌,0.7331
OY979400_21,depolymerase,Klebsiella,bacteria,Webervirus,Drexlerviridae,884,3.90e-35,1,0,1,none,0,no,95.34,High-quality,,,,未知,0.62,CRKP/PA/AB 临床重点菌,0.733
PV173775_140,holin,Escherichia,bacteria,Tequatrovirus,Straboviridae,219,5.00e-102,1,0,0,none,2,yes,94.08,High-quality,,,,膜成孔（内溶素协同，推断）,0.52,其他革兰阴性/细菌,0.733
NC_054930_247,holin,Escherichia,bacteria,Tequatrovirus,Straboviridae,219,5.00e-102,1,0,0,none,1,yes,94.91,High-quality,,,,膜成孔（内溶素协同，推断）,0.52,其他革兰阴性/细菌,0.733
PP400786_113,holin,Escherichia,bacteria,Tequatrovirus,Straboviridae,219,5.00e-102,1,0,0,none,1,yes,94.61,High-quality,,,,膜成孔（内溶素协同，推断）,0.52,其他革兰阴性/细菌,0.733
OK331996_46,holin,Escherichia,bacteria,Tequatrovirus,Straboviridae,219,5.00e-102,1,0,0,none,2,yes,94.49,High-quality,,,,膜成孔（内溶素协同，推断）,0.52,其他革兰阴性/细菌,0.733
ON210139_24,holin,Escherichia,bacteria,Tequatrovirus,Straboviridae,219,5.00e-102,1,0,0,none,2,yes,96.61,High-quality,,,,膜成孔（内溶素协同，推断）,0.52,其他革兰阴性/细菌,0.733
PQ759884_21,holin,Escherichia,bacteria,Unclassified,Unclassified,219,5.00e-102,1,0,0,none,1,yes,94.47,High-quality,,,,膜成孔（内溶素协同，推断）,0.52,其他革兰阴性/细菌,0.733
PP274704_250,holin,Escherichia,bacteria,Tequatrovirus,Straboviridae,219,5.00e-102,1,0,0,none,1,yes,93.13,High-quality,,,,膜成孔（内溶素协同，推断）,0.52,其他革兰阴性/细菌,0.733
OQ721911_246,holin,Escherichia,bacteria,Tequatrovirus,Straboviridae,219,5.00e-102,1,0,0,none,1,yes,95.4,High-quality,,,,膜成孔（内溶素协同，推断）,0.52,其他革兰阴性/细菌,0.733
OP172786_258,holin,Escherichia,bacteria,Tequatrovirus,Straboviridae,219,5.00e-102,1,0,0,none,2,yes,100.0,Complete,,,,膜成孔（内溶素协同，推断）,0.52,其他革兰阴性/细菌,0.733
PQ615101_242,holin,Shigella,bacteria,Tequatrovirus,Straboviridae,219,5.00e-102,1,0,0,none,1,yes,94.11,High-quality,,,,膜成孔（内溶素协同，推断）,0.52,其他革兰阴性/细菌,0.733
PP400780_260,holin,Escherichia,bacteria,Mosigvirus,Straboviridae,219,5.00e-102,1,0,0,none,1,yes,93.49,High-quality,,,,膜成孔（内溶素协同，推断）,0.52,其他革兰阴性/细菌,0.733
NC_012638_245,holin,Escherichia,bacteria,Tequatrovirus,Straboviridae,219,5.00e-102,1,0,0,none,1,yes,93.65,High-quality,,,,膜成孔（内溶素协同，推断）,0.52,其他革兰阴性/细菌,0.733
NC_025449_249,holin,Escherichia,bacteria,Tequatrovirus,Straboviridae,219,5.00e-102,1,0,0,none,2,yes,94.39,High-quality,,,,膜成孔（内溶素协同，推断）,0.52,其他革兰阴性/细菌,0.733
OQ349392_22,holin,Escherichia,bacteria,Tequatrovirus,Straboviridae,219,5.00e-102,1,0,0,none,1,yes,94.4,High-quality,,,,膜成孔（内溶素协同，推断）,0.52,其他革兰阴性/细菌,0.733
NC_027349_250,holin,Escherichia,bacteria,Tequatrovirus,Straboviridae,219,5.00e-102,1,0,0,none,1,yes,94.37,High-quality,,,,膜成孔（内溶素协同，推断）,0.52,其他革兰阴性/细菌,0.733
ON528745_258,holin,Shigella,bacteria,Tequatrovirus,Straboviridae,219,5.00e-102,1,0,0,none,2,yes,94.32,High-quality,,,,膜成孔（内溶素协同，推断）,0.52,其他革兰阴性/细菌,0.733
PP925844_247,holin,Escherichia,bacteria,Unclassified,Unclassified,219,5.00e-102,1,0,0,none,1,yes,94.77,High-quality,,,,膜成孔（内溶素协同，推断）,0.52,其他革兰阴性/细菌,0.733
MZ892903_269,holin,Escherichia,bacteria,Tequatrovirus,Straboviridae,219,5.00e-102,1,0,0,none,2,yes,96.34,High-quality,,,,膜成孔（内溶素协同，推断）,0.52,其他革兰阴性/细菌,0.733
MW883059_85,holin,Escherichia,bacteria,Tequatrovirus,Straboviridae,219,5.00e-102,1,0,0,none,2,yes,96.46,High-quality,,,,膜成孔（内溶素协同，推断）,0.52,其他革兰阴性/细菌,0.733
OL964735_246,holin,Escherichia,bacteria,Tequatrovirus,Straboviridae,219,5.00e-102,1,0,0,none,1,yes,94.29,High-quality,,,,膜成孔（内溶素协同，推断）,0.52,其他革兰阴性/细菌,0.733
PQ352352_183,holin,Escherichia,bacteria,Unclassified,Unclassified,219,5.00e-102,1,0,0,none,1,yes,94.75,High-quality,,,,膜成孔（内溶素协同，推断）,0.52,其他革兰阴性/细菌,0.733
OL964745_249,holin,Escherichia,bacteria,Tequatrovirus,Straboviridae,219,5.00e-102,1,0,0,none,1,yes,89.78,Medium-quality,,,,膜成孔（内溶素协同，推断）,0.52,其他革兰阴性/细菌,0.733
NC_054912_256,holin,Escherichia,bacteria,Tequatrovirus,Straboviridae,219,5.00e-102,1,0,0,none,2,yes,95.1,High-quality,,,,膜成孔（内溶素协同，推断）,0.52,其他革兰阴性/细菌,0.733
PX521588_3,holin,Escherichia,bacteria,Unclassified,Unclassified,219,5.00e-102,1,0,0,none,1,yes,95.06,High-quality,,,,膜成孔（内溶素协同，推断）,0.52,其他革兰阴性/细菌,0.733
OP870145_251,holin,Escherichia,bacteria,Tequatrovirus,Straboviridae,219,5.00e-102,1,0,0,none,1,yes,96.85,High-quality,,,,膜成孔（内溶素协同，推断）,0.52,其他革兰阴性/细菌,0.733
MT764206_87,holin,Escherichia,bacteria,Tequatrovirus,Straboviridae,219,5.00e-102,1,0,0,none,2,yes,96.26,High-quality,,,,膜成孔（内溶素协同，推断）,0.52,其他革兰阴性/细菌,0.733
PX574388_157,holin,Salmonella,bacteria,Unclassified,Unclassified,219,5.00e-102,1,0,0,none,1,yes,96.73,High-quality,,,,膜成孔（内溶素协同，推断）,0.52,其他革兰阴性/细菌,0.733
PQ759887_20,holin,Escherichia,bacteria,Unclassified,Unclassified,219,5.00e-102,1,0,0,none,2,yes,95.35,High-quality,,,,膜成孔（内溶素协同，推断）,0.52,其他革兰阴性/细菌,0.733
PX741046.1_251,holin,Escherichia,bacteria,Unclassified,Unclassified,219,5.00e-102,1,0,0,none,2,yes,94.53,High-quality,,,,膜成孔（内溶素协同，推断）,0.52,其他革兰阴性/细菌,0.733
OR906198_262,holin,Escherichia,bacteria,Tequatrovirus,Straboviridae,219,5.00e-102,1,0,0,none,2,yes,100.0,Complete,,,,膜成孔（内溶素协同，推断）,0.52,其他革兰阴性/细菌,0.733
NC_054920_249,holin,Escherichia,bacteria,Tequatrovirus,Straboviridae,219,5.00e-102,1,0,0,none,1,yes,95.52,High-quality,,,,膜成孔（内溶素协同，推断）,0.52,其他革兰阴性/细菌,0.733
PX866598.1_42,holin,Shewanella,bacteria,Unclassified,Unclassified,218,6.10e-70,1,0,0,none,2,yes,79.21,Medium-quality,,,,膜成孔（内溶素协同，推断）,0.519,其他革兰阴性/细菌,0.7329
ON528739_170,holin,Shigella,bacteria,Tequatrovirus,Straboviridae,219,5.00e-102,1,0,0,none,1,yes,93.99,High-quality,,,,膜成孔（内溶素协同，推断）,0.517,其他革兰阴性/细菌,0.7326
PP400779_162,holin,Escherichia,bacteria,Mosigvirus,Straboviridae,220,1.20e-79,1,0,0,none,1,yes,95.03,High-quality,,,,膜成孔（内溶素协同，推断）,0.517,其他革兰阴性/细菌,0.7326
PX583296_139,holin,Escherichia,bacteria,Unclassified,Unclassified,220,1.20e-79,1,0,0,none,1,yes,95.84,High-quality,,,,膜成孔（内溶素协同，推断）,0.517,其他革兰阴性/细菌,0.7326
PV730299_116,lysin,Escherichia,bacteria,Agtrevirus,Ackermannviridae,265,1.40e-16,2,0,1,CBM(class);GH(class),0,yes,92.32,High-quality,AF-A0A9E0VSY1-F1,96.1,15,肽聚糖（推断）,0.517,其他革兰阴性/细菌,0.7324
OR809313_44,depolymerase,Klebsiella,bacteria,Drulisvirus,Autoscriptoviridae,863,3.60e-07,2,1,1,GH24,1,yes,97.73,High-quality,AF-A0A483NHQ3-F1,82.1,74,肽聚糖（推断）,0.674,CRKP/PA/AB 临床重点菌,0.7322
MZ189262_246,holin,Escherichia,bacteria,Tequatrovirus,Straboviridae,219,5.00e-102,1,0,0,none,1,yes,93.86,High-quality,,,,膜成孔（内溶素协同，推断）,0.515,其他革兰阴性/细菌,0.7322
PX994957.1_39,holin,Escherichia,bacteria,Unclassified,Unclassified,219,5.00e-102,1,0,0,none,2,yes,100.0,Complete,,,,膜成孔（内溶素协同，推断）,0.515,其他革兰阴性/细菌,0.7322
PX645529_165,holin,Salmonella,bacteria,Unclassified,Unclassified,219,5.00e-102,1,0,0,none,1,yes,92.19,High-quality,,,,膜成孔（内溶素协同，推断）,0.515,其他革兰阴性/细菌,0.7322
NC_054910_207,holin,Escherichia,bacteria,Tequatrovirus,Straboviridae,219,5.00e-102,1,0,0,none,1,yes,93.99,High-quality,,,,膜成孔（内溶素协同，推断）,0.515,其他革兰阴性/细菌,0.7322
PV287714_247,holin,Escherichia,bacteria,Tequatrovirus,Straboviridae,219,5.00e-102,1,0,0,none,1,yes,94.11,High-quality,,,,膜成孔（内溶素协同，推断）,0.515,其他革兰阴性/细菌,0.7322
OL770073_6,holin,Escherichia,bacteria,Tequatrovirus,Straboviridae,219,5.00e-102,1,0,0,none,1,yes,94.26,High-quality,,,,膜成孔（内溶素协同，推断）,0.515,其他革兰阴性/细菌,0.7322
NC_031030_249,holin,Escherichia,bacteria,Tequatrovirus,Straboviridae,219,5.00e-102,1,0,0,none,1,yes,96.48,High-quality,,,,膜成孔（内溶素协同，推断）,0.515,其他革兰阴性/细菌,0.7322
ON528734_213,holin,Shigella,bacteria,Tequatrovirus,Straboviridae,219,5.00e-102,1,0,0,none,1,yes,94.32,High-quality,,,,膜成孔（内溶素协同，推断）,0.515,其他革兰阴性/细菌,0.7322
OL960580_245,holin,Escherichia,bacteria,Tequatrovirus,Straboviridae,219,5.00e-102,1,0,0,none,1,yes,94.53,High-quality,,,,膜成孔（内溶素协同，推断）,0.515,其他革兰阴性/细菌,0.7322
NC_025419_249,holin,Escherichia,bacteria,Tequatrovirus,Straboviridae,219,5.00e-102,1,0,0,none,2,yes,95.13,High-quality,,,,膜成孔（内溶素协同，推断）,0.515,其他革兰阴性/细菌,0.7322
PX097022_269,holin,Salmonella,bacteria,Tequatrovirus,Straboviridae,219,5.00e-102,1,0,0,none,1,yes,94.32,High-quality,,,,膜成孔（内溶素协同，推断）,0.515,其他革兰阴性/细菌,0.7322
PQ536908_73,holin,Escherichia,bacteria,Unclassified,Unclassified,219,5.00e-102,1,0,0,none,1,yes,94.98,High-quality,,,,膜成孔（内溶素协同，推断）,0.515,其他革兰阴性/细菌,0.7322
PV958097_195,holin,Escherichia,bacteria,Tequatrovirus,Straboviridae,219,5.00e-102,1,0,0,none,1,yes,100.0,Complete,,,,膜成孔（内溶素协同，推断）,0.515,其他革兰阴性/细菌,0.7322
PV390659_112,holin,Escherichia,bacteria,Tequatrovirus,Straboviridae,219,5.00e-102,1,0,0,none,1,yes,94.5,High-quality,,,,膜成孔（内溶素协同，推断）,0.515,其他革兰阴性/细菌,0.7322
PQ666540_252,holin,Shigella,bacteria,Unclassified,Unclassified,219,5.00e-102,1,0,0,none,1,yes,93.31,High-quality,,,,膜成孔（内溶素协同，推断）,0.515,其他革兰阴性/细菌,0.7322
LR597657_248,holin,Escherichia,bacteria,Tequatrovirus,Straboviridae,219,5.00e-102,1,0,0,none,1,yes,94.43,High-quality,,,,膜成孔（内溶素协同，推断）,0.515,其他革兰阴性/细菌,0.7322
OL870317_252,holin,Escherichia,bacteria,Tequatrovirus,Straboviridae,219,5.00e-102,1,0,0,none,1,yes,95.63,High-quality,,,,膜成孔（内溶素协同，推断）,0.515,其他革兰阴性/细菌,0.7322
PP738783_249,holin,Klebsiella,bacteria,Unclassified,Unclassified,216,6.40e-54,1,0,0,none,2,yes,88.39,Medium-quality,,,,膜成孔（内溶素协同，推断）,0.514,CRKP/PA/AB 临床重点菌,0.7321
PP505786_47,holin,Klebsiella,bacteria,Slopekvirus,Straboviridae,216,6.40e-54,1,0,0,none,2,yes,89.96,Medium-quality,,,,膜成孔（内溶素协同，推断）,0.514,CRKP/PA/AB 临床重点菌,0.7321
PP738775_268,holin,Klebsiella,bacteria,Unclassified,Unclassified,216,6.40e-54,1,0,0,none,2,yes,91.11,High-quality,,,,膜成孔（内溶素协同，推断）,0.514,CRKP/PA/AB 临床重点菌,0.7321
PP889503_58,holin,Klebsiella,bacteria,Unclassified,Unclassified,216,6.40e-54,1,0,0,none,2,yes,90.76,High-quality,,,,膜成孔（内溶素协同，推断）,0.514,CRKP/PA/AB 临床重点菌,0.7321
PP526028_215,holin,Klebsiella,bacteria,Slopekvirus,Straboviridae,216,6.40e-54,1,0,0,none,2,yes,90.28,High-quality,,,,膜成孔（内溶素协同，推断）,0.514,CRKP/PA/AB 临床重点菌,0.7321
PQ464594_255,holin,Erwinia,bacteria,Winklervirus,Straboviridae,219,9.90e-68,1,0,0,none,1,yes,94.82,High-quality,,,,膜成孔（内溶素协同，推断）,0.512,其他革兰阴性/细菌,0.7318
PQ464591_260,holin,Erwinia,bacteria,Winklervirus,Straboviridae,219,9.90e-68,1,0,0,none,1,yes,94.78,High-quality,,,,膜成孔（内溶素协同，推断）,0.512,其他革兰阴性/细菌,0.7318
PP761450_95,lysin,Escherichia,bacteria,Unclassified,Unclassified,265,1.40e-16,2,0,1,CBM(class);GH(class),0,yes,90.18,High-quality,AF-A0A9E0VSY1-F1,96.1,15,肽聚糖（推断）,0.513,其他革兰阴性/细菌,0.7318
MW650886_108,lysin,Escherichia,bacteria,Unclassified,Ackermannviridae,265,1.40e-16,2,0,1,CBM(class);GH(class),0,yes,89.94,Medium-quality,AF-A0A9E0VSY1-F1,96.1,15,肽聚糖（推断）,0.513,其他革兰阴性/细菌,0.7318
PQ306799_75,lysin,Salmonella,bacteria,Agtrevirus,Ackermannviridae,265,1.40e-16,2,0,1,CBM(class);GH(class),0,yes,92.15,High-quality,AF-A0A9E0VSY1-F1,96.1,15,肽聚糖（推断）,0.513,其他革兰阴性/细菌,0.7318
ON212266_114,lysin,Enterobacter,bacteria,Kuttervirus,Ackermannviridae,265,1.40e-16,2,0,1,CBM(class);GH(class),0,yes,92.65,High-quality,AF-A0A9E0VSY1-F1,96.1,15,肽聚糖（推断）,0.513,其他革兰阴性/细菌,0.7318
OR228402_191,depolymerase,Salmonella,bacteria,Agtrevirus,Ackermannviridae,1201,1.20e-132,1,0,1,"CAZy(tailspike,class待定)",0,no,94.17,High-quality,AF-A0A6X8RNC5-F1,89.1,55,荚膜多糖（推断）,0.119,其他革兰阴性/细菌,0.7315
PX733402.1_185,holin,Enterobacter,bacteria,Unclassified,Unclassified,219,2.10e-69,1,0,0,none,3,yes,93.37,High-quality,,,,膜成孔（内溶素协同，推断）,0.51,其他革兰阴性/细菌,0.7315
PQ096442_273,holin,Enterobacter,bacteria,Karamvirus,Straboviridae,219,2.10e-69,1,0,0,none,3,yes,95.37,High-quality,,,,膜成孔（内溶素协同，推断）,0.51,其他革兰阴性/细菌,0.7315
MT457553_154,holin,Shewanella,bacteria,Unclassified,Straboviridae,218,5.80e-70,1,0,0,none,1,yes,76.95,Medium-quality,,,,膜成孔（内溶素协同，推断）,0.51,其他革兰阴性/细菌,0.7315
NC_029000_224,holin,Stenotrophomonas,bacteria,Tulanevirus,Straboviridae,222,1.80e-50,1,0,0,none,1,yes,80.66,Medium-quality,,,,膜成孔（内溶素协同，推断）,0.51,其他革兰阴性/细菌,0.7315
MH807812_70,lysin,Dickeya,bacteria,Limestonevirus,Ackermannviridae,265,1.40e-16,2,0,1,CBM(class);GH(class),0,yes,91.98,High-quality,AF-A0A9E0VSY1-F1,96.1,15,肽聚糖（推断）,0.511,其他革兰阴性/细菌,0.7315
PV864763_54,holin,Klebsiella,bacteria,Unclassified,Straboviridae,216,6.40e-54,1,0,0,none,2,yes,100.0,Complete,,,,膜成孔（内溶素协同，推断）,0.507,CRKP/PA/AB 临床重点菌,0.731
OR532846_58,holin,Klebsiella,bacteria,Unclassified,Unclassified,216,6.40e-54,1,0,0,none,2,yes,91.62,High-quality,,,,膜成孔（内溶素协同，推断）,0.507,CRKP/PA/AB 临床重点菌,0.731
PX246281_3,holin,Klebsiella,bacteria,Unclassified,Unclassified,216,6.40e-54,1,0,0,none,2,yes,89.96,Medium-quality,,,,膜成孔（内溶素协同，推断）,0.507,CRKP/PA/AB 临床重点菌,0.731
PP738774_246,holin,Klebsiella,bacteria,Unclassified,Unclassified,216,6.40e-54,1,0,0,none,2,yes,88.53,Medium-quality,,,,膜成孔（内溶素协同，推断）,0.507,CRKP/PA/AB 临床重点菌,0.731
PP505787_16,holin,Klebsiella,bacteria,Slopekvirus,Straboviridae,216,6.40e-54,1,0,0,none,2,yes,90.04,High-quality,,,,膜成孔（内溶素协同，推断）,0.507,CRKP/PA/AB 临床重点菌,0.731
PX246280_55,holin,Klebsiella,bacteria,Unclassified,Unclassified,216,6.40e-54,1,0,0,none,2,yes,90.4,High-quality,,,,膜成孔（内溶素协同，推断）,0.507,CRKP/PA/AB 临床重点菌,0.731
PQ529758_234,holin,Klebsiella,bacteria,Slopekvirus,Straboviridae,216,6.40e-54,1,0,0,none,2,yes,91.78,High-quality,,,,膜成孔（内溶素协同，推断）,0.507,CRKP/PA/AB 临床重点菌,0.731
OZ347386_58,holin,Klebsiella,bacteria,Unclassified,Unclassified,216,6.40e-54,1,0,0,none,2,yes,91.25,High-quality,,,,膜成孔（内溶素协同，推断）,0.507,CRKP/PA/AB 临床重点菌,0.731
PX400593_7,holin,Klebsiella,bacteria,Unclassified,Unclassified,216,6.40e-54,1,0,0,none,2,yes,91.68,High-quality,,,,膜成孔（内溶素协同，推断）,0.507,CRKP/PA/AB 临床重点菌,0.731
PP738787_266,holin,Klebsiella,bacteria,Unclassified,Unclassified,216,6.40e-54,1,0,0,none,2,yes,91.06,High-quality,,,,膜成孔（内溶素协同，推断）,0.507,CRKP/PA/AB 临床重点菌,0.731
PP582754_191,holin,Klebsiella,bacteria,Slopekvirus,Straboviridae,216,6.40e-54,1,0,0,none,2,yes,91.17,High-quality,,,,膜成孔（内溶素协同，推断）,0.507,CRKP/PA/AB 临床重点菌,0.731
NC_041996_259,holin,Serratia,bacteria,Winklervirus,Straboviridae,219,9.90e-68,1,0,0,none,1,yes,94.33,High-quality,,,,膜成孔（内溶素协同，推断）,0.507,其他革兰阴性/细菌,0.731
OQ721913_267,holin,Enterobacter,bacteria,Karamvirus,Straboviridae,219,2.10e-69,1,0,0,none,3,yes,95.24,High-quality,,,,膜成孔（内溶素协同，推断）,0.505,其他革兰阴性/细菌,0.7308
ON212267_272,holin,Enterobacter,bacteria,Karamvirus,Straboviridae,219,2.10e-69,1,0,0,none,3,yes,95.21,High-quality,,,,膜成孔（内溶素协同，推断）,0.505,其他革兰阴性/细菌,0.7308
PZ086329.1_91,holin,Enterobacter,bacteria,Karamvirus,Straboviridae,219,2.10e-69,1,0,0,none,3,yes,94.69,High-quality,,,,膜成孔（内溶素协同，推断）,0.505,其他革兰阴性/细菌,0.7308
PQ140450_24,holin,Enterobacter,bacteria,Unclassified,Unclassified,219,2.10e-69,1,0,0,none,3,yes,100.0,Complete,,,,膜成孔（内溶素协同，推断）,0.505,其他革兰阴性/细菌,0.7308
OL828291_272,holin,Enterobacter,bacteria,Karamvirus,Straboviridae,219,2.10e-69,1,0,0,none,3,yes,95.42,High-quality,,,,膜成孔（内溶素协同，推断）,0.505,其他革兰阴性/细菌,0.7308
PX658174_99,holin,Enterobacter,bacteria,Unclassified,Unclassified,219,2.10e-69,1,0,0,none,3,yes,94.73,High-quality,,,,膜成孔（内溶素协同，推断）,0.505,其他革兰阴性/细菌,0.7308
PQ932598_274,holin,Enterobacter,bacteria,Karamvirus,Straboviridae,219,2.10e-69,1,0,0,none,3,yes,95.26,High-quality,,,,膜成孔（内溶素协同，推断）,0.505,其他革兰阴性/细菌,0.7308
PP212877_276,holin,Aeromonas,bacteria,Karamvirus,Straboviridae,219,2.10e-69,1,0,0,none,3,yes,95.05,High-quality,,,,膜成孔（内溶素协同，推断）,0.505,其他革兰阴性/细菌,0.7308
OR567511_275,holin,Enterobacter,bacteria,Karamvirus,Straboviridae,219,2.10e-69,1,0,0,none,3,yes,95.29,High-quality,,,,膜成孔（内溶素协同，推断）,0.505,其他革兰阴性/细菌,0.7308
PQ898399_69,holin,Enterobacter,bacteria,Unclassified,Unclassified,219,2.10e-69,1,0,0,none,3,yes,99.6,High-quality,,,,膜成孔（内溶素协同，推断）,0.505,其他革兰阴性/细菌,0.7308
PZ099626.1_136,holin,Shewanella,bacteria,Unclassified,Unclassified,218,5.80e-70,1,0,0,none,1,yes,83.94,Medium-quality,,,,膜成孔（内溶素协同，推断）,0.505,其他革兰阴性/细菌,0.7308
NC_055716_262,holin,Yersinia,bacteria,Tegunavirus,Straboviridae,219,2.40e-62,1,0,0,none,1,yes,91.6,High-quality,,,,膜成孔（内溶素协同，推断）,0.505,其他革兰阴性/细菌,0.7308
NC_019909_262,holin,Yersinia,bacteria,Tegunavirus,Straboviridae,219,2.40e-62,1,0,0,none,1,yes,91.59,High-quality,,,,膜成孔（内溶素协同，推断）,0.505,其他革兰阴性/细菌,0.7308
NC_028820_255,holin,Yersinia,bacteria,Tegunavirus,Straboviridae,219,2.40e-62,1,0,0,none,1,yes,88.43,Medium-quality,,,,膜成孔（内溶素协同，推断）,0.505,其他革兰阴性/细菌,0.7308
OQ331036_138,holin,Yersinia,bacteria,Unclassified,Straboviridae,218,2.40e-66,1,0,0,none,1,yes,93.94,High-quality,,,,膜成孔（内溶素协同，推断）,0.502,其他革兰阴性/细菌,0.7303
PQ096440_270,holin,Enterobacter,bacteria,Karamvirus,Straboviridae,219,2.10e-69,1,0,0,none,3,yes,95.48,High-quality,,,,膜成孔（内溶素协同，推断）,0.5,其他革兰阴性/细菌,0.73
PP597396_274,holin,Erwinia,bacteria,Unclassified,Unclassified,219,2.10e-69,1,0,0,none,3,yes,95.63,High-quality,,,,膜成孔（内溶素协同，推断）,0.5,其他革兰阴性/细菌,0.73
OR896157_284,holin,Escherichia,bacteria,Unclassified,Unclassified,219,2.10e-69,1,0,0,none,3,yes,94.8,High-quality,,,,膜成孔（内溶素协同，推断）,0.5,其他革兰阴性/细菌,0.73
PQ096439_269,holin,Enterobacter,bacteria,Karamvirus,Straboviridae,219,2.10e-69,1,0,0,none,3,yes,95.39,High-quality,,,,膜成孔（内溶素协同，推断）,0.5,其他革兰阴性/细菌,0.73
NC_014467_257,holin,Escherichia,bacteria,Pseudotevenvirus,Straboviridae,214,4.00e-53,1,0,0,none,1,yes,90.96,High-quality,,,,膜成孔（内溶素协同，推断）,0.5,其他革兰阴性/细菌,0.73
MT465573_42,lysin,Escherichia,bacteria,Foetvirus,Autotranscriptaviridae,1321,2.10e-191,1,0,1,GH23,0,no,91.84,High-quality,,,,肽聚糖（推断）,0.596,其他革兰阴性/细菌,0.7294
OL849997_275,holin,Enterobacter,bacteria,Karamvirus,Straboviridae,219,2.10e-69,1,0,0,none,3,yes,95.16,High-quality,,,,膜成孔（内溶素协同，推断）,0.495,其他革兰阴性/细菌,0.7292
NC_048002_6,lysin,Escherichia,bacteria,Foetvirus,Autotranscriptaviridae,1321,2.10e-191,1,0,1,GH23,0,no,100.0,Complete,,,,肽聚糖（推断）,0.595,其他革兰阴性/细菌,0.7292
MK795385_6,depolymerase,Klebsiella,bacteria,Przondovirus,Autotranscriptaviridae,794,4.80e-86,2,0,1,none,0,no,94.85,High-quality,,,,未知,0.594,CRKP/PA/AB 临床重点菌,0.7291
NC_047761_45,depolymerase,Klebsiella,bacteria,Przondovirus,Autotranscriptaviridae,794,4.80e-86,2,0,1,none,0,no,95.99,High-quality,,,,未知,0.593,CRKP/PA/AB 临床重点菌,0.7289
OR050820_41,depolymerase,Klebsiella,bacteria,Przondovirus,Autotranscriptaviridae,794,4.80e-86,2,0,1,none,0,no,100.0,Complete,,,,未知,0.593,CRKP/PA/AB 临床重点菌,0.7289
NC_021344_260,holin,Escherichia,bacteria,Pseudotevenvirus,Straboviridae,214,4.00e-53,1,0,0,none,1,yes,90.47,High-quality,,,,膜成孔（内溶素协同，推断）,0.493,其他革兰阴性/细菌,0.7289
OM688977_55,depolymerase,Salmonella,bacteria,Kuttervirus,Ackermannviridae,1012,1.20e-137,2,0,2,"CAZy(tailspike,class待定)",0,no,100.0,Complete,AF-A0A751L395-F1,85.8,38,荚膜多糖（推断）,0.134,其他革兰阴性/细菌,0.7288
OQ579027_41,depolymerase,Klebsiella,bacteria,Przondovirus,Autotranscriptaviridae,794,4.80e-86,2,0,1,none,0,no,100.0,Complete,,,,未知,0.592,CRKP/PA/AB 临床重点菌,0.7288
MK903728_43,depolymerase,Klebsiella,bacteria,Przondovirus,Autotranscriptaviridae,794,4.80e-86,2,0,2,none,0,no,100.0,Complete,,,,未知,0.592,CRKP/PA/AB 临床重点菌,0.7288
MW042788_10,depolymerase,Klebsiella,bacteria,Przondovirus,Autotranscriptaviridae,794,4.80e-86,2,0,1,none,0,no,100.0,Complete,,,,未知,0.591,CRKP/PA/AB 临床重点菌,0.7287
NC_092455_40,depolymerase,Klebsiella,bacteria,Przondovirus,Autotranscriptaviridae,794,4.80e-86,2,0,1,none,0,no,100.0,Complete,,,,未知,0.591,CRKP/PA/AB 临床重点菌,0.7287
OQ579025_44,depolymerase,Klebsiella,bacteria,Przondovirus,Autotranscriptaviridae,794,4.80e-86,2,0,1,none,0,no,100.0,Complete,,,,未知,0.591,CRKP/PA/AB 临床重点菌,0.7287
OL409034_43,depolymerase,Klebsiella,bacteria,Przondovirus,Autotranscriptaviridae,794,4.80e-86,2,0,1,none,0,no,95.47,High-quality,,,,未知,0.591,CRKP/PA/AB 临床重点菌,0.7287
OQ579028_43,depolymerase,Klebsiella,bacteria,Przondovirus,Autotranscriptaviridae,794,4.80e-86,2,0,1,none,0,no,100.0,Complete,,,,未知,0.59,CRKP/PA/AB 临床重点菌,0.7285
ON862890_81,lysin,Escherichia,bacteria,Unclassified,Ackermannviridae,265,1.40e-16,2,0,1,CBM(class);GH(class),0,yes,100.0,Complete,AF-A0A560V4H1-F1,95.6,15,肽聚糖（推断）,0.496,其他革兰阴性/细菌,0.7285
NC_055721_275,holin,Escherichia,bacteria,Kagamiyamavirus,Straboviridae,220,7.70e-68,1,0,0,none,1,yes,96.43,High-quality,,,,膜成孔（内溶素协同，推断）,0.488,其他革兰阴性/细菌,0.7282
OQ571799_179,holin,Enterobacter,bacteria,Pseudotevenvirus,Straboviridae,215,4.00e-53,1,0,0,none,1,yes,100.0,Complete,,,,膜成孔（内溶素协同，推断）,0.486,其他革兰阴性/细菌,0.7279
OL539471_65,holin,Cronobacter,bacteria,Pseudotevenvirus,Straboviridae,215,4.00e-53,1,0,0,none,1,yes,92.12,High-quality,,,,膜成孔（内溶素协同，推断）,0.486,其他革兰阴性/细菌,0.7279
MW250785_62,holin,Escherichia,bacteria,Pseudotevenvirus,Straboviridae,215,4.00e-53,1,0,0,none,1,yes,91.88,High-quality,,,,膜成孔（内溶素协同，推断）,0.486,其他革兰阴性/细菌,0.7279
NC_047819_40,lysin,Pectobacterium,bacteria,Pektosvirus,Autotranscriptaviridae,1340,6.80e-213,1,0,1,GH23,0,no,100.0,Complete,,,,肽聚糖（推断）,0.584,其他革兰阴性/细菌,0.7276
NC_047801_43,lysin,Pectobacterium,bacteria,Pektosvirus,Autotranscriptaviridae,1339,3.10e-211,1,1,1,GH23,0,no,100.0,Complete,,,,肽聚糖（推断）,0.583,其他革兰阴性/细菌,0.7274
PV827587_40,lysin,Pectobacterium,bacteria,Unclassified,Unclassified,1340,3.10e-211,1,0,1,GH23,0,no,90.85,High-quality,,,,肽聚糖（推断）,0.582,其他革兰阴性/细菌,0.7273
MN508817_221,holin,Yersinia,bacteria,Unclassified,Straboviridae,213,1.40e-53,1,0,0,none,2,yes,90.01,High-quality,,,,膜成孔（内溶素协同，推断）,0.479,其他革兰阴性/细菌,0.7268
PQ227830_210,holin,Enterobacter,bacteria,Pseudotevenvirus,Straboviridae,215,4.00e-53,1,0,0,none,1,yes,100.0,Complete,,,,膜成孔（内溶素协同，推断）,0.479,其他革兰阴性/细菌,0.7268
OZ347387_60,holin,Enterobacter,bacteria,Unclassified,Unclassified,215,4.00e-53,1,0,0,none,1,yes,92.22,High-quality,,,,膜成孔（内溶素协同，推断）,0.479,其他革兰阴性/细菌,0.7268
PV893168_21,holin,Enterobacter,bacteria,Unclassified,Unclassified,215,4.00e-53,1,0,0,none,1,yes,92.23,High-quality,,,,膜成孔（内溶素协同，推断）,0.479,其他革兰阴性/细菌,0.7268
PZ069000.1_210,holin,Pectobacterium,bacteria,Unclassified,Unclassified,215,4.00e-53,1,0,0,none,1,yes,92.62,High-quality,,,,膜成孔（内溶素协同，推断）,0.479,其他革兰阴性/细菌,0.7268
MN508622_259,holin,Enterobacter,bacteria,Pseudotevenvirus,Straboviridae,214,4.00e-53,1,0,0,none,1,yes,91.26,High-quality,,,,膜成孔（内溶素协同，推断）,0.479,其他革兰阴性/细菌,0.7268
PP889490_200,depolymerase,Klebsiella,bacteria,Unclassified,Unclassified,322,3.70e-20,1,0,1,"PL(K1_lyase,family待dbCAN)",0,no,95.5,High-quality,,,,荚膜多糖（推断）,0.414,CRKP/PA/AB 临床重点菌,0.7266
MN308080_18,lysin,Pectobacterium,bacteria,Pektosvirus,Autotranscriptaviridae,1341,6.80e-213,1,0,1,GH23,0,no,91.19,High-quality,,,,肽聚糖（推断）,0.577,其他革兰阴性/细菌,0.7266
PX251122.1_43,lysin,Pectobacterium,bacteria,Unclassified,Unclassified,1341,6.80e-213,1,0,1,GH23,0,no,93.46,High-quality,,,,肽聚糖（推断）,0.577,其他革兰阴性/细菌,0.7266
ON157416_270,holin,Cronobacter,bacteria,Pseudotevenvirus,Straboviridae,215,4.00e-53,1,0,0,none,1,yes,92.13,High-quality,,,,膜成孔（内溶素协同，推断）,0.472,其他革兰阴性/细菌,0.7258
OL551674_283,holin,Enterobacter,bacteria,Pseudotevenvirus,Straboviridae,214,4.00e-53,1,0,0,none,2,yes,92.13,High-quality,,,,膜成孔（内溶素协同，推断）,0.472,其他革兰阴性/细菌,0.7258
PX375238_249,holin,Escherichia,bacteria,Krischvirus,Straboviridae,219,3.60e-54,1,0,0,none,2,yes,86.46,Medium-quality,,,,膜成孔（内溶素协同，推断）,0.466,其他革兰阴性/细菌,0.7249
MW021749_148,holin,Citrobacter,bacteria,Pseudotevenvirus,Straboviridae,215,4.00e-53,1,0,0,none,1,yes,92.02,High-quality,,,,膜成孔（内溶素协同，推断）,0.465,其他革兰阴性/细菌,0.7248
NC_029013_207,holin,Citrobacter,bacteria,Pseudotevenvirus,Straboviridae,215,4.00e-53,1,0,0,none,1,yes,92.11,High-quality,,,,膜成孔（内溶素协同，推断）,0.465,其他革兰阴性/细菌,0.7248
NC_007023_281,holin,Escherichia,bacteria,Pseudotevenvirus,Straboviridae,201,4.00e-53,1,0,0,none,1,yes,92.94,High-quality,,,,膜成孔（内溶素协同，推断）,0.465,其他革兰阴性/细菌,0.7248
NC_031057_265,holin,Citrobacter,bacteria,Pseudotevenvirus,Straboviridae,215,4.00e-53,1,0,0,none,1,yes,92.96,High-quality,,,,膜成孔（内溶素协同，推断）,0.465,其他革兰阴性/细菌,0.7248
NC_048186_21,lysin,Escherichia,bacteria,Taipeivirus,Ackermannviridae,265,9.90e-16,2,0,1,CBM(class);GH(class),0,no,95.74,High-quality,AF-A0A9E0VSY1-F1,96.1,15,肽聚糖（推断）,0.502,其他革兰阴性/细菌,0.7245
NC_028820_254,holin,Yersinia,bacteria,Tegunavirus,Straboviridae,108,7.70e-68,1,0,0,none,2,yes,88.43,Medium-quality,,,,膜成孔（内溶素协同，推断）,0.461,其他革兰阴性/细菌,0.7241
PX694328.1_1,lysin,Pseudomonas,bacteria,Unclassified,Unclassified,637,6.40e-181,,,,none,0,no,92.97,High-quality,AF-A0A1H7ARN7-F1,64.2,98,未知,0.418,CRKP/PA/AB 临床重点菌,0.724
PP358550_99,holin,Escherichia,bacteria,Krischvirus,Straboviridae,219,3.60e-54,1,0,0,none,2,yes,84.91,Medium-quality,,,,膜成孔（内溶素协同，推断）,0.459,其他革兰阴性/细菌,0.7238
OZ346219_98,holin,Escherichia,bacteria,Unclassified,Unclassified,219,3.60e-54,1,0,0,none,2,yes,85.55,Medium-quality,,,,膜成孔（内溶素协同，推断）,0.459,其他革兰阴性/细菌,0.7238
MZ504878_253,holin,Enterobacteria,bacteria,Krischvirus,Straboviridae,219,3.60e-54,1,0,0,none,2,yes,86.73,Medium-quality,,,,膜成孔（内溶素协同，推断）,0.459,其他革兰阴性/细菌,0.7238
NC_041936_253,holin,Escherichia,bacteria,Krischvirus,Straboviridae,219,3.60e-54,1,0,0,none,2,yes,86.02,Medium-quality,,,,膜成孔（内溶素协同，推断）,0.459,其他革兰阴性/细菌,0.7238
PX104378_100,holin,Escherichia,bacteria,Unclassified,Unclassified,219,3.60e-54,1,0,0,none,2,yes,88.4,Medium-quality,,,,膜成孔（内溶素协同，推断）,0.459,其他革兰阴性/细菌,0.7238
PP400778_21,holin,Escherichia,bacteria,Krischvirus,Straboviridae,219,3.60e-54,1,0,0,none,2,yes,86.17,Medium-quality,,,,膜成孔（内溶素协同，推断）,0.459,其他革兰阴性/细菌,0.7238
OP114734_122,holin,Escherichia,bacteria,Krischvirus,Straboviridae,219,3.60e-54,1,0,0,none,2,yes,86.92,Medium-quality,,,,膜成孔（内溶素协同，推断）,0.459,其他革兰阴性/细菌,0.7238
PQ351812_175,holin,Shigella,bacteria,Krischvirus,Straboviridae,219,3.60e-54,1,0,0,none,2,yes,100.0,Complete,,,,膜成孔（内溶素协同，推断）,0.459,其他革兰阴性/细菌,0.7238
PQ306574_179,holin,Escherichia,bacteria,Krischvirus,Straboviridae,219,3.60e-54,1,0,0,none,2,yes,87.71,Medium-quality,,,,膜成孔（内溶素协同，推断）,0.459,其他革兰阴性/细菌,0.7238
PZ013371.1_83,lysin,Achromobacter,bacteria,Unclassified,Unclassified,2049,4.20e-27,1,0,1,GH23,5,no,76.94,Medium-quality,,,,肽聚糖（推断）,0.581,其他革兰阴性/细菌,0.723
PP400781_4,holin,Escherichia,bacteria,Krischvirus,Straboviridae,219,3.60e-54,1,0,0,none,2,yes,86.26,Medium-quality,,,,膜成孔（内溶素协同，推断）,0.453,其他革兰阴性/细菌,0.7229
OR525698_251,holin,Escherichia,bacteria,Krischvirus,Straboviridae,219,3.60e-54,1,0,0,none,2,yes,86.09,Medium-quality,,,,膜成孔（内溶素协同，推断）,0.453,其他革兰阴性/细菌,0.7229
PP449093_79,holin,Escherichia,bacteria,Krischvirus,Straboviridae,219,3.60e-54,1,0,0,none,2,yes,87.87,Medium-quality,,,,膜成孔（内溶素协同，推断）,0.453,其他革兰阴性/细菌,0.7229
MK962753_253,holin,Shigella,bacteria,Krischvirus,Straboviridae,219,3.60e-54,1,0,0,none,2,yes,90.97,High-quality,,,,膜成孔（内溶素协同，推断）,0.453,其他革兰阴性/细菌,0.7229
NC_055757_143,holin,Escherichia,bacteria,Krischvirus,Straboviridae,219,3.60e-54,1,0,0,none,2,yes,100.0,Complete,,,,膜成孔（内溶素协同，推断）,0.453,其他革兰阴性/细菌,0.7229
NC_012740_255,holin,Escherichia,bacteria,Krischvirus,Straboviridae,219,3.60e-54,1,0,0,none,2,yes,86.99,Medium-quality,,,,膜成孔（内溶素协同，推断）,0.453,其他革兰阴性/细菌,0.7229
MK327941_260,holin,Escherichia,bacteria,Krischvirus,Straboviridae,219,3.60e-54,1,0,0,none,2,yes,87.65,Medium-quality,,,,膜成孔（内溶素协同，推断）,0.453,其他革兰阴性/细菌,0.7229
PX670406.1_20,depolymerase,Klebsiella,bacteria,Unclassified,Unclassified,846,1.00e-08,3,0,2,"PL(K1_lyase,family待dbCAN)",0,no,93.95,High-quality,,,,荚膜多糖（推断）,0.63,CRKP/PA/AB 临床重点菌,0.7228
PP663284_1,depolymerase,Klebsiella,bacteria,Webervirus,Drexlerviridae,846,1.00e-08,3,0,2,"PL(K1_lyase,family待dbCAN)",0,no,94.01,High-quality,,,,荚膜多糖（推断）,0.63,CRKP/PA/AB 临床重点菌,0.7228
OL865411_42,depolymerase,Klebsiella,bacteria,Webervirus,Drexlerviridae,846,1.00e-08,3,0,1,"PL(K1_lyase,family待dbCAN)",0,no,92.13,High-quality,,,,荚膜多糖（推断）,0.629,CRKP/PA/AB 临床重点菌,0.7227
OR532886_20,depolymerase,Klebsiella,bacteria,Unclassified,Unclassified,846,1.00e-08,3,0,2,"PL(K1_lyase,family待dbCAN)",0,no,93.9,High-quality,,,,荚膜多糖（推断）,0.629,CRKP/PA/AB 临床重点菌,0.7227
OP114732_66,depolymerase,Klebsiella,bacteria,Unclassified,Unclassified,834,1.90e-175,,,,none,0,no,63.69,Medium-quality,AF-A0ABD7NLF8-F1,88.3,44,未知,0.167,CRKP/PA/AB 临床重点菌,0.7225
PQ821643_69,depolymerase,Klebsiella,bacteria,Webervirus,Drexlerviridae,846,1.00e-08,3,0,2,"PL(K1_lyase,family待dbCAN)",0,no,100.0,Complete,,,,荚膜多糖（推断）,0.627,CRKP/PA/AB 临床重点菌,0.7224
OR532872_20,depolymerase,Klebsiella,bacteria,Unclassified,Unclassified,846,1.00e-08,3,0,2,"PL(K1_lyase,family待dbCAN)",0,no,94.17,High-quality,,,,荚膜多糖（推断）,0.627,CRKP/PA/AB 临床重点菌,0.7224
PQ133004_36,depolymerase,Klebsiella,bacteria,Webervirus,Drexlerviridae,846,1.00e-08,3,0,2,"PL(K1_lyase,family待dbCAN)",0,no,92.56,High-quality,,,,荚膜多糖（推断）,0.627,CRKP/PA/AB 临床重点菌,0.7224
PX670367_4,depolymerase,Klebsiella,bacteria,Unclassified,Unclassified,846,1.00e-08,3,0,1,"PL(K1_lyase,family待dbCAN)",0,no,100.0,Complete,,,,荚膜多糖（推断）,0.627,CRKP/PA/AB 临床重点菌,0.7224
OP785155_9,depolymerase,Klebsiella,bacteria,Webervirus,Drexlerviridae,839,1.00e-08,3,0,2,"PL(K1_lyase,family待dbCAN)",0,no,93.99,High-quality,,,,荚膜多糖（推断）,0.627,CRKP/PA/AB 临床重点菌,0.7224
OL744213_44,depolymerase,Klebsiella,bacteria,Webervirus,Drexlerviridae,883,1.00e-08,3,0,2,"PL(K1_lyase,family待dbCAN)",0,no,91.82,High-quality,,,,荚膜多糖（推断）,0.625,CRKP/PA/AB 临床重点菌,0.7221
OR532819_20,depolymerase,Klebsiella,bacteria,Unclassified,Unclassified,846,1.00e-08,3,0,2,"PL(K1_lyase,family待dbCAN)",0,no,93.99,High-quality,,,,荚膜多糖（推断）,0.625,CRKP/PA/AB 临床重点菌,0.7221
PQ305823.1_43,depolymerase,Klebsiella,bacteria,Unclassified,Unclassified,846,1.00e-08,3,0,2,"PL(K1_lyase,family待dbCAN)",0,no,93.92,High-quality,,,,荚膜多糖（推断）,0.625,CRKP/PA/AB 临床重点菌,0.7221
PX641096.1_80,depolymerase,Klebsiella,bacteria,Unclassified,Unclassified,846,1.00e-08,3,0,1,"PL(K1_lyase,family待dbCAN)",0,no,94.05,High-quality,,,,荚膜多糖（推断）,0.625,CRKP/PA/AB 临床重点菌,0.7221
PP934445_41,depolymerase,Klebsiella,bacteria,Webervirus,Drexlerviridae,846,1.00e-08,3,0,1,"PL(K1_lyase,family待dbCAN)",0,no,100.0,Complete,,,,荚膜多糖（推断）,0.625,CRKP/PA/AB 临床重点菌,0.7221
MZ868725_45,depolymerase,Acinetobacter,bacteria,Friunavirus,Autoscriptoviridae,786,6.80e-33,,,,none,0,no,100.0,Complete,,,,未知,0.547,CRKP/PA/AB 临床重点菌,0.722
OR532853_20,depolymerase,Klebsiella,bacteria,Unclassified,Unclassified,846,1.00e-08,3,0,2,"PL(K1_lyase,family待dbCAN)",0,no,94.05,High-quality,,,,荚膜多糖（推断）,0.624,CRKP/PA/AB 临床重点菌,0.7219
NC_042047_205,lysin,Serratia,bacteria,Taipeivirus,Ackermannviridae,265,9.90e-16,2,0,1,CBM(class);GH(class),0,yes,93.64,High-quality,AF-A0A9E0VSY1-F1,96.1,15,肽聚糖（推断）,0.483,其他革兰阴性/细菌,0.7216
OR532828_29,depolymerase,Klebsiella,bacteria,Unclassified,Unclassified,834,1.90e-175,,,,none,0,no,63.68,Medium-quality,AF-A0ABD7NLF8-F1,88.3,44,未知,0.159,CRKP/PA/AB 临床重点菌,0.7213
OR532892_29,depolymerase,Klebsiella,bacteria,Unclassified,Unclassified,834,1.90e-175,,,,none,0,no,63.69,Medium-quality,AF-A0ABD7NLF8-F1,88.3,44,未知,0.158,CRKP/PA/AB 临床重点菌,0.7211
PP357453_5,depolymerase,Klebsiella,bacteria,Przondovirus,Autotranscriptaviridae,1018,5.80e-181,2,0,0,"CAZy(tailspike,class待定)",0,no,100.0,Complete,,,,荚膜多糖（推断）,0.04,CRKP/PA/AB 临床重点菌,0.721
PV853808_5,depolymerase,Klebsiella,bacteria,Unclassified,Unclassified,1018,5.80e-181,2,0,0,"CAZy(tailspike,class待定)",0,no,100.0,Complete,,,,荚膜多糖（推断）,0.037,CRKP/PA/AB 临床重点菌,0.7206
MT813140_34,depolymerase,Klebsiella,bacteria,Przondovirus,Autotranscriptaviridae,1018,5.80e-181,2,0,0,"CAZy(tailspike,class待定)",0,no,94.22,High-quality,,,,荚膜多糖（推断）,0.032,CRKP/PA/AB 临床重点菌,0.7198
MT920315_90,holin,Erwinia,bacteria,Roskildevirus,Straboviridae,220,1.00e-57,1,0,0,none,1,yes,94.22,High-quality,,,,膜成孔（内溶素协同，推断）,0.432,其他革兰阴性/细菌,0.7198
OR532858_45,depolymerase,Klebsiella,bacteria,Unclassified,Unclassified,1018,5.80e-181,3,0,1,"CAZy(tailspike,class待定)",0,no,92.9,High-quality,,,,荚膜多糖（推断）,0.031,CRKP/PA/AB 临床重点菌,0.7197
NC_047970_44,depolymerase,Klebsiella,bacteria,Przondovirus,Autotranscriptaviridae,1018,5.80e-181,3,0,1,"CAZy(tailspike,class待定)",0,no,100.0,Complete,,,,荚膜多糖（推断）,0.03,CRKP/PA/AB 临床重点菌,0.7195
OR532877_43,depolymerase,Klebsiella,bacteria,Unclassified,Unclassified,1018,5.80e-181,3,0,1,"CAZy(tailspike,class待定)",0,no,93.26,High-quality,,,,荚膜多糖（推断）,0.028,CRKP/PA/AB 临床重点菌,0.7192
MF327009_105,holin,Shigella,bacteria,Tequatrovirus,Straboviridae,177,5.00e-102,1,0,0,none,0,no,95.39,High-quality,,,,膜成孔（内溶素协同，推断）,0.428,其他革兰阴性/细菌,0.7192
OR532868_44,depolymerase,Klebsiella,bacteria,Unclassified,Unclassified,1018,5.80e-181,3,0,1,"CAZy(tailspike,class待定)",0,no,92.73,High-quality,,,,荚膜多糖（推断）,0.027,CRKP/PA/AB 临床重点菌,0.719
PP357477_27,depolymerase,Klebsiella,bacteria,Przondovirus,Autotranscriptaviridae,1018,5.80e-181,3,0,1,"CAZy(tailspike,class待定)",0,no,100.0,Complete,,,,荚膜多糖（推断）,0.026,CRKP/PA/AB 临床重点菌,0.7189
PQ359445_35,depolymerase,Klebsiella,bacteria,Przondovirus,Autotranscriptaviridae,1018,5.80e-181,3,0,1,"CAZy(tailspike,class待定)",0,no,93.59,High-quality,,,,荚膜多糖（推断）,0.025,CRKP/PA/AB 临床重点菌,0.7188
HG994092_47,depolymerase,Klebsiella,bacteria,Przondovirus,Autotranscriptaviridae,1018,5.80e-181,2,0,0,"CAZy(tailspike,class待定)",0,no,95.92,High-quality,,,,荚膜多糖（推断）,0.025,CRKP/PA/AB 临床重点菌,0.7188
PP978612_38,depolymerase,Klebsiella,bacteria,Unclassified,Unclassified,1018,5.80e-181,2,0,0,"CAZy(tailspike,class待定)",0,no,100.0,Complete,,,,荚膜多糖（推断）,0.024,CRKP/PA/AB 临床重点菌,0.7186
PV173012_43,depolymerase,Klebsiella,bacteria,Przondovirus,Autotranscriptaviridae,1018,5.80e-181,3,0,1,"CAZy(tailspike,class待定)",0,no,100.0,Complete,,,,荚膜多糖（推断）,0.024,CRKP/PA/AB 临床重点菌,0.7186
PP848840_43,depolymerase,Klebsiella,bacteria,Unclassified,Unclassified,1018,5.80e-181,3,0,1,"CAZy(tailspike,class待定)",0,no,95.4,High-quality,,,,荚膜多糖（推断）,0.024,CRKP/PA/AB 临床重点菌,0.7186
OX335401_5,depolymerase,Klebsiella,bacteria,Przondovirus,Autotranscriptaviridae,1018,5.80e-181,2,0,0,"CAZy(tailspike,class待定)",0,no,100.0,Complete,,,,荚膜多糖（推断）,0.024,CRKP/PA/AB 临床重点菌,0.7186
MT966872_42,depolymerase,Klebsiella,bacteria,Przondovirus,Autotranscriptaviridae,1018,5.80e-181,3,0,1,"CAZy(tailspike,class待定)",0,no,100.0,Complete,,,,荚膜多糖（推断）,0.023,CRKP/PA/AB 临床重点菌,0.7185
OX335413_43,depolymerase,Klebsiella,bacteria,Przondovirus,Autotranscriptaviridae,1018,5.80e-181,2,0,0,"CAZy(tailspike,class待定)",0,no,100.0,Complete,,,,荚膜多糖（推断）,0.023,CRKP/PA/AB 临床重点菌,0.7185
OX335408_5,depolymerase,Klebsiella,bacteria,Przondovirus,Autotranscriptaviridae,1018,5.80e-181,2,0,0,"CAZy(tailspike,class待定)",0,no,100.0,Complete,,,,荚膜多糖（推断）,0.023,CRKP/PA/AB 临床重点菌,0.7185
OX335438_5,depolymerase,Klebsiella,bacteria,Przondovirus,Autotranscriptaviridae,1018,5.80e-181,2,0,0,"CAZy(tailspike,class待定)",0,no,100.0,Complete,,,,荚膜多糖（推断）,0.023,CRKP/PA/AB 临床重点菌,0.7185
PQ133603_40,depolymerase,Klebsiella,bacteria,Unclassified,Unclassified,1018,5.80e-181,3,0,1,"CAZy(tailspike,class待定)",0,no,94.57,High-quality,,,,荚膜多糖（推断）,0.023,CRKP/PA/AB 临床重点菌,0.7185
NC_047908_43,depolymerase,Klebsiella,bacteria,Przondovirus,Autotranscriptaviridae,1018,5.80e-181,3,0,1,"CAZy(tailspike,class待定)",0,no,100.0,Complete,,,,荚膜多糖（推断）,0.023,CRKP/PA/AB 临床重点菌,0.7185
PP848843_42,depolymerase,Klebsiella,bacteria,Unclassified,Unclassified,1018,5.80e-181,2,0,0,"CAZy(tailspike,class待定)",0,no,93.54,High-quality,,,,荚膜多糖（推断）,0.022,CRKP/PA/AB 临床重点菌,0.7183
OX335360_5,depolymerase,Klebsiella,bacteria,Przondovirus,Autotranscriptaviridae,1018,5.80e-181,2,0,0,"CAZy(tailspike,class待定)",0,no,100.0,Complete,,,,荚膜多糖（推断）,0.022,CRKP/PA/AB 临床重点菌,0.7183
OX335427_5,depolymerase,Klebsiella,bacteria,Przondovirus,Autotranscriptaviridae,1018,5.80e-181,2,0,0,"CAZy(tailspike,class待定)",0,no,100.0,Complete,,,,荚膜多糖（推断）,0.022,CRKP/PA/AB 临床重点菌,0.7183
OR426634_32,holin,Klebsiella,bacteria,Sugarlandvirus,Demerecviridae,221,2.00e-15,1,0,0,none,2,yes,87.63,Medium-quality,,,,膜成孔（内溶素协同，推断）,0.568,CRKP/PA/AB 临床重点菌,0.7182
PQ569735_103,holin,Klebsiella,bacteria,Unclassified,Unclassified,221,2.00e-15,1,0,0,none,2,yes,85.26,Medium-quality,,,,膜成孔（内溶素协同，推断）,0.568,CRKP/PA/AB 临床重点菌,0.7182
PP738788_40,holin,Klebsiella,bacteria,Unclassified,Unclassified,221,2.00e-15,1,0,0,none,2,yes,84.82,Medium-quality,,,,膜成孔（内溶素协同，推断）,0.568,CRKP/PA/AB 临床重点菌,0.7182
PQ569712_104,holin,Klebsiella,bacteria,Unclassified,Unclassified,221,2.00e-15,1,0,0,none,2,yes,96.94,High-quality,,,,膜成孔（内溶素协同，推断）,0.568,CRKP/PA/AB 临床重点菌,0.7182
PX915675.1_44,depolymerase,Klebsiella,bacteria,Przondovirus,Autotranscriptaviridae,1018,5.80e-181,3,0,1,"CAZy(tailspike,class待定)",0,no,100.0,Complete,,,,荚膜多糖（推断）,0.021,CRKP/PA/AB 临床重点菌,0.7181
PP848852_42,depolymerase,Klebsiella,bacteria,Unclassified,Unclassified,1018,5.80e-181,2,0,0,"CAZy(tailspike,class待定)",0,no,95.02,High-quality,,,,荚膜多糖（推断）,0.021,CRKP/PA/AB 临床重点菌,0.7181
PP454753_42,depolymerase,Klebsiella,bacteria,Przondovirus,Autotranscriptaviridae,1018,5.80e-181,2,0,0,"CAZy(tailspike,class待定)",0,no,100.0,Complete,,,,荚膜多糖（推断）,0.021,CRKP/PA/AB 临床重点菌,0.7181
PP848839_42,depolymerase,Klebsiella,bacteria,Unclassified,Unclassified,1018,5.80e-181,3,0,1,"CAZy(tailspike,class待定)",0,no,94.15,High-quality,,,,荚膜多糖（推断）,0.021,CRKP/PA/AB 临床重点菌,0.7181
PP357456_16,depolymerase,Klebsiella,bacteria,Przondovirus,Autotranscriptaviridae,1018,5.80e-181,2,0,0,"CAZy(tailspike,class待定)",0,no,93.42,High-quality,,,,荚膜多糖（推断）,0.021,CRKP/PA/AB 临床重点菌,0.7181
OX335426_44,depolymerase,Klebsiella,bacteria,Przondovirus,Autotranscriptaviridae,1018,5.80e-181,2,0,0,"CAZy(tailspike,class待定)",0,no,100.0,Complete,,,,荚膜多糖（推断）,0.021,CRKP/PA/AB 临床重点菌,0.7181
OX335433_5,depolymerase,Klebsiella,bacteria,Przondovirus,Autotranscriptaviridae,1018,5.80e-181,2,0,0,"CAZy(tailspike,class待定)",0,no,100.0,Complete,,,,荚膜多糖（推断）,0.021,CRKP/PA/AB 临床重点菌,0.7181
OR532880_40,depolymerase,Klebsiella,bacteria,Unclassified,Unclassified,722,1.60e-67,1,0,1,"CAZy(tailspike,class待定)",0,no,82.27,Medium-quality,,,,荚膜多糖（推断）,0.021,CRKP/PA/AB 临床重点菌,0.7181
PX670408.1_47,depolymerase,Klebsiella,bacteria,Unclassified,Unclassified,1018,5.80e-181,2,0,0,"CAZy(tailspike,class待定)",0,no,95.71,High-quality,,,,荚膜多糖（推断）,0.02,CRKP/PA/AB 临床重点菌,0.718
PP848853_40,depolymerase,Klebsiella,bacteria,Unclassified,Unclassified,1018,5.80e-181,3,0,1,"CAZy(tailspike,class待定)",0,no,93.93,High-quality,,,,荚膜多糖（推断）,0.02,CRKP/PA/AB 临床重点菌,0.718
PX974311.1_48,depolymerase,Klebsiella,bacteria,Unclassified,Unclassified,1018,5.80e-181,2,0,0,"CAZy(tailspike,class待定)",0,no,95.89,High-quality,,,,荚膜多糖（推断）,0.02,CRKP/PA/AB 临床重点菌,0.718
PP646059_44,depolymerase,Klebsiella,bacteria,Unclassified,Unclassified,1018,5.80e-181,3,0,1,"CAZy(tailspike,class待定)",0,no,94.66,High-quality,,,,荚膜多糖（推断）,0.02,CRKP/PA/AB 临床重点菌,0.718
PP848854_40,depolymerase,Klebsiella,bacteria,Unclassified,Unclassified,1018,5.80e-181,2,0,0,"CAZy(tailspike,class待定)",0,no,92.82,High-quality,,,,荚膜多糖（推断）,0.02,CRKP/PA/AB 临床重点菌,0.718
PP357459_7,depolymerase,Klebsiella,bacteria,Przondovirus,Autotranscriptaviridae,1018,5.80e-181,2,0,0,"CAZy(tailspike,class待定)",0,no,100.0,Complete,,,,荚膜多糖（推断）,0.02,CRKP/PA/AB 临床重点菌,0.718
MW042800_26,depolymerase,Klebsiella,bacteria,Przondovirus,Autotranscriptaviridae,1018,5.80e-181,2,0,0,"CAZy(tailspike,class待定)",0,no,100.0,Complete,,,,荚膜多糖（推断）,0.02,CRKP/PA/AB 临床重点菌,0.718
PP848847_44,depolymerase,Klebsiella,bacteria,Unclassified,Unclassified,1018,5.80e-181,2,0,0,"CAZy(tailspike,class待定)",0,no,96.0,High-quality,,,,荚膜多糖（推断）,0.02,CRKP/PA/AB 临床重点菌,0.718
PP542034_40,depolymerase,Klebsiella,bacteria,Przondovirus,Autotranscriptaviridae,1018,5.80e-181,3,0,1,"CAZy(tailspike,class待定)",0,no,100.0,Complete,,,,荚膜多糖（推断）,0.019,CRKP/PA/AB 临床重点菌,0.7178
MW042807_19,depolymerase,Klebsiella,bacteria,Przondovirus,Autotranscriptaviridae,1018,5.80e-181,3,0,1,"CAZy(tailspike,class待定)",0,no,100.0,Complete,,,,荚膜多糖（推断）,0.019,CRKP/PA/AB 临床重点菌,0.7178
PP357474_40,depolymerase,Klebsiella,bacteria,Przondovirus,Autotranscriptaviridae,1018,5.80e-181,3,0,1,"CAZy(tailspike,class待定)",0,no,100.0,Complete,,,,荚膜多糖（推断）,0.019,CRKP/PA/AB 临床重点菌,0.7178
PV173014_6,depolymerase,Klebsiella,bacteria,Przondovirus,Autotranscriptaviridae,1018,5.80e-181,3,0,1,"CAZy(tailspike,class待定)",0,no,100.0,Complete,,,,荚膜多糖（推断）,0.019,CRKP/PA/AB 临床重点菌,0.7178
PX694424.1_44,depolymerase,Klebsiella,bacteria,Przondovirus,Autotranscriptaviridae,1018,5.80e-181,2,0,0,"CAZy(tailspike,class待定)",0,no,100.0,Complete,,,,荚膜多糖（推断）,0.019,CRKP/PA/AB 临床重点菌,0.7178
OR105945_42,depolymerase,Klebsiella,bacteria,Przondovirus,Autotranscriptaviridae,1018,5.80e-181,2,0,0,"CAZy(tailspike,class待定)",0,no,100.0,Complete,,,,荚膜多糖（推断）,0.019,CRKP/PA/AB 临床重点菌,0.7178
OP103919_38,depolymerase,Klebsiella,bacteria,Przondovirus,Autotranscriptaviridae,1019,5.80e-181,3,0,1,"CAZy(tailspike,class待定)",0,no,100.0,Complete,,,,荚膜多糖（推断）,0.018,CRKP/PA/AB 临床重点菌,0.7177
PQ793761_39,depolymerase,Klebsiella,bacteria,Unclassified,Unclassified,1018,5.80e-181,2,0,0,"CAZy(tailspike,class待定)",0,no,100.0,Complete,,,,荚膜多糖（推断）,0.018,CRKP/PA/AB 临床重点菌,0.7177
OR287812_44,depolymerase,Klebsiella,bacteria,Przondovirus,Autotranscriptaviridae,1018,5.80e-181,2,0,0,"CAZy(tailspike,class待定)",0,no,100.0,Complete,,,,荚膜多糖（推断）,0.018,CRKP/PA/AB 临床重点菌,0.7177
PQ434564_12,depolymerase,Klebsiella,bacteria,Przondovirus,Autotranscriptaviridae,1018,5.80e-181,3,0,1,"CAZy(tailspike,class待定)",0,no,93.76,High-quality,,,,荚膜多糖（推断）,0.018,CRKP/PA/AB 临床重点菌,0.7177
PV854167_42,depolymerase,Klebsiella,bacteria,Unclassified,Unclassified,1018,5.80e-181,2,0,0,"CAZy(tailspike,class待定)",0,no,94.05,High-quality,,,,荚膜多糖（推断）,0.018,CRKP/PA/AB 临床重点菌,0.7177
PV854173_41,depolymerase,Klebsiella,bacteria,Unclassified,Unclassified,1018,5.80e-181,3,0,1,"CAZy(tailspike,class待定)",0,no,93.32,High-quality,,,,荚膜多糖（推断）,0.018,CRKP/PA/AB 临床重点菌,0.7177
OX335359_41,depolymerase,Klebsiella,bacteria,Przondovirus,Autotranscriptaviridae,1018,5.80e-181,2,0,1,"CAZy(tailspike,class待定)",0,no,100.0,Complete,,,,荚膜多糖（推断）,0.018,CRKP/PA/AB 临床重点菌,0.7177
OR532907_40,depolymerase,Klebsiella,bacteria,Unclassified,Unclassified,722,1.60e-67,1,0,1,"CAZy(tailspike,class待定)",0,no,82.16,Medium-quality,,,,荚膜多糖（推断）,0.018,CRKP/PA/AB 临床重点菌,0.7177
ON287370_94,lysin,Serratia,bacteria,Petsuvirus,Chimalliviridae,2399,1.20e-24,1,0,1,GH18/19,1,no,87.63,Medium-quality,,,,肽聚糖（推断）,0.655,其他革兰阴性/细菌,0.7177
OP103918_2,depolymerase,Klebsiella,bacteria,Przondovirus,Autotranscriptaviridae,1019,5.80e-181,3,0,1,"CAZy(tailspike,class待定)",0,no,100.0,Complete,,,,荚膜多糖（推断）,0.017,CRKP/PA/AB 临床重点菌,0.7176
OX335394_44,depolymerase,Klebsiella,bacteria,Przondovirus,Autotranscriptaviridae,1018,5.80e-181,2,0,1,"CAZy(tailspike,class待定)",0,no,100.0,Complete,,,,荚膜多糖（推断）,0.017,CRKP/PA/AB 临床重点菌,0.7176
ON880501_2,depolymerase,Klebsiella,bacteria,Przondovirus,Autotranscriptaviridae,1018,5.80e-181,3,0,1,"CAZy(tailspike,class待定)",0,no,94.11,High-quality,,,,荚膜多糖（推断）,0.017,CRKP/PA/AB 临床重点菌,0.7176
MZ571828_36,holin,Klebsiella,bacteria,Sugarlandvirus,Demerecviridae,221,2.00e-15,1,0,0,none,2,yes,100.0,Complete,,,,膜成孔（内溶素协同，推断）,0.564,CRKP/PA/AB 临床重点菌,0.7176
PQ569733_103,holin,Klebsiella,bacteria,Unclassified,Unclassified,221,2.00e-15,1,0,0,none,2,yes,88.26,Medium-quality,,,,膜成孔（内溶素协同，推断）,0.564,CRKP/PA/AB 临床重点菌,0.7176
PP355766_62,holin,Klebsiella,bacteria,Unclassified,Straboviridae,221,2.00e-15,1,0,0,none,2,yes,99.88,High-quality,,,,膜成孔（内溶素协同，推断）,0.564,CRKP/PA/AB 临床重点菌,0.7176
PP848850_107,holin,Klebsiella,bacteria,Unclassified,Unclassified,221,2.00e-15,1,0,0,none,2,yes,87.12,Medium-quality,,,,膜成孔（内溶素协同，推断）,0.564,CRKP/PA/AB 临床重点菌,0.7176
ON637170_112,holin,Klebsiella,bacteria,Sugarlandvirus,Demerecviridae,221,2.00e-15,1,0,0,none,2,yes,87.97,Medium-quality,,,,膜成孔（内溶素协同，推断）,0.564,CRKP/PA/AB 临床重点菌,0.7176
MK521907_28,holin,Klebsiella,bacteria,Sugarlandvirus,Demerecviridae,221,2.00e-15,1,0,0,none,2,yes,100.0,Complete,,,,膜成孔（内溶素协同，推断）,0.564,CRKP/PA/AB 临床重点菌,0.7176
PQ569727_103,holin,Klebsiella,bacteria,Unclassified,Unclassified,221,2.00e-15,1,0,0,none,2,yes,96.71,High-quality,,,,膜成孔（内溶素协同，推断）,0.564,CRKP/PA/AB 临床重点菌,0.7176
PV402694_46,holin,Klebsiella,bacteria,Unclassified,Unclassified,221,2.00e-15,1,0,0,none,2,yes,84.22,Medium-quality,,,,膜成孔（内溶素协同，推断）,0.564,CRKP/PA/AB 临床重点菌,0.7176
PQ569709_102,holin,Klebsiella,bacteria,Unclassified,Unclassified,221,2.00e-15,1,0,0,none,2,yes,88.03,Medium-quality,,,,膜成孔（内溶素协同，推断）,0.564,CRKP/PA/AB 临床重点菌,0.7176
PP357480_22,depolymerase,Klebsiella,bacteria,Przondovirus,Autotranscriptaviridae,1018,5.80e-181,3,0,1,"CAZy(tailspike,class待定)",0,no,100.0,Complete,,,,荚膜多糖（推断）,0.016,CRKP/PA/AB 临床重点菌,0.7174
PX915674.1_42,depolymerase,Klebsiella,bacteria,Przondovirus,Autotranscriptaviridae,1018,5.80e-181,3,0,1,"CAZy(tailspike,class待定)",0,no,100.0,Complete,,,,荚膜多糖（推断）,0.016,CRKP/PA/AB 临床重点菌,0.7174
PP357461_39,depolymerase,Klebsiella,bacteria,Przondovirus,Autotranscriptaviridae,1018,5.80e-181,3,0,1,"CAZy(tailspike,class待定)",0,no,100.0,Complete,,,,荚膜多糖（推断）,0.016,CRKP/PA/AB 临床重点菌,0.7174
PP734006_40,depolymerase,Klebsiella,bacteria,Przondovirus,Autotranscriptaviridae,1018,5.80e-181,3,0,1,"CAZy(tailspike,class待定)",0,no,100.0,Complete,,,,荚膜多糖（推断）,0.016,CRKP/PA/AB 临床重点菌,0.7174
OR290821_2,depolymerase,Klebsiella,bacteria,Przondovirus,Autotranscriptaviridae,1018,5.80e-181,3,0,1,"CAZy(tailspike,class待定)",0,no,100.0,Complete,,,,荚膜多糖（推断）,0.015,CRKP/PA/AB 临床重点菌,0.7173
PP357473_28,depolymerase,Klebsiella,bacteria,Przondovirus,Autotranscriptaviridae,1018,5.80e-181,3,0,1,"CAZy(tailspike,class待定)",0,no,100.0,Complete,,,,荚膜多糖（推断）,0.015,CRKP/PA/AB 临床重点菌,0.7173
PQ288045_3,depolymerase,Klebsiella,bacteria,Przondovirus,Autotranscriptaviridae,1018,5.80e-181,3,0,1,"CAZy(tailspike,class待定)",0,no,94.52,High-quality,,,,荚膜多糖（推断）,0.015,CRKP/PA/AB 临床重点菌,0.7173
PP357482_2,depolymerase,Klebsiella,bacteria,Przondovirus,Autotranscriptaviridae,1018,5.80e-181,3,0,1,"CAZy(tailspike,class待定)",0,no,100.0,Complete,,,,荚膜多糖（推断）,0.015,CRKP/PA/AB 临床重点菌,0.7173
OR532822_42,depolymerase,Klebsiella,bacteria,Unclassified,Unclassified,1018,5.80e-181,2,0,0,"CAZy(tailspike,class待定)",0,no,93.67,High-quality,,,,荚膜多糖（推断）,0.015,CRKP/PA/AB 临床重点菌,0.7173
OP103920_7,depolymerase,Klebsiella,bacteria,Przondovirus,Autotranscriptaviridae,1018,5.80e-181,3,0,1,"CAZy(tailspike,class待定)",0,no,100.0,Complete,,,,荚膜多糖（推断）,0.015,CRKP/PA/AB 临床重点菌,0.7173
PV854174_40,depolymerase,Klebsiella,bacteria,Unclassified,Unclassified,1018,5.80e-181,2,0,0,"CAZy(tailspike,class待定)",0,no,92.74,High-quality,,,,荚膜多糖（推断）,0.015,CRKP/PA/AB 临床重点菌,0.7173
PP357462_2,depolymerase,Klebsiella,bacteria,Przondovirus,Autotranscriptaviridae,1018,5.80e-181,3,0,1,"CAZy(tailspike,class待定)",0,no,100.0,Complete,,,,荚膜多糖（推断）,0.015,CRKP/PA/AB 临床重点菌,0.7173
PP357470_6,depolymerase,Klebsiella,bacteria,Przondovirus,Autotranscriptaviridae,1018,5.80e-181,3,0,1,"CAZy(tailspike,class待定)",0,no,100.0,Complete,,,,荚膜多糖（推断）,0.015,CRKP/PA/AB 临床重点菌,0.7173
OR387547_24,depolymerase,Klebsiella,bacteria,Przondovirus,Autotranscriptaviridae,1018,5.80e-181,3,0,1,"CAZy(tailspike,class待定)",0,no,100.0,Complete,,,,荚膜多糖（推断）,0.015,CRKP/PA/AB 临床重点菌,0.7173
OR532823_1,depolymerase,Klebsiella,bacteria,Unclassified,Unclassified,944,5.80e-181,2,0,0,"CAZy(tailspike,class待定)",0,no,100.0,Complete,,,,荚膜多糖（推断）,0.015,CRKP/PA/AB 临床重点菌,0.7173
OR532809_40,depolymerase,Klebsiella,bacteria,Unclassified,Unclassified,722,1.60e-67,1,0,1,"CAZy(tailspike,class待定)",0,no,82.21,Medium-quality,,,,荚膜多糖（推断）,0.015,CRKP/PA/AB 临床重点菌,0.7173
PX908299.1_44,depolymerase,Klebsiella,bacteria,Unclassified,Unclassified,1018,5.80e-181,2,0,0,"CAZy(tailspike,class待定)",0,no,100.0,Complete,,,,荚膜多糖（推断）,0.014,CRKP/PA/AB 临床重点菌,0.7171
PP357481_9,depolymerase,Klebsiella,bacteria,Przondovirus,Autotranscriptaviridae,1018,5.80e-181,3,0,1,"CAZy(tailspike,class待定)",0,no,100.0,Complete,,,,荚膜多糖（推断）,0.014,CRKP/PA/AB 临床重点菌,0.7171
PP357464_1,depolymerase,Klebsiella,bacteria,Przondovirus,Autotranscriptaviridae,1018,5.80e-181,3,0,1,"CAZy(tailspike,class待定)",0,no,100.0,Complete,,,,荚膜多糖（推断）,0.014,CRKP/PA/AB 临床重点菌,0.7171
PP848846_41,depolymerase,Klebsiella,bacteria,Unclassified,Unclassified,1018,5.80e-181,3,0,1,"CAZy(tailspike,class待定)",0,no,93.51,High-quality,,,,荚膜多糖（推断）,0.014,CRKP/PA/AB 临床重点菌,0.7171
OR684907_38,depolymerase,Klebsiella,bacteria,Przondovirus,Autotranscriptaviridae,1018,5.80e-181,3,0,0,"CAZy(tailspike,class待定)",0,no,93.75,High-quality,,,,荚膜多糖（推断）,0.014,CRKP/PA/AB 临床重点菌,0.7171
MN149903_1,depolymerase,Klebsiella,bacteria,Przondovirus,Autotranscriptaviridae,1018,5.80e-181,3,0,1,"CAZy(tailspike,class待定)",0,no,95.57,High-quality,,,,荚膜多糖（推断）,0.014,CRKP/PA/AB 临床重点菌,0.7171
MW042808_21,depolymerase,Klebsiella,bacteria,Przondovirus,Autotranscriptaviridae,1018,5.80e-181,3,0,1,"CAZy(tailspike,class待定)",0,no,100.0,Complete,,,,荚膜多糖（推断）,0.014,CRKP/PA/AB 临床重点菌,0.7171
NC_028688_48,depolymerase,Klebsiella,bacteria,Przondovirus,Autotranscriptaviridae,555,5.80e-181,3,0,1,"CAZy(tailspike,class待定)",0,no,93.64,High-quality,,,,荚膜多糖（推断）,0.013,CRKP/PA/AB 临床重点菌,0.7169
MT542697_45,depolymerase,Klebsiella,bacteria,Przondovirus,Autotranscriptaviridae,1018,5.80e-181,3,0,1,"CAZy(tailspike,class待定)",0,no,100.0,Complete,,,,荚膜多糖（推断）,0.013,CRKP/PA/AB 临床重点菌,0.7169
PP357471_44,depolymerase,Klebsiella,bacteria,Przondovirus,Autotranscriptaviridae,1018,5.80e-181,3,0,1,"CAZy(tailspike,class待定)",0,no,100.0,Complete,,,,荚膜多糖（推断）,0.013,CRKP/PA/AB 临床重点菌,0.7169
MN176574_5,depolymerase,Klebsiella,bacteria,Przondovirus,Autotranscriptaviridae,1018,5.80e-181,3,0,1,"CAZy(tailspike,class待定)",0,no,94.1,High-quality,,,,荚膜多糖（推断）,0.013,CRKP/PA/AB 临床重点菌,0.7169
PX908300.1_44,depolymerase,Klebsiella,bacteria,Unclassified,Unclassified,1018,5.80e-181,2,0,0,"CAZy(tailspike,class待定)",0,no,100.0,Complete,,,,荚膜多糖（推断）,0.012,CRKP/PA/AB 临床重点菌,0.7168
OP103921_49,depolymerase,Klebsiella,bacteria,Przondovirus,Autotranscriptaviridae,1018,5.80e-181,3,0,1,"CAZy(tailspike,class待定)",0,no,100.0,Complete,,,,荚膜多糖（推断）,0.012,CRKP/PA/AB 临床重点菌,0.7168
PP357472_5,depolymerase,Klebsiella,bacteria,Przondovirus,Autotranscriptaviridae,1018,5.80e-181,3,0,1,"CAZy(tailspike,class待定)",0,no,100.0,Complete,,,,荚膜多糖（推断）,0.012,CRKP/PA/AB 临床重点菌,0.7168
OR532810_44,depolymerase,Klebsiella,bacteria,Unclassified,Unclassified,1018,5.80e-181,2,0,0,"CAZy(tailspike,class待定)",0,no,92.05,High-quality,,,,荚膜多糖（推断）,0.012,CRKP/PA/AB 临床重点菌,0.7168
MW042792_12,depolymerase,Klebsiella,bacteria,Przondovirus,Autotranscriptaviridae,1018,5.80e-181,3,0,1,"CAZy(tailspike,class待定)",0,no,100.0,Complete,,,,荚膜多糖（推断）,0.012,CRKP/PA/AB 临床重点菌,0.7168
PV702342_94,holin,Klebsiella,bacteria,Unclassified,Unclassified,221,2.00e-15,1,0,0,none,2,yes,87.39,Medium-quality,,,,膜成孔（内溶素协同，推断）,0.559,CRKP/PA/AB 临床重点菌,0.7168
NC_027399_534,depolymerase,Klebsiella,bacteria,Alcyoneusvirus,Unclassified,703,1.70e-24,1,0,1,none,0,no,90.19,High-quality,,,,未知,0.655,CRKP/PA/AB 临床重点菌,0.7167
OR256026_41,depolymerase,Klebsiella,bacteria,Przondovirus,Autotranscriptaviridae,1018,5.80e-181,3,0,1,"CAZy(tailspike,class待定)",0,no,100.0,Complete,,,,荚膜多糖（推断）,0.011,CRKP/PA/AB 临床重点菌,0.7167
OR387886_5,depolymerase,Klebsiella,bacteria,Przondovirus,Autotranscriptaviridae,1018,5.80e-181,3,0,1,"CAZy(tailspike,class待定)",0,no,94.03,High-quality,,,,荚膜多糖（推断）,0.011,CRKP/PA/AB 临床重点菌,0.7167
NC_048114_45,depolymerase,Klebsiella,bacteria,Przondovirus,Autotranscriptaviridae,1018,5.80e-181,3,0,1,"CAZy(tailspike,class待定)",0,no,94.41,High-quality,,,,荚膜多糖（推断）,0.011,CRKP/PA/AB 临床重点菌,0.7167
PP357466_39,depolymerase,Klebsiella,bacteria,Przondovirus,Autotranscriptaviridae,1018,5.80e-181,2,0,0,"CAZy(tailspike,class待定)",0,no,100.0,Complete,,,,荚膜多糖（推断）,0.011,CRKP/PA/AB 临床重点菌,0.7167
PP357457_6,depolymerase,Klebsiella,bacteria,Przondovirus,Autotranscriptaviridae,1018,5.80e-181,2,0,0,"CAZy(tailspike,class待定)",0,no,100.0,Complete,,,,荚膜多糖（推断）,0.011,CRKP/PA/AB 临床重点菌,0.7167
PX908301.1_45,depolymerase,Klebsiella,bacteria,Unclassified,Unclassified,1018,5.80e-181,2,0,0,"CAZy(tailspike,class待定)",0,no,100.0,Complete,,,,荚膜多糖（推断）,0.011,CRKP/PA/AB 临床重点菌,0.7167
MW042803_22,depolymerase,Klebsiella,bacteria,Przondovirus,Autotranscriptaviridae,1018,5.80e-181,2,0,0,"CAZy(tailspike,class待定)",0,no,100.0,Complete,,,,荚膜多糖（推断）,0.011,CRKP/PA/AB 临床重点菌,0.7167
PP357455_6,depolymerase,Klebsiella,bacteria,Przondovirus,Autotranscriptaviridae,1018,5.80e-181,3,0,1,"CAZy(tailspike,class待定)",0,no,100.0,Complete,,,,荚膜多糖（推断）,0.011,CRKP/PA/AB 临床重点菌,0.7167
ON287375_140,lysin,Serratia,bacteria,Petsuvirus,Chimalliviridae,2399,1.20e-24,1,0,1,GH18/19,0,no,87.37,Medium-quality,,,,肽聚糖（推断）,0.648,其他革兰阴性/细菌,0.7167
MW042791_2,depolymerase,Klebsiella,bacteria,Przondovirus,Autotranscriptaviridae,1018,5.80e-181,2,0,0,"CAZy(tailspike,class待定)",0,no,100.0,Complete,,,,荚膜多糖（推断）,0.01,CRKP/PA/AB 临床重点菌,0.7165
PP357475_6,depolymerase,Klebsiella,bacteria,Przondovirus,Autotranscriptaviridae,1018,5.80e-181,2,0,0,"CAZy(tailspike,class待定)",0,no,100.0,Complete,,,,荚膜多糖（推断）,0.01,CRKP/PA/AB 临床重点菌,0.7165
MW042809_38,depolymerase,Klebsiella,bacteria,Przondovirus,Autotranscriptaviridae,1018,5.80e-181,2,0,0,"CAZy(tailspike,class待定)",0,no,100.0,Complete,,,,荚膜多糖（推断）,0.01,CRKP/PA/AB 临床重点菌,0.7165
MW042797_40,depolymerase,Klebsiella,bacteria,Przondovirus,Autotranscriptaviridae,1018,5.80e-181,2,0,0,"CAZy(tailspike,class待定)",0,no,100.0,Complete,,,,荚膜多糖（推断）,0.01,CRKP/PA/AB 临床重点菌,0.7165
PP357469_25,depolymerase,Klebsiella,bacteria,Przondovirus,Autotranscriptaviridae,1018,5.80e-181,2,0,0,"CAZy(tailspike,class待定)",0,no,100.0,Complete,,,,荚膜多糖（推断）,0.009,CRKP/PA/AB 临床重点菌,0.7164
MW042804_2,depolymerase,Klebsiella,bacteria,Przondovirus,Autotranscriptaviridae,1018,5.80e-181,2,0,0,"CAZy(tailspike,class待定)",0,no,100.0,Complete,,,,荚膜多糖（推断）,0.009,CRKP/PA/AB 临床重点菌,0.7164
MW042810_11,depolymerase,Klebsiella,bacteria,Przondovirus,Autotranscriptaviridae,1018,5.80e-181,2,0,0,"CAZy(tailspike,class待定)",0,no,100.0,Complete,,,,荚膜多糖（推断）,0.009,CRKP/PA/AB 临床重点菌,0.7164
PQ133594_15,depolymerase,Klebsiella,bacteria,Unclassified,Unclassified,1018,5.80e-181,3,0,1,"CAZy(tailspike,class待定)",0,no,95.45,High-quality,,,,荚膜多糖（推断）,0.009,CRKP/PA/AB 临床重点菌,0.7164
PP357467_6,depolymerase,Klebsiella,bacteria,Przondovirus,Autotranscriptaviridae,1018,5.80e-181,2,0,0,"CAZy(tailspike,class待定)",0,no,94.38,High-quality,,,,荚膜多糖（推断）,0.009,CRKP/PA/AB 临床重点菌,0.7164
OP103923_51,depolymerase,Klebsiella,bacteria,Przondovirus,Autotranscriptaviridae,1018,5.80e-181,3,0,1,"CAZy(tailspike,class待定)",0,no,100.0,Complete,,,,荚膜多糖（推断）,0.009,CRKP/PA/AB 临床重点菌,0.7164
MW042795_30,depolymerase,Klebsiella,bacteria,Przondovirus,Autotranscriptaviridae,1018,5.80e-181,2,0,0,"CAZy(tailspike,class待定)",0,no,100.0,Complete,,,,荚膜多糖（推断）,0.008,CRKP/PA/AB 临床重点菌,0.7162
MW042811_49,depolymerase,Klebsiella,bacteria,Przondovirus,Autotranscriptaviridae,1018,5.80e-181,2,0,0,"CAZy(tailspike,class待定)",0,no,100.0,Complete,,,,荚膜多糖（推断）,0.008,CRKP/PA/AB 临床重点菌,0.7162
PX908298.1_44,depolymerase,Klebsiella,bacteria,Unclassified,Unclassified,1018,5.80e-181,2,0,0,"CAZy(tailspike,class待定)",0,no,100.0,Complete,,,,荚膜多糖（推断）,0.008,CRKP/PA/AB 临床重点菌,0.7162
PX828365.1_45,depolymerase,Klebsiella,bacteria,Unclassified,Unclassified,887,5.80e-181,3,0,1,"CAZy(tailspike,class待定)",0,no,100.0,Complete,,,,荚膜多糖（推断）,0.008,CRKP/PA/AB 临床重点菌,0.7162
PP357478_8,depolymerase,Klebsiella,bacteria,Przondovirus,Autotranscriptaviridae,1018,5.80e-181,3,0,1,"CAZy(tailspike,class待定)",0,no,100.0,Complete,,,,荚膜多糖（推断）,0.008,CRKP/PA/AB 临床重点菌,0.7162
MZ634344_110,holin,Klebsiella,bacteria,Sugarlandvirus,Demerecviridae,221,2.00e-15,1,0,0,none,2,yes,100.0,Complete,,,,膜成孔（内溶素协同，推断）,0.555,CRKP/PA/AB 临床重点菌,0.7162
PP357476_23,depolymerase,Klebsiella,bacteria,Przondovirus,Autotranscriptaviridae,1018,5.80e-181,2,0,0,"CAZy(tailspike,class待定)",0,no,100.0,Complete,,,,荚膜多糖（推断）,0.007,CRKP/PA/AB 临床重点菌,0.716
PX908297.1_44,depolymerase,Klebsiella,bacteria,Unclassified,Unclassified,1018,5.80e-181,2,0,0,"CAZy(tailspike,class待定)",0,no,100.0,Complete,,,,荚膜多糖（推断）,0.007,CRKP/PA/AB 临床重点菌,0.716
MW042812_40,depolymerase,Klebsiella,bacteria,Przondovirus,Autotranscriptaviridae,1018,5.80e-181,2,0,0,"CAZy(tailspike,class待定)",0,no,100.0,Complete,,,,荚膜多糖（推断）,0.007,CRKP/PA/AB 临床重点菌,0.716
PP357479_2,depolymerase,Klebsiella,bacteria,Przondovirus,Autotranscriptaviridae,1018,5.80e-181,3,0,1,"CAZy(tailspike,class待定)",0,no,100.0,Complete,,,,荚膜多糖（推断）,0.007,CRKP/PA/AB 临床重点菌,0.716
OX335402_48,depolymerase,Klebsiella,bacteria,Taipeivirus,Ackermannviridae,1027,1.10e-258,1,0,0,"CAZy(tailspike,class待定)",1,no,100.0,Complete,,,,荚膜多糖（推断）,0.007,CRKP/PA/AB 临床重点菌,0.716
ON571554_6,depolymerase,Klebsiella,bacteria,Przondovirus,Autotranscriptaviridae,1018,5.80e-181,2,0,0,"CAZy(tailspike,class待定)",0,no,100.0,Complete,,,,荚膜多糖（推断）,0.005,CRKP/PA/AB 临床重点菌,0.7157
OP586623_273,holin,Erwinia,bacteria,Risoevirus,Straboviridae,220,5.00e-58,1,0,0,none,1,yes,93.67,High-quality,,,,膜成孔（内溶素协同，推断）,0.404,其他革兰阴性/细菌,0.7156
ON550260_259,holin,Salmonella,bacteria,Jiaodavirus,Straboviridae,219,9.70e-70,1,0,0,none,2,yes,100.0,Complete,,,,膜成孔（内溶素协同，推断）,0.404,其他革兰阴性/细菌,0.7156
OR844942_55,depolymerase,Enterococcus,bacteria,Unclassified,Unclassified,699,4.90e-140,2,0,1,"CAZy(tailspike,class待定)",0,no,67.11,Medium-quality,AF-A0A5V3UY86-F1,95.9,36,荚膜多糖（推断）,0.21,革兰阳性,0.7154
MW042798_44,depolymerase,Klebsiella,bacteria,Przondovirus,Autotranscriptaviridae,1018,5.80e-181,2,0,0,"CAZy(tailspike,class待定)",0,no,100.0,Complete,,,,荚膜多糖（推断）,0.001,CRKP/PA/AB 临床重点菌,0.7151
NC_027399_538,depolymerase,Klebsiella,bacteria,Alcyoneusvirus,Unclassified,889,1.60e-63,4,0,2,"PL(K1_lyase,family待dbCAN)",0,yes,90.19,High-quality,,,,荚膜多糖（推断）,0.0,CRKP/PA/AB 临床重点菌,0.715
MW042789_37,depolymerase,Klebsiella,bacteria,Przondovirus,Autotranscriptaviridae,1018,5.80e-181,2,0,0,"CAZy(tailspike,class待定)",0,no,100.0,Complete,,,,荚膜多糖（推断）,0.0,CRKP/PA/AB 临床重点菌,0.715
ON323462_169,depolymerase,Klebsiella,bacteria,Taipeivirus,Ackermannviridae,1027,1.10e-258,1,0,0,"CAZy(tailspike,class待定)",1,no,94.93,High-quality,,,,荚膜多糖（推断）,0.0,CRKP/PA/AB 临床重点菌,0.715
ON399185_209,depolymerase,Klebsiella,bacteria,Taipeivirus,Ackermannviridae,590,1.10e-258,1,0,0,"CAZy(tailspike,class待定)",1,yes,94.92,High-quality,,,,荚膜多糖（推断）,0.0,CRKP/PA/AB 临床重点菌,0.715
NC_042041_41,depolymerase,Klebsiella,bacteria,Sircambvirus,Unclassified,722,1.60e-67,1,0,1,"CAZy(tailspike,class待定)",0,no,81.26,Medium-quality,,,,荚膜多糖（推断）,0.0,CRKP/PA/AB 临床重点菌,0.715
NC_055783_264,holin,Escherichia,bacteria,Dhakavirus,Straboviridae,47,1.00e-52,1,0,0,none,0,no,87.04,Medium-quality,,,,膜成孔（内溶素协同，推断）,1.0,其他革兰阴性/细菌,0.715
NC_024121_253,holin,Serratia,bacteria,Muldoonvirus,Unclassified,77,1.60e-57,,,,none,1,yes,86.9,Medium-quality,,,,膜成孔（内溶素协同，推断）,1.0,其他革兰阴性/细菌,0.715
PP734007_41,depolymerase,Klebsiella,bacteria,Przondovirus,Autotranscriptaviridae,793,9.00e-78,1,0,1,none,0,no,100.0,Complete,,,,未知,0.498,CRKP/PA/AB 临床重点菌,0.7147
MT457552_167,holin,Shewanella,bacteria,Unclassified,Straboviridae,218,6.10e-70,1,0,0,none,2,yes,79.59,Medium-quality,,,,膜成孔（内溶素协同，推断）,0.395,其他革兰阴性/细菌,0.7142
PX866609.1_35,holin,Shewanella,bacteria,Unclassified,Unclassified,218,6.10e-70,1,0,0,none,2,yes,77.86,Medium-quality,,,,膜成孔（内溶素协同，推断）,0.395,其他革兰阴性/细菌,0.7142
PX694413.1_38,depolymerase,Klebsiella,bacteria,Przondovirus,Autotranscriptaviridae,793,9.00e-78,1,0,1,none,0,no,100.0,Complete,,,,未知,0.494,CRKP/PA/AB 临床重点菌,0.7141
PX694415.1_39,depolymerase,Klebsiella,bacteria,Przondovirus,Autotranscriptaviridae,793,9.00e-78,1,0,1,none,0,no,100.0,Complete,,,,未知,0.491,CRKP/PA/AB 临床重点菌,0.7137
NC_047798_42,depolymerase,Klebsiella,bacteria,Przondovirus,Autotranscriptaviridae,793,9.00e-78,1,0,1,none,0,no,100.0,Complete,,,,未知,0.491,CRKP/PA/AB 临床重点菌,0.7137
NC_070779_4,holin,Salmonella,bacteria,Moonvirus,Straboviridae,219,8.90e-73,1,0,0,none,2,yes,94.28,High-quality,,,,膜成孔（内溶素协同，推断）,0.39,其他革兰阴性/细菌,0.7135
PQ589834_300,holin,Citrobacter,bacteria,Unclassified,Straboviridae,219,8.90e-73,1,0,0,none,2,yes,96.75,High-quality,,,,膜成孔（内溶素协同，推断）,0.39,其他革兰阴性/细菌,0.7135
NC_042067_283,holin,Citrobacter,bacteria,Moonvirus,Straboviridae,219,8.90e-73,1,0,0,none,2,yes,95.01,High-quality,,,,膜成孔（内溶素协同，推断）,0.39,其他革兰阴性/细菌,0.7135
OR067836_40,depolymerase,Serratia,bacteria,Przondovirus,Autotranscriptaviridae,870,1.20e-58,2,1,2,none,0,no,94.46,High-quality,AF-A0AAE7H4S0-F1,88.7,31,未知,0.497,其他革兰阴性/细菌,0.7126
PQ197425_39,depolymerase,Raoultella,bacteria,Unclassified,Unclassified,778,9.40e-38,1,0,1,none,0,no,100.0,Complete,AF-A0AAE7H5P6-F1,89.8,26,未知,0.485,其他革兰阴性/细菌,0.7125
ON602742_22,depolymerase,Klebsiella,bacteria,Przondovirus,Autotranscriptaviridae,793,9.00e-78,1,0,1,none,0,no,100.0,Complete,,,,未知,0.481,CRKP/PA/AB 临床重点菌,0.7122
PP801331_6,depolymerase,Klebsiella,bacteria,Unclassified,Unclassified,793,9.00e-78,1,0,1,none,0,no,100.0,Complete,,,,未知,0.479,CRKP/PA/AB 临床重点菌,0.7118
OK138556_9,depolymerase,Klebsiella,bacteria,Przondovirus,Autotranscriptaviridae,793,9.00e-78,1,0,1,none,0,no,94.15,High-quality,,,,未知,0.479,CRKP/PA/AB 临床重点菌,0.7118
PX550015_36,depolymerase,Klebsiella,bacteria,Webervirus,Drexlerviridae,793,9.00e-78,1,0,1,none,0,no,94.82,High-quality,,,,未知,0.477,CRKP/PA/AB 临床重点菌,0.7116
PQ571299_43,depolymerase,Klebsiella,bacteria,Unclassified,Unclassified,668,9.00e-78,0,0,1,none,0,no,100.0,Complete,,,,未知,0.477,CRKP/PA/AB 临床重点菌,0.7116
PX694416.1_41,depolymerase,Klebsiella,bacteria,Przondovirus,Autotranscriptaviridae,793,9.00e-78,1,0,1,none,0,no,100.0,Complete,,,,未知,0.477,CRKP/PA/AB 临床重点菌,0.7116
OL799328_3,depolymerase,Klebsiella,bacteria,Przondovirus,Autotranscriptaviridae,793,9.00e-78,1,0,1,none,0,no,100.0,Complete,,,,未知,0.477,CRKP/PA/AB 临床重点菌,0.7116
PX694417.1_39,depolymerase,Klebsiella,bacteria,Przondovirus,Autotranscriptaviridae,793,9.00e-78,1,0,1,none,0,no,100.0,Complete,,,,未知,0.477,CRKP/PA/AB 临床重点菌,0.7116
NC_028857_283,holin,Citrobacter,bacteria,Moonvirus,Straboviridae,219,8.90e-73,1,0,0,none,2,yes,95.61,High-quality,,,,膜成孔（内溶素协同，推断）,0.377,其他革兰阴性/细菌,0.7116
PX694411.1_36,depolymerase,Klebsiella,bacteria,Przondovirus,Autotranscriptaviridae,793,9.00e-78,1,0,1,none,0,no,100.0,Complete,,,,未知,0.475,CRKP/PA/AB 临床重点菌,0.7113
PQ843213_10,depolymerase,Klebsiella,bacteria,Przondovirus,Autotranscriptaviridae,793,9.00e-78,1,0,1,none,0,no,95.54,High-quality,,,,未知,0.475,CRKP/PA/AB 临床重点菌,0.7113
PP662633_33,depolymerase,Klebsiella,bacteria,Przondovirus,Autotranscriptaviridae,793,9.00e-78,1,0,1,none,0,no,95.29,High-quality,,,,未知,0.475,CRKP/PA/AB 临床重点菌,0.7113
PQ133605_40,depolymerase,Klebsiella,bacteria,Unclassified,Unclassified,793,9.00e-78,1,0,1,none,0,no,100.0,Complete,,,,未知,0.475,CRKP/PA/AB 临床重点菌,0.7113
PX550017_39,depolymerase,Klebsiella,bacteria,Przondovirus,Autotranscriptaviridae,793,9.00e-78,1,0,1,none,0,no,94.63,High-quality,,,,未知,0.475,CRKP/PA/AB 临床重点菌,0.7113
PV890570_96,holin,Salmonella,bacteria,Moonvirus,Straboviridae,219,8.90e-73,1,0,0,none,2,yes,95.6,High-quality,,,,膜成孔（内溶素协同，推断）,0.374,其他革兰阴性/细菌,0.7111
MW239124_270,holin,Citrobacter,bacteria,Karamvirus,Straboviridae,218,1.90e-71,1,0,0,none,1,yes,93.15,High-quality,,,,膜成孔（内溶素协同，推断）,0.373,其他革兰阴性/细菌,0.7109
NC_092457_38,depolymerase,Klebsiella,bacteria,Przondovirus,Autotranscriptaviridae,793,9.00e-78,1,0,1,none,0,no,100.0,Complete,,,,未知,0.471,CRKP/PA/AB 临床重点菌,0.7107
PQ821890_66,holin,Proteus,bacteria,Gelderlandvirus,Straboviridae,219,6.50e-71,1,0,0,none,1,yes,87.83,Medium-quality,,,,膜成孔（内溶素协同，推断）,0.37,其他革兰阴性/细菌,0.7105
NC_027331_275,holin,Citrobacter,bacteria,Moonvirus,Straboviridae,219,8.90e-73,1,0,0,none,2,yes,94.31,High-quality,,,,膜成孔（内溶素协同，推断）,0.37,其他革兰阴性/细菌,0.7105
NC_061421_309,depolymerase,Klebsiella,bacteria,Maaswegvirus,Chimalliviridae,743,2.70e-23,1,0,1,none,2,yes,99.76,High-quality,,,,未知,0.664,CRKP/PA/AB 临床重点菌,0.7101
PV400811_281,holin,Citrobacter,bacteria,Moonvirus,Straboviridae,219,8.90e-73,1,0,0,none,2,yes,95.89,High-quality,,,,膜成孔（内溶素协同，推断）,0.367,其他革兰阴性/细菌,0.71
PQ118624_125,holin,Salmonella,bacteria,Gelderlandvirus,Straboviridae,219,6.50e-71,1,0,0,none,1,yes,88.88,Medium-quality,,,,膜成孔（内溶素协同，推断）,0.363,其他革兰阴性/细菌,0.7095
PX630723_90,holin,Salmonella,bacteria,Gelderlandvirus,Straboviridae,219,6.50e-71,1,0,0,none,1,yes,100.0,Complete,,,,膜成孔（内溶素协同，推断）,0.363,其他革兰阴性/细菌,0.7095
OY979396_47,depolymerase,Klebsiella,bacteria,Przondovirus,Autotranscriptaviridae,869,2.80e-25,1,0,0,none,0,no,93.77,High-quality,,,,未知,0.57,CRKP/PA/AB 临床重点菌,0.7092
PQ738176_1,depolymerase,Klebsiella,bacteria,Unclassified,Unclassified,659,3.50e-29,,,,none,0,no,92.65,High-quality,,,,未知,0.527,CRKP/PA/AB 临床重点菌,0.7088
NC_062582_263,lysin,Pseudomonas,bacteria,Phabiovirus,Chimalliviridae,2327,1.40e-282,0,0,1,none,2,no,99.42,High-quality,,,,未知,0.458,CRKP/PA/AB 临床重点菌,0.7087
NC_031020_256,holin,Morganella,bacteria,Gualtarvirus,Straboviridae,208,9.50e-46,1,0,0,none,1,yes,84.25,Medium-quality,,,,膜成孔（内溶素协同，推断）,0.356,其他革兰阴性/细菌,0.7084
OK570374_88,holin,Escherichia,bacteria,Gelderlandvirus,Straboviridae,219,6.50e-71,1,0,0,none,1,yes,75.88,Medium-quality,,,,膜成孔（内溶素协同，推断）,0.356,其他革兰阴性/细菌,0.7084
OR122689_244,holin,Salmonella,bacteria,Gelderlandvirus,Straboviridae,219,6.50e-71,1,0,0,none,1,yes,88.04,Medium-quality,,,,膜成孔（内溶素协同，推断）,0.356,其他革兰阴性/细菌,0.7084
OK499989_257,holin,Morganella,bacteria,Gualtarvirus,Straboviridae,208,9.50e-46,1,0,0,none,1,yes,85.2,Medium-quality,,,,膜成孔（内溶素协同，推断）,0.351,其他革兰阴性/细菌,0.7077
PQ600363_211,holin,Serratia,bacteria,Muldoonvirus,Unclassified,218,3.00e-55,1,0,0,none,2,yes,91.9,High-quality,,,,膜成孔（内溶素协同，推断）,0.347,其他革兰阴性/细菌,0.707
MW082584_104,holin,Serratia,bacteria,Unclassified,Straboviridae,218,3.00e-55,1,0,0,none,2,yes,100.0,Complete,,,,膜成孔（内溶素协同，推断）,0.347,其他革兰阴性/细菌,0.707
NC_022343_132,depolymerase,Klebsiella,bacteria,Taipeivirus,Ackermannviridae,1073,1.40e-256,,,,none,0,no,96.57,High-quality,AF-A0AAW8XL34-F1,80.1,62,未知,0.144,CRKP/PA/AB 临床重点菌,0.7067
PP974338_7,depolymerase,Klebsiella,bacteria,Taipeivirus,Ackermannviridae,1073,1.40e-256,,,,none,0,no,96.1,High-quality,AF-A0AAW8XL34-F1,80.1,62,未知,0.144,CRKP/PA/AB 临床重点菌,0.7067
PP889479_181,depolymerase,Klebsiella,bacteria,Unclassified,Unclassified,1073,1.40e-256,,,,none,0,no,95.07,High-quality,AF-A0AAW8XL34-F1,80.1,62,未知,0.144,CRKP/PA/AB 临床重点菌,0.7067
PP738763_30,depolymerase,Klebsiella,bacteria,Unclassified,Unclassified,1073,1.40e-256,,,,none,0,no,95.4,High-quality,AF-A0AAW8XL34-F1,80.1,62,未知,0.142,CRKP/PA/AB 临床重点菌,0.7065
MN871502_3,depolymerase,Salmonella,bacteria,Kuttervirus,Ackermannviridae,681,3.50e-139,1,0,0,"CAZy(tailspike,class待定)",0,no,94.98,High-quality,,,,荚膜多糖（推断）,0.341,其他革兰阴性/细菌,0.7061
PX974239.1_62,depolymerase,Klebsiella,bacteria,Unclassified,Unclassified,343,4.80e-37,,,,none,0,no,65.06,Medium-quality,AF-A0A483N7J2-F1,86.6,25,未知,0.073,CRKP/PA/AB 临床重点菌,0.7058
PP533474_197,depolymerase,Salmonella,bacteria,Kuttervirus,Ackermannviridae,681,3.50e-139,1,0,0,"CAZy(tailspike,class待定)",0,no,95.96,High-quality,,,,荚膜多糖（推断）,0.339,其他革兰阴性/细菌,0.7058
MN871493_105,depolymerase,Salmonella,bacteria,Kuttervirus,Ackermannviridae,681,3.50e-139,1,0,0,"CAZy(tailspike,class待定)",0,no,100.0,Complete,,,,荚膜多糖（推断）,0.339,其他革兰阴性/细菌,0.7058
MZ156570_111,depolymerase,Salmonella,bacteria,Kuttervirus,Ackermannviridae,681,3.50e-139,1,0,0,"CAZy(tailspike,class待定)",0,no,95.28,High-quality,,,,荚膜多糖（推断）,0.339,其他革兰阴性/细菌,0.7058
PX282428_201,depolymerase,Escherichia,bacteria,Unclassified,Unclassified,681,3.50e-139,1,0,0,"CAZy(tailspike,class待定)",0,no,95.7,High-quality,,,,荚膜多糖（推断）,0.339,其他革兰阴性/细菌,0.7058
NC_049500_9,depolymerase,Salmonella,bacteria,Kuttervirus,Ackermannviridae,681,3.50e-139,1,0,0,"CAZy(tailspike,class待定)",0,no,87.11,Medium-quality,,,,荚膜多糖（推断）,0.339,其他革兰阴性/细菌,0.7058
NC_001825_23,lysin,Streptococcus,bacteria,Cepunavirus,Madridviridae,340,1.90e-39,4,1,2,CBM(class);GH25,0,no,58.82,Medium-quality,AF-A0A3R9HH50-F1,95.2,21,肽聚糖（推断）,0.253,革兰阳性,0.7057
OY757062_59,depolymerase,Klebsiella,bacteria,Drulisvirus,Autoscriptoviridae,780,3.50e-18,1,0,0,none,0,no,94.88,High-quality,AF-J6HJG6-F1,86.3,30,未知,0.49,CRKP/PA/AB 临床重点菌,0.7043
OY979393_44,depolymerase,Klebsiella,bacteria,Przondovirus,Autotranscriptaviridae,288,5.70e-26,2,0,1,none,0,no,91.83,High-quality,,,,未知,0.423,CRKP/PA/AB 临床重点菌,0.7035
OK490472_4,depolymerase,Klebsiella,bacteria,Unclassified,Unclassified,815,1.90e-189,,,,none,0,no,60.86,Medium-quality,AF-A0ABD7NLF8-F1,88.3,44,未知,0.036,CRKP/PA/AB 临床重点菌,0.7028
OR088902_259,holin,Serratia,bacteria,Unclassified,Straboviridae,220,7.70e-53,1,0,0,none,2,yes,91.92,High-quality,,,,膜成孔（内溶素协同，推断）,0.319,其他革兰阴性/细菌,0.7028
NC_048059_44,lysin,Dickeya,bacteria,Aarhusvirus,Autotranscriptaviridae,1321,9.70e-314,1,0,1,GH23,0,no,92.51,High-quality,,,,肽聚糖（推断）,0.419,其他革兰阴性/细菌,0.7028
NC_047961_43,lysin,Dickeya,bacteria,Aarhusvirus,Autotranscriptaviridae,1321,9.70e-314,1,0,1,GH23,0,no,91.96,High-quality,,,,肽聚糖（推断）,0.419,其他革兰阴性/细菌,0.7028
PQ133614_6,depolymerase,Klebsiella,bacteria,Unclassified,Unclassified,904,2.30e-28,1,0,0,none,0,no,100.0,Complete,,,,未知,0.418,CRKP/PA/AB 临床重点菌,0.7027
PP889470_41,depolymerase,Klebsiella,bacteria,Unclassified,Unclassified,904,2.30e-28,1,0,0,none,0,no,95.73,High-quality,,,,未知,0.418,CRKP/PA/AB 临床重点菌,0.7027
NC_048060_44,lysin,Dickeya,bacteria,Aarhusvirus,Autotranscriptaviridae,1321,9.70e-314,1,0,1,GH23,0,no,92.54,High-quality,,,,肽聚糖（推断）,0.418,其他革兰阴性/细菌,0.7027
NC_048057_42,lysin,Dickeya,bacteria,Aarhusvirus,Autotranscriptaviridae,1321,9.70e-314,1,0,1,GH23,0,no,92.4,High-quality,,,,肽聚糖（推断）,0.417,其他革兰阴性/细菌,0.7026
MW057858_110,holin,Providencia,bacteria,Unclassified,Straboviridae,207,3.90e-46,1,0,0,none,1,yes,80.33,Medium-quality,,,,膜成孔（内溶素协同，推断）,0.315,其他革兰阴性/细菌,0.7023
OP970826_49,depolymerase,Klebsiella,bacteria,Przondovirus,Autotranscriptaviridae,904,2.30e-28,1,0,1,none,0,no,95.84,High-quality,,,,未知,0.414,CRKP/PA/AB 临床重点菌,0.7021
PP889475_41,depolymerase,Klebsiella,bacteria,Unclassified,Unclassified,904,2.30e-28,1,0,0,none,0,no,95.76,High-quality,,,,未知,0.414,CRKP/PA/AB 临床重点菌,0.7021
PP889467_38,depolymerase,Klebsiella,bacteria,Unclassified,Unclassified,904,2.30e-28,1,0,0,none,0,no,94.29,High-quality,,,,未知,0.413,CRKP/PA/AB 临床重点菌,0.7019
PP889478_39,depolymerase,Klebsiella,bacteria,Unclassified,Unclassified,904,2.30e-28,1,0,0,none,0,no,95.4,High-quality,,,,未知,0.413,CRKP/PA/AB 临床重点菌,0.7019
NC_049472_135,depolymerase,Klebsiella,bacteria,Taipeivirus,Ackermannviridae,1010,1.30e-256,1,0,1,GH28,0,no,96.96,High-quality,,,,肽聚糖（推断）,0.012,CRKP/PA/AB 临床重点菌,0.7018
NC_047773_44,depolymerase,Klebsiella,bacteria,Przondovirus,Autotranscriptaviridae,904,2.30e-28,1,0,0,none,0,no,100.0,Complete,,,,未知,0.411,CRKP/PA/AB 临床重点菌,0.7016
MZ571832_11,depolymerase,Klebsiella,bacteria,Przondovirus,Autotranscriptaviridae,904,2.30e-28,1,0,1,none,0,no,100.0,Complete,,,,未知,0.41,CRKP/PA/AB 临床重点菌,0.7015
PQ569648_82,depolymerase,Klebsiella,bacteria,Unclassified,Unclassified,379,4.80e-37,,,,none,0,no,95.28,High-quality,AF-A0A2J4Y2T6-F1,90.6,21,未知,0.003,CRKP/PA/AB 临床重点菌,0.7014
PV683291_28,depolymerase,Klebsiella,bacteria,Unclassified,Unclassified,904,2.30e-28,1,0,0,none,0,no,100.0,Complete,,,,未知,0.408,CRKP/PA/AB 临床重点菌,0.7012
PQ133601_32,depolymerase,Klebsiella,bacteria,Unclassified,Unclassified,904,2.30e-28,1,0,0,none,0,no,100.0,Complete,,,,未知,0.406,CRKP/PA/AB 临床重点菌,0.7009
OP970825_20,depolymerase,Klebsiella,bacteria,Przondovirus,Autotranscriptaviridae,904,2.30e-28,1,0,0,none,0,no,95.1,High-quality,,,,未知,0.406,CRKP/PA/AB 临床重点菌,0.7009
PQ589833_11,depolymerase,Klebsiella,bacteria,Unclassified,Unclassified,904,2.30e-28,1,0,0,none,0,no,95.91,High-quality,,,,未知,0.406,CRKP/PA/AB 临床重点菌,0.7009
PV660644_5,depolymerase,Klebsiella,bacteria,Unclassified,Unclassified,904,2.30e-28,1,0,0,none,0,no,100.0,Complete,,,,未知,0.405,CRKP/PA/AB 临床重点菌,0.7007
OR532812_38,depolymerase,Klebsiella,bacteria,Unclassified,Unclassified,904,2.30e-28,1,0,0,none,0,no,88.48,Medium-quality,,,,未知,0.405,CRKP/PA/AB 临床重点菌,0.7007
PX694421.1_41,depolymerase,Klebsiella,bacteria,Przondovirus,Autotranscriptaviridae,904,2.30e-28,1,0,0,none,0,no,100.0,Complete,,,,未知,0.405,CRKP/PA/AB 临床重点菌,0.7007
PV683290_9,depolymerase,Klebsiella,bacteria,Unclassified,Unclassified,904,2.30e-28,1,0,0,none,0,no,100.0,Complete,,,,未知,0.405,CRKP/PA/AB 临床重点菌,0.7007
OX335403_149,depolymerase,Klebsiella,bacteria,Taipeivirus,Ackermannviridae,1010,1.30e-256,1,0,1,GH28,0,no,100.0,Complete,,,,肽聚糖（推断）,0.004,CRKP/PA/AB 临床重点菌,0.7006
OK490417_52,depolymerase,Klebsiella,bacteria,Uetakevirus,Unclassified,968,5.50e-89,1,1,0,none,1,no,68.48,Medium-quality,,,,未知,0.402,CRKP/PA/AB 临床重点菌,0.7003
NC_028977_43,depolymerase,Klebsiella,bacteria,Przondovirus,Autotranscriptaviridae,904,2.30e-28,1,0,0,none,0,no,100.0,Complete,,,,未知,0.401,CRKP/PA/AB 临床重点菌,0.7002
LC819007_40,lysin,Ralstonia,bacteria,Unclassified,Unclassified,2523,6.90e-27,2,0,1,GH23,4,no,98.11,High-quality,,,,肽聚糖（推断）,0.401,其他革兰阴性/细菌,0.7001
LC819005_39,lysin,Ralstonia,bacteria,Unclassified,Unclassified,2523,6.90e-27,2,0,1,GH23,4,no,97.87,High-quality,,,,肽聚糖（推断）,0.401,其他革兰阴性/细菌,0.7001
NC_028800_41,depolymerase,Klebsiella,bacteria,Przondovirus,Autotranscriptaviridae,818,1.10e-27,2,0,2,GH28,0,no,100.0,Complete,,,,肽聚糖（推断）,0.0,CRKP/PA/AB 临床重点菌,0.7
PV539235_62,depolymerase,Klebsiella,bacteria,Unclassified,Unclassified,737,3.80e-26,1,0,0,none,0,no,85.34,Medium-quality,AF-A0A377WN38-F1,84.5,31,未知,0.122,CRKP/PA/AB 临床重点菌,0.6995
PP105577_40,depolymerase,Klebsiella,bacteria,Przondovirus,Autotranscriptaviridae,904,2.30e-28,1,0,0,none,0,no,100.0,Complete,,,,未知,0.396,CRKP/PA/AB 临床重点菌,0.6994
PQ133616_37,depolymerase,Klebsiella,bacteria,Unclassified,Unclassified,904,2.30e-28,1,0,0,none,0,no,92.59,High-quality,,,,未知,0.396,CRKP/PA/AB 临床重点菌,0.6994
PX694428.1_38,depolymerase,Klebsiella,bacteria,Przondovirus,Autotranscriptaviridae,904,2.30e-28,1,0,0,none,0,no,100.0,Complete,,,,未知,0.396,CRKP/PA/AB 临床重点菌,0.6994
OR256027_2,depolymerase,Klebsiella,bacteria,Przondovirus,Autotranscriptaviridae,904,2.30e-28,1,0,1,none,0,no,94.7,High-quality,,,,未知,0.396,CRKP/PA/AB 临床重点菌,0.6994
PV173013_6,depolymerase,Klebsiella,bacteria,Przondovirus,Autotranscriptaviridae,904,2.30e-28,1,0,0,none,0,no,100.0,Complete,,,,未知,0.391,CRKP/PA/AB 临床重点菌,0.6986
OP626794_31,depolymerase,Klebsiella,bacteria,Unclassified,Unclassified,904,2.30e-28,1,0,0,none,0,no,95.74,High-quality,,,,未知,0.391,CRKP/PA/AB 临床重点菌,0.6986
PX670398.1_44,depolymerase,Klebsiella,bacteria,Unclassified,Unclassified,1102,6.40e-26,2,0,1,none,0,no,94.42,High-quality,,,,未知,0.388,CRKP/PA/AB 临床重点菌,0.6982
NC_047971_40,depolymerase,Klebsiella,bacteria,Przondovirus,Autotranscriptaviridae,904,2.30e-28,1,0,0,none,0,no,100.0,Complete,,,,未知,0.388,CRKP/PA/AB 临床重点菌,0.6982
PP476965_6,depolymerase,Klebsiella,bacteria,Przondovirus,Autotranscriptaviridae,904,2.30e-28,1,0,0,none,0,no,92.7,High-quality,,,,未知,0.388,CRKP/PA/AB 临床重点菌,0.6982
PZ055532.1_44,depolymerase,Klebsiella,bacteria,Unclassified,Unclassified,824,3.70e-11,2,0,0,PL(class),0,no,93.53,High-quality,AF-A0A508ZRM9-F1,85.4,25,荚膜多糖（推断）,0.137,CRKP/PA/AB 临床重点菌,0.6982
MN923124_19,depolymerase,Acinetobacter,bacteria,Unclassified,Unclassified,822,5.30e-22,0,0,1,none,0,no,80.44,Medium-quality,AF-A0A564M404-F1,85.2,48,未知,0.423,CRKP/PA/AB 临床重点菌,0.6981
OP114731_50,depolymerase,Klebsiella,bacteria,Drulisvirus,Autoscriptoviridae,824,3.70e-11,2,0,0,PL(class),0,no,95.23,High-quality,AF-A0A508ZRM9-F1,85.4,25,荚膜多糖（推断）,0.135,CRKP/PA/AB 临床重点菌,0.6979
MK416007_56,depolymerase,Klebsiella,bacteria,Unclassified,Unclassified,343,4.80e-37,,,,none,0,no,61.79,Medium-quality,AF-A0A483K3F0-F1,88.5,23,未知,0.0,CRKP/PA/AB 临床重点菌,0.6977
PQ133598_41,depolymerase,Klebsiella,bacteria,Unclassified,Unclassified,341,4.80e-37,,,,none,0,no,63.32,Medium-quality,AF-A0A422WEI3-F1,88.2,19,未知,0.0,CRKP/PA/AB 临床重点菌,0.6973
PV223882_25,lysin,Escherichia,bacteria,Teseptimavirus,Autotranscriptaviridae,508,6.10e-107,2,1,2,none,0,no,100.0,Complete,AF-A0A2N6QKF3-F1,85.1,34,未知,0.429,其他革兰阴性/细菌,0.697
PP526725_38,lysin,Salmonella,bacteria,Zindervirus,Autosignataviridae,982,2.00e-229,1,0,1,GH24,0,no,100.0,Complete,,,,肽聚糖（推断）,0.375,其他革兰阴性/细菌,0.6963
ON461912_14,lysin,Salmonella,bacteria,Guangxivirus,Autosignataviridae,982,2.00e-229,1,0,1,GH24,0,no,100.0,Complete,,,,肽聚糖（推断）,0.375,其他革兰阴性/细菌,0.6963
PV610698_16,depolymerase,Klebsiella,bacteria,Unclassified,Unclassified,805,3.00e-27,1,1,0,none,0,no,100.0,Complete,,,,未知,0.393,CRKP/PA/AB 临床重点菌,0.6958
OZ390011.1_40,depolymerase,Klebsiella,bacteria,Unclassified,Unclassified,343,4.80e-37,,,,none,0,no,61.2,Medium-quality,AF-A0A483N7J2-F1,86.6,25,未知,0.006,CRKP/PA/AB 临床重点菌,0.6958
MN116494_48,depolymerase,Klebsiella,bacteria,Drulisvirus,Autoscriptoviridae,824,3.70e-11,2,0,0,PL(class),0,no,94.55,High-quality,AF-A0A508ZRM9-F1,85.4,25,荚膜多糖（推断）,0.12,CRKP/PA/AB 临床重点菌,0.6956
MK422448_66,depolymerase,Klebsiella,bacteria,Unclassified,Unclassified,790,2.40e-51,,,,none,0,no,71.61,Medium-quality,AF-A0A844PSZ7-F1,86.0,55,未知,0.0,CRKP/PA/AB 临床重点菌,0.694
PX694419.1_44,depolymerase,Klebsiella,bacteria,Przondovirus,Autotranscriptaviridae,778,1.40e-28,1,0,1,none,0,no,100.0,Complete,,,,未知,0.36,CRKP/PA/AB 临床重点菌,0.694
OP924281_91,depolymerase,Salmonella,bacteria,Unclassified,Unclassified,183,1.20e-139,2,0,1,"CAZy(tailspike,class待定)",0,no,85.74,Medium-quality,,,,荚膜多糖（推断）,0.257,其他革兰阴性/细菌,0.6935
NC_048656_29,depolymerase,Klebsiella,bacteria,Mydovirus,Unclassified,607,2.70e-32,0,0,1,none,0,no,91.73,High-quality,,,,未知,0.356,CRKP/PA/AB 临床重点菌,0.6934
PQ119497_28,depolymerase,Cobetia,bacteria,Unclassified,Unclassified,830,4.20e-38,1,0,0,none,0,yes,96.34,High-quality,AF-A0A1H5PWR3-F1,72.3,46,未知,0.531,其他革兰阴性/细菌,0.6931
OY757067_103,depolymerase,Klebsiella,bacteria,Mydovirus,Unclassified,608,2.70e-32,0,0,1,none,0,no,100.0,Complete,,,,未知,0.344,CRKP/PA/AB 临床重点菌,0.6916
PQ569692_98,depolymerase,Klebsiella,bacteria,Unclassified,Unclassified,608,2.70e-32,0,0,1,none,0,no,90.59,High-quality,,,,未知,0.344,CRKP/PA/AB 临床重点菌,0.6916
NC_048873_52,depolymerase,Klebsiella,bacteria,Mydovirus,Unclassified,608,2.70e-32,0,0,1,none,0,no,89.95,Medium-quality,,,,未知,0.344,CRKP/PA/AB 临床重点菌,0.6916
PX437954_16,lysin,Klebsiella,bacteria,Unclassified,Unclassified,904,1.80e-35,,,,none,0,no,26.72,Low-quality,,,,未知,0.743,CRKP/PA/AB 临床重点菌,0.6915
NC_019526_535,depolymerase,Klebsiella,bacteria,Alcyoneusvirus,Unclassified,1114,5.80e-31,,,,none,0,no,89.93,Medium-quality,,,,未知,0.342,CRKP/PA/AB 临床重点菌,0.6913
ON399185_203,depolymerase,Klebsiella,bacteria,Taipeivirus,Ackermannviridae,724,6.40e-32,,,,none,0,no,94.92,High-quality,,,,未知,0.342,CRKP/PA/AB 临床重点菌,0.6913
MZ826764_154,depolymerase,Klebsiella,bacteria,Taipeivirus,Ackermannviridae,724,6.40e-32,,,,none,0,no,100.0,Complete,,,,未知,0.34,CRKP/PA/AB 临床重点菌,0.691
MK448230_63,depolymerase,Klebsiella,bacteria,Unclassified,Unclassified,344,4.80e-37,,,,none,0,no,69.01,Medium-quality,AF-A0AAW9PFL2-F1,83.7,19,未知,0.003,CRKP/PA/AB 临床重点菌,0.691
MN871445_142,lysin,Serratia,bacteria,Unclassified,Unclassified,2140,4.80e-39,1,0,1,GH23,2,no,91.92,High-quality,,,,肽聚糖（推断）,0.739,其他革兰阴性/细菌,0.6908
OR464140_150,lysin,Salmonella,bacteria,Unclassified,Ackermannviridae,265,1.00e-10,2,0,2,CBM(class);GH(class),0,no,93.76,High-quality,AF-A0A396RYG3-F1,95.4,18,肽聚糖（推断）,0.5,其他革兰阴性/细菌,0.6898
PX833378.1_21,depolymerase,Klebsiella,bacteria,Unclassified,Unclassified,857,5.40e-32,0,0,1,none,0,no,91.62,High-quality,,,,未知,0.329,CRKP/PA/AB 临床重点菌,0.6894
OP413832_38,depolymerase,Klebsiella,bacteria,Webervirus,Drexlerviridae,829,5.40e-32,0,0,1,none,0,no,100.0,Complete,,,,未知,0.328,CRKP/PA/AB 临床重点菌,0.6892
OK490415_68,depolymerase,Klebsiella,bacteria,Unclassified,Unclassified,676,1.70e-25,0,0,2,none,0,no,86.91,Medium-quality,AF-A0A486UJN3-F1,89.1,24,未知,0.168,CRKP/PA/AB 临床重点菌,0.689
MN871444_66,lysin,Serratia,bacteria,Unclassified,Unclassified,2140,1.80e-35,1,0,1,GH23,2,no,91.55,High-quality,,,,肽聚糖（推断）,0.723,其他革兰阴性/细菌,0.6885
PX418225.1_47,lysin,Pseudomonas,bacteria,Pawinskivirus,Chimalliviridae,260,5.70e-13,2,0,2,CBM(class);GH23,0,no,97.89,High-quality,,,,肽聚糖（推断）,0.445,CRKP/PA/AB 临床重点菌,0.6884
ON862890_1,depolymerase,Escherichia,bacteria,Unclassified,Ackermannviridae,1105,1.80e-142,1,0,0,"CAZy(tailspike,class待定)",0,yes,100.0,Complete,,,,荚膜多糖（推断）,0.222,其他革兰阴性/细菌,0.6883
PQ474292_301,lysin,Aeromonas,bacteria,Unclassified,Unclassified,2228,5.80e-35,1,0,1,GH23,0,no,100.0,Complete,,,,肽聚糖（推断）,0.715,其他革兰阴性/细菌,0.6873
MK448933_72,lysin,Streptococcus,bacteria,Unclassified,Unclassified,449,5.10e-48,1,1,1,GH25,0,no,83.33,Medium-quality,AF-A0A8B4R8M1-F1,85.2,29,肽聚糖（推断）,0.229,革兰阳性,0.6872
OR532798_21,depolymerase,Klebsiella,bacteria,Unclassified,Unclassified,759,3.40e-36,0,0,1,none,0,no,93.43,High-quality,,,,未知,0.314,CRKP/PA/AB 临床重点菌,0.6871
OY978834_42,depolymerase,Klebsiella,bacteria,Przondovirus,Autotranscriptaviridae,392,1.50e-36,1,0,2,none,0,no,95.08,High-quality,,,,未知,0.314,CRKP/PA/AB 临床重点菌,0.6871
PQ182779_231,depolymerase,Klebsiella,bacteria,Unclassified,Unclassified,804,3.20e-45,,,,none,0,no,99.41,High-quality,,,,未知,0.712,CRKP/PA/AB 临床重点菌,0.6868
PV029745_223,lysin,Pseudomonas,bacteria,Phikzvirus,Chimalliviridae,260,5.70e-13,2,0,2,CBM(class);GH23,0,yes,98.63,High-quality,,,,肽聚糖（推断）,0.434,CRKP/PA/AB 临床重点菌,0.6867
PP968062_229,lysin,Pseudomonas,bacteria,Pawinskivirus,Chimalliviridae,260,5.70e-13,2,0,2,CBM(class);GH23,0,no,98.82,High-quality,,,,肽聚糖（推断）,0.434,CRKP/PA/AB 临床重点菌,0.6867
OU343167_173,lysin,Pseudomonas,bacteria,Unclassified,Unclassified,260,5.70e-13,2,0,2,CBM(class);GH23,0,yes,98.88,High-quality,,,,肽聚糖（推断）,0.434,CRKP/PA/AB 临床重点菌,0.6867
PX994370.1_281,lysin,Burkholderia,bacteria,Unclassified,Unclassified,2420,1.40e-27,1,0,1,GH23,2,no,85.46,Medium-quality,,,,肽聚糖（推断）,0.717,其他革兰阴性/细菌,0.6866
NC_049378_218,lysin,Salmonella,bacteria,Kuttervirus,Ackermannviridae,44,2.10e-20,1,0,0,GH(class),0,no,95.26,High-quality,AF-A0A9D8VC34-F1,96.8,11,肽聚糖（推断）,0.167,其他革兰阴性/细菌,0.6864
NC_027399_535,depolymerase,Klebsiella,bacteria,Alcyoneusvirus,Unclassified,1194,1.80e-81,0,0,1,none,0,no,90.19,High-quality,,,,未知,0.305,CRKP/PA/AB 临床重点菌,0.6857
PV550976_29,depolymerase,Klebsiella,bacteria,Unclassified,Unclassified,694,1.20e-58,1,0,2,none,0,no,95.59,High-quality,,,,未知,0.305,CRKP/PA/AB 临床重点菌,0.6857
OL631257_18,holin,Escherichia,bacteria,Unclassified,Straboviridae,43,1.20e-79,1,0,0,none,0,yes,75.94,Medium-quality,,,,膜成孔（内溶素协同，推断）,0.205,其他革兰阴性/细菌,0.6857
OM194188_1,depolymerase,Klebsiella,bacteria,Przondovirus,Autotranscriptaviridae,876,2.80e-47,2,0,1,none,0,no,95.43,High-quality,,,,未知,0.304,CRKP/PA/AB 临床重点菌,0.6856
MT560058_141,holin,Pectobacterium,bacteria,Unclassified,Straboviridae,212,9.00e-48,1,0,0,none,1,yes,85.74,Medium-quality,,,,膜成孔（内溶素协同，推断）,0.604,其他革兰阴性/细菌,0.6856
PP226939_6,lysin,Aeromonas,bacteria,Coryciavirus,Autotranscriptaviridae,1361,2.60e-77,1,0,1,GH23,0,no,92.85,High-quality,,,,肽聚糖（推断）,0.702,其他革兰阴性/细菌,0.6853
NC_049507_5,depolymerase,Salmonella,bacteria,Kuttervirus,Ackermannviridae,967,6.70e-139,1,0,0,"CAZy(tailspike,class待定)",0,no,95.96,High-quality,,,,荚膜多糖（推断）,0.2,其他革兰阴性/细菌,0.685
PV854171_36,depolymerase,Klebsiella,bacteria,Unclassified,Unclassified,876,5.80e-57,2,0,0,none,0,no,94.06,High-quality,,,,未知,0.298,CRKP/PA/AB 临床重点菌,0.6847
OM194189_40,depolymerase,Klebsiella,bacteria,Przondovirus,Autotranscriptaviridae,876,5.80e-57,2,0,0,none,0,no,94.7,High-quality,,,,未知,0.294,CRKP/PA/AB 临床重点菌,0.6841
PP889491_36,depolymerase,Klebsiella,bacteria,Unclassified,Unclassified,876,5.80e-57,2,0,0,none,0,no,94.34,High-quality,,,,未知,0.294,CRKP/PA/AB 临床重点菌,0.6841
OY978791_45,depolymerase,Klebsiella,bacteria,Przondovirus,Autotranscriptaviridae,876,5.80e-57,2,0,0,none,0,no,95.44,High-quality,,,,未知,0.294,CRKP/PA/AB 临床重点菌,0.6841
NC_010105_263,holin,Escherichia,bacteria,Dhakavirus,Straboviridae,218,5.50e-54,1,0,0,none,1,yes,95.84,High-quality,,,,膜成孔（内溶素协同，推断）,0.193,其他革兰阴性/细菌,0.6839
PP693301_219,holin,Yersinia,bacteria,Unclassified,Unclassified,218,5.50e-54,1,0,0,none,1,yes,96.37,High-quality,,,,膜成孔（内溶素协同，推断）,0.193,其他革兰阴性/细菌,0.6839
OK254198_171,holin,Escherichia,bacteria,Gaprivervirus,Straboviridae,218,5.50e-54,1,0,0,none,1,yes,96.69,High-quality,,,,膜成孔（内溶素协同，推断）,0.193,其他革兰阴性/细菌,0.6839
NC_070780_1,holin,Escherichia,bacteria,Gaprivervirus,Straboviridae,218,5.50e-54,1,0,0,none,1,yes,95.94,High-quality,,,,膜成孔（内溶素协同，推断）,0.193,其他革兰阴性/细菌,0.6839
PQ341120_87,holin,Escherichia,bacteria,Gaprivervirus,Straboviridae,218,5.50e-54,1,0,0,none,1,yes,95.39,High-quality,,,,膜成孔（内溶素协同，推断）,0.193,其他革兰阴性/细菌,0.6839
PQ765507_103,holin,Escherichia,bacteria,Unclassified,Unclassified,216,5.50e-54,1,0,0,none,1,yes,100.0,Complete,,,,膜成孔（内溶素协同，推断）,0.193,其他革兰阴性/细菌,0.6839
MT446415_223,holin,Escherichia,bacteria,Gaprivervirus,Straboviridae,218,5.50e-54,1,0,0,none,1,yes,100.0,Complete,,,,膜成孔（内溶素协同，推断）,0.193,其他革兰阴性/细菌,0.6839
MW250787_32,holin,Escherichia,bacteria,Gaprivervirus,Straboviridae,218,5.50e-54,1,0,0,none,1,yes,100.0,Complete,,,,膜成孔（内溶素协同，推断）,0.193,其他革兰阴性/细菌,0.6839
ON602755_42,depolymerase,Klebsiella,bacteria,Przondovirus,Autotranscriptaviridae,876,5.80e-57,2,0,1,none,0,no,100.0,Complete,,,,未知,0.291,CRKP/PA/AB 临床重点菌,0.6836
OM194190_37,depolymerase,Klebsiella,bacteria,Przondovirus,Autotranscriptaviridae,876,5.80e-57,2,0,1,none,0,no,94.17,High-quality,,,,未知,0.291,CRKP/PA/AB 临床重点菌,0.6836
NC_011043_41,depolymerase,Klebsiella,bacteria,Przondovirus,Autotranscriptaviridae,876,5.80e-57,2,0,1,none,0,no,100.0,Complete,,,,未知,0.291,CRKP/PA/AB 临床重点菌,0.6836
NC_049495_133,depolymerase,Salmonella,bacteria,Kuttervirus,Ackermannviridae,967,6.70e-139,1,0,0,"CAZy(tailspike,class待定)",0,no,100.0,Complete,,,,荚膜多糖（推断）,0.19,其他革兰阴性/细菌,0.6835
MH523359_133,depolymerase,Salmonella,bacteria,Kuttervirus,Ackermannviridae,967,6.70e-139,1,0,0,"CAZy(tailspike,class待定)",0,no,100.0,Complete,,,,荚膜多糖（推断）,0.19,其他革兰阴性/细菌,0.6835
NC_092456_34,depolymerase,Klebsiella,bacteria,Przondovirus,Autotranscriptaviridae,876,5.80e-57,2,0,1,none,0,no,100.0,Complete,,,,未知,0.287,CRKP/PA/AB 临床重点菌,0.6831
PV112477_1,depolymerase,Klebsiella,bacteria,Jedunavirus,Unclassified,699,2.40e-37,0,0,1,none,0,no,80.48,Medium-quality,,,,未知,0.286,CRKP/PA/AB 临床重点菌,0.6829
NC_005135_229,holin,Aeromonas,bacteria,Biquartavirus,Straboviridae,222,3.50e-49,1,0,0,none,2,yes,85.62,Medium-quality,,,,膜成孔（内溶素协同，推断）,0.585,其他革兰阴性/细菌,0.6827
OP380606_76,holin,Aeromonas,bacteria,Biquartavirus,Straboviridae,222,3.50e-49,1,0,0,none,2,yes,86.35,Medium-quality,,,,膜成孔（内溶素协同，推断）,0.585,其他革兰阴性/细菌,0.6827
PQ589213_10,depolymerase,Klebsiella,bacteria,Unclassified,Unclassified,876,5.80e-57,2,0,0,none,0,no,95.17,High-quality,,,,未知,0.284,CRKP/PA/AB 临床重点菌,0.6826
PQ133622_38,depolymerase,Klebsiella,bacteria,Unclassified,Unclassified,876,5.80e-57,2,0,0,none,0,no,100.0,Complete,,,,未知,0.284,CRKP/PA/AB 临床重点菌,0.6826
NC_014792_266,holin,Escherichia,bacteria,Gaprivervirus,Straboviridae,218,5.50e-54,1,0,0,none,1,yes,95.37,High-quality,,,,膜成孔（内溶素协同，推断）,0.184,其他革兰阴性/细菌,0.6826
NC_028925_268,holin,Escherichia,bacteria,Gaprivervirus,Straboviridae,218,5.50e-54,1,0,0,none,1,yes,96.17,High-quality,,,,膜成孔（内溶素协同，推断）,0.184,其他革兰阴性/细菌,0.6826
MT446422_287,holin,Escherichia,bacteria,Gaprivervirus,Straboviridae,218,5.50e-54,1,0,0,none,1,yes,96.52,High-quality,,,,膜成孔（内溶素协同，推断）,0.184,其他革兰阴性/细菌,0.6826
NC_028957_264,holin,Escherichia,bacteria,Gaprivervirus,Straboviridae,218,5.50e-54,1,0,0,none,1,yes,96.45,High-quality,,,,膜成孔（内溶素协同，推断）,0.184,其他革兰阴性/细菌,0.6826
MW269952_152,holin,Escherichia,bacteria,Gaprivervirus,Straboviridae,218,5.50e-54,1,0,0,none,1,yes,96.62,High-quality,,,,膜成孔（内溶素协同，推断）,0.184,其他革兰阴性/细菌,0.6826
MT611523_102,holin,Escherichia,bacteria,Gaprivervirus,Straboviridae,218,5.50e-54,1,0,0,none,1,yes,96.74,High-quality,,,,膜成孔（内溶素协同，推断）,0.184,其他革兰阴性/细菌,0.6826
NC_028894_269,holin,Escherichia,bacteria,Gaprivervirus,Straboviridae,218,5.50e-54,1,0,0,none,1,yes,96.01,High-quality,,,,膜成孔（内溶素协同，推断）,0.184,其他革兰阴性/细菌,0.6826
MW233709_159,holin,Escherichia,bacteria,Gaprivervirus,Straboviridae,218,5.50e-54,1,0,0,none,1,yes,95.57,High-quality,,,,膜成孔（内溶素协同，推断）,0.184,其他革兰阴性/细菌,0.6826
MT446420_73,holin,Escherichia,bacteria,Gaprivervirus,Straboviridae,218,5.50e-54,1,0,0,none,1,yes,100.0,Complete,,,,膜成孔（内溶素协同，推断）,0.184,其他革兰阴性/细菌,0.6826
OR532874_37,depolymerase,Klebsiella,bacteria,Unclassified,Unclassified,692,2.40e-37,0,0,1,none,0,no,81.19,Medium-quality,,,,未知,0.283,CRKP/PA/AB 临床重点菌,0.6825
OM716005_35,lysin,Aeromonas,bacteria,Armandvirus,Autotranscriptaviridae,1375,2.80e-82,1,0,1,GH23,0,no,100.0,Complete,,,,肽聚糖（推断）,0.682,其他革兰阴性/细菌,0.6823
PX282428_198,depolymerase,Escherichia,bacteria,Unclassified,Unclassified,1037,7.20e-140,1,0,0,"CAZy(tailspike,class待定)",0,no,95.7,High-quality,,,,荚膜多糖（推断）,0.181,其他革兰阴性/细菌,0.6821
OR532863_41,depolymerase,Klebsiella,bacteria,Unclassified,Unclassified,876,5.80e-57,2,0,0,none,0,no,94.33,High-quality,,,,未知,0.28,CRKP/PA/AB 临床重点菌,0.682
PP889497_37,depolymerase,Klebsiella,bacteria,Unclassified,Unclassified,876,5.80e-57,2,0,0,none,0,no,93.39,High-quality,,,,未知,0.28,CRKP/PA/AB 临床重点菌,0.682
PP889498_41,depolymerase,Klebsiella,bacteria,Unclassified,Unclassified,876,5.80e-57,2,0,0,none,0,no,95.67,High-quality,,,,未知,0.28,CRKP/PA/AB 临床重点菌,0.682
PV854178_40,depolymerase,Klebsiella,bacteria,Unclassified,Unclassified,876,5.80e-57,2,0,0,none,0,no,95.21,High-quality,,,,未知,0.28,CRKP/PA/AB 临床重点菌,0.682
PP915726_6,depolymerase,Klebsiella,bacteria,Przondovirus,Autotranscriptaviridae,974,1.50e-27,1,0,1,none,0,no,94.15,High-quality,,,,未知,0.288,CRKP/PA/AB 临床重点菌,0.682
NC_019452_167,depolymerase,Escherichia,bacteria,Kuttervirus,Ackermannviridae,1037,7.20e-140,1,0,0,"CAZy(tailspike,class待定)",0,no,94.77,High-quality,,,,荚膜多糖（推断）,0.18,其他革兰阴性/细菌,0.682
MZ156570_108,depolymerase,Salmonella,bacteria,Kuttervirus,Ackermannviridae,1037,7.20e-140,1,0,0,"CAZy(tailspike,class待定)",0,no,95.28,High-quality,,,,荚膜多糖（推断）,0.18,其他革兰阴性/细菌,0.682
OK625527_1,depolymerase,Klebsiella,bacteria,Gansuvirus,Autosignataviridae,649,7.00e-15,3,0,1,"PL(K1_lyase,family待dbCAN)",0,no,100.0,Complete,,,,荚膜多糖（推断）,0.083,CRKP/PA/AB 临床重点菌,0.6818
NC_027399_532,depolymerase,Klebsiella,bacteria,Alcyoneusvirus,Unclassified,737,5.70e-42,,,,none,0,no,90.19,High-quality,,,,未知,0.278,CRKP/PA/AB 临床重点菌,0.6817
KY630163_153,depolymerase,Salmonella,bacteria,Kuttervirus,Ackermannviridae,1037,7.20e-140,1,0,0,"CAZy(tailspike,class待定)",0,no,95.79,High-quality,,,,荚膜多糖（推断）,0.178,其他革兰阴性/细菌,0.6817
PV244425_43,lysin,Vibrio,bacteria,Unclassified,Unclassified,945,5.70e-25,1,0,1,GH24,0,no,96.4,High-quality,,,,肽聚糖（推断）,1.0,其他革兰阴性/细菌,0.6816
PV854170_39,depolymerase,Klebsiella,bacteria,Unclassified,Unclassified,876,5.80e-57,3,0,0,none,0,no,95.39,High-quality,,,,未知,0.277,CRKP/PA/AB 临床重点菌,0.6815
PP758980_5,depolymerase,Klebsiella,bacteria,Unclassified,Unclassified,876,5.80e-57,3,0,0,none,0,no,100.0,Complete,,,,未知,0.277,CRKP/PA/AB 临床重点菌,0.6815
OR729889_204,depolymerase,Salmonella,bacteria,Kuttervirus,Ackermannviridae,1037,7.20e-140,1,0,0,"CAZy(tailspike,class待定)",0,no,100.0,Complete,,,,荚膜多糖（推断）,0.177,其他革兰阴性/细菌,0.6815
NC_049382_75,depolymerase,Salmonella,bacteria,Kuttervirus,Ackermannviridae,1037,7.20e-140,1,0,0,"CAZy(tailspike,class待定)",0,no,95.34,High-quality,,,,荚膜多糖（推断）,0.177,其他革兰阴性/细菌,0.6815
PX670396.1_8,depolymerase,Klebsiella,bacteria,Unclassified,Unclassified,649,7.00e-15,3,0,2,"PL(K1_lyase,family待dbCAN)",0,no,95.16,High-quality,,,,荚膜多糖（推断）,0.08,CRKP/PA/AB 临床重点菌,0.6814
OW991346_11,lysin,Escherichia,bacteria,Bamvirus,Autotranscriptaviridae,1442,5.00e-75,1,0,1,GH23,0,no,100.0,Complete,,,,肽聚糖（推断）,0.676,其他革兰阴性/细菌,0.6814
MT740748_45,lysin,Aeromonas,bacteria,Armandvirus,Autotranscriptaviridae,1375,6.50e-84,1,0,1,GH23,0,no,90.92,High-quality,,,,肽聚糖（推断）,0.676,其他革兰阴性/细菌,0.6814
MW671054_51,lysin,Aeromonas,bacteria,Armandvirus,Autotranscriptaviridae,1375,6.50e-84,1,0,1,GH23,0,no,100.0,Complete,,,,肽聚糖（推断）,0.676,其他革兰阴性/细菌,0.6814
OL451225_94,holin,Escherichia,bacteria,Gaprivervirus,Straboviridae,218,5.50e-54,1,0,0,none,1,yes,96.12,High-quality,,,,膜成孔（内溶素协同，推断）,0.175,其他革兰阴性/细菌,0.6813
NC_014595_266,holin,Shigella,bacteria,Gaprivervirus,Straboviridae,218,5.50e-54,1,0,0,none,1,yes,96.16,High-quality,,,,膜成孔（内溶素协同，推断）,0.175,其他革兰阴性/细菌,0.6813
MT533174_78,holin,Escherichia,bacteria,Gaprivervirus,Straboviridae,218,5.50e-54,1,0,0,none,1,yes,100.0,Complete,,,,膜成孔（内溶素协同，推断）,0.175,其他革兰阴性/细菌,0.6813
OQ689083_39,depolymerase,Klebsiella,bacteria,Jedunavirus,Unclassified,692,2.40e-37,0,0,1,none,0,no,84.21,Medium-quality,,,,未知,0.274,CRKP/PA/AB 临床重点菌,0.6811
PX682277.1_38,lysin,Edwardsiella,bacteria,Unclassified,Unclassified,1351,4.00e-101,1,0,1,GH23,0,no,89.64,Medium-quality,,,,肽聚糖（推断）,0.674,其他革兰阴性/细菌,0.6811
PQ133628_39,depolymerase,Klebsiella,bacteria,Unclassified,Unclassified,819,2.50e-27,1,0,1,none,0,no,100.0,Complete,,,,未知,0.291,CRKP/PA/AB 临床重点菌,0.681
PP889476_43,depolymerase,Klebsiella,bacteria,Unclassified,Unclassified,819,2.50e-27,1,0,1,none,0,no,94.08,High-quality,,,,未知,0.291,CRKP/PA/AB 临床重点菌,0.681
PV112478_194,depolymerase,Klebsiella,bacteria,Unclassified,Unclassified,756,7.50e-31,1,0,0,none,0,no,100.0,Complete,,,,未知,0.672,CRKP/PA/AB 临床重点菌,0.6808
PV831792_172,holin,Aeromonas,bacteria,Unclassified,Unclassified,222,3.50e-49,1,0,0,none,2,yes,100.0,Complete,,,,膜成孔（内溶素协同，推断）,0.571,其他革兰阴性/细菌,0.6806
OP380603_82,holin,Aeromonas,bacteria,Biquartavirus,Straboviridae,222,3.50e-49,1,0,0,none,2,yes,100.0,Complete,,,,膜成孔（内溶素协同，推断）,0.571,其他革兰阴性/细菌,0.6806
PX852278.1_31,holin,Aeromonas,bacteria,Unclassified,Unclassified,222,3.50e-49,1,0,0,none,2,yes,100.0,Complete,,,,膜成孔（内溶素协同，推断）,0.571,其他革兰阴性/细菌,0.6806
PP738800_34,depolymerase,Klebsiella,bacteria,Unclassified,Unclassified,974,1.50e-27,1,0,2,none,0,no,96.42,High-quality,,,,未知,0.278,CRKP/PA/AB 临床重点菌,0.6805
OY979398_10,depolymerase,Klebsiella,bacteria,Gansuvirus,Autosignataviridae,649,7.00e-15,3,0,1,"PL(K1_lyase,family待dbCAN)",0,no,94.5,High-quality,,,,荚膜多糖（推断）,0.074,CRKP/PA/AB 临床重点菌,0.6805
MZ851152_2,lysin,Aeromonas,bacteria,Armandvirus,Autotranscriptaviridae,1375,6.50e-84,1,0,1,GH23,0,no,100.0,Complete,,,,肽聚糖（推断）,0.67,其他革兰阴性/细菌,0.6805
PX262041.1_31,lysin,Pasteurella,bacteria,Unclassified,Unclassified,1362,6.40e-146,1,0,1,GH23,0,no,77.45,Medium-quality,,,,肽聚糖（推断）,0.67,其他革兰阴性/细菌,0.6805
NC_061421_306,depolymerase,Klebsiella,bacteria,Maaswegvirus,Chimalliviridae,756,7.50e-31,1,0,0,none,0,no,99.76,High-quality,,,,未知,0.669,CRKP/PA/AB 临床重点菌,0.6804
NC_016570_169,depolymerase,Escherichia,bacteria,Kuttervirus,Ackermannviridae,1037,7.20e-140,1,0,0,"CAZy(tailspike,class待定)",0,no,95.3,High-quality,,,,荚膜多糖（推断）,0.169,其他革兰阴性/细菌,0.6804
NC_041973_162,lysin,Erwinia,bacteria,Agricanvirus,Chimalliviridae,2240,7.30e-22,1,1,1,GH18/19,5,no,93.47,High-quality,,,,肽聚糖（推断）,0.53,其他革兰阴性/细菌,0.6804
NC_041975_164,lysin,Erwinia,bacteria,Agricanvirus,Chimalliviridae,2239,7.30e-22,1,1,1,GH18/19,5,no,94.17,High-quality,,,,肽聚糖（推断）,0.529,其他革兰阴性/细菌,0.6803
MK514281_164,lysin,Erwinia,bacteria,Agricanvirus,Chimalliviridae,2235,7.30e-22,1,1,1,GH18/19,5,no,94.32,High-quality,,,,肽聚糖（推断）,0.529,其他革兰阴性/细菌,0.6803
MG655267_162,lysin,Erwinia,bacteria,Agricanvirus,Chimalliviridae,2235,7.30e-22,1,1,1,GH18/19,5,no,93.81,High-quality,,,,肽聚糖（推断）,0.529,其他革兰阴性/细菌,0.6803
NC_041974_164,lysin,Erwinia,bacteria,Agricanvirus,Chimalliviridae,2236,7.30e-22,1,1,1,GH18/19,5,no,93.43,High-quality,,,,肽聚糖（推断）,0.529,其他革兰阴性/细菌,0.6803
PQ133611_11,depolymerase,Klebsiella,bacteria,Unclassified,Unclassified,398,1.00e-31,1,0,0,none,0,no,100.0,Complete,,,,未知,0.268,CRKP/PA/AB 临床重点菌,0.6802
PQ878676_32,lysin,Pasteurella,bacteria,Wuhanvirus,Autotranscriptaviridae,1362,6.40e-146,1,0,1,GH23,2,no,100.0,Complete,,,,肽聚糖（推断）,0.668,其他革兰阴性/细菌,0.6802
PV550976_30,depolymerase,Klebsiella,bacteria,Unclassified,Unclassified,177,1.20e-58,1,1,0,none,0,no,95.59,High-quality,,,,未知,0.667,CRKP/PA/AB 临床重点菌,0.6801
MT902335_37,lysin,Pasteurella,bacteria,Wuhanvirus,Autotranscriptaviridae,1362,6.40e-146,1,0,1,GH23,2,no,100.0,Complete,,,,肽聚糖（推断）,0.667,其他革兰阴性/细菌,0.6801
PP978974_7,lysin,Pasteurella,bacteria,Unclassified,Unclassified,1362,6.40e-146,1,0,1,GH23,2,no,84.85,Medium-quality,,,,肽聚糖（推断）,0.667,其他革兰阴性/细菌,0.6801
MG655269_162,lysin,Erwinia,bacteria,Agricanvirus,Chimalliviridae,2237,7.30e-22,1,1,1,GH18/19,5,no,94.72,High-quality,,,,肽聚糖（推断）,0.527,其他革兰阴性/细菌,0.68
NC_023557_162,lysin,Erwinia,bacteria,Agricanvirus,Chimalliviridae,2239,7.30e-22,1,1,1,GH18/19,5,no,93.46,High-quality,,,,肽聚糖（推断）,0.527,其他革兰阴性/细菌,0.68
MZ995503_7,lysin,Pasteurella,bacteria,Wuhanvirus,Autotranscriptaviridae,1362,6.40e-146,1,0,1,GH23,2,no,84.82,Medium-quality,,,,肽聚糖（推断）,0.666,其他革兰阴性/细菌,0.6799
MZ995506_41,lysin,Pasteurella,bacteria,Wuhanvirus,Autotranscriptaviridae,1362,6.40e-146,1,0,1,GH23,2,no,100.0,Complete,,,,肽聚糖（推断）,0.666,其他革兰阴性/细菌,0.6799
NC_047832_37,lysin,Pasteurella,bacteria,Wuhanvirus,Autotranscriptaviridae,1362,6.40e-146,1,0,1,GH23,2,no,100.0,Complete,,,,肽聚糖（推断）,0.666,其他革兰阴性/细菌,0.6799
NC_041972_166,lysin,Erwinia,bacteria,Agricanvirus,Chimalliviridae,2240,7.30e-22,1,1,1,GH18/19,5,no,94.24,High-quality,,,,肽聚糖（推断）,0.526,其他革兰阴性/细菌,0.6798
MG655270_166,lysin,Erwinia,bacteria,Agricanvirus,Chimalliviridae,2240,7.30e-22,1,1,1,GH18/19,5,no,94.39,High-quality,,,,肽聚糖（推断）,0.526,其他革兰阴性/细菌,0.6798
NC_042098_165,lysin,Erwinia,bacteria,Agricanvirus,Chimalliviridae,2239,7.30e-22,1,1,1,GH18/19,5,no,93.88,High-quality,,,,肽聚糖（推断）,0.526,其他革兰阴性/细菌,0.6798
PX557020_8,lysin,Pasteurella,bacteria,Unclassified,Unclassified,1362,6.40e-146,1,0,1,GH23,2,no,100.0,Complete,,,,肽聚糖（推断）,0.665,其他革兰阴性/细菌,0.6797
LR811969_1,depolymerase,Salmonella,bacteria,Kuttervirus,Ackermannviridae,707,5.30e-140,1,0,1,"CAZy(tailspike,class待定)",0,no,95.08,High-quality,,,,荚膜多糖（推断）,0.164,其他革兰阴性/细菌,0.6796
MN038175_55,holin,Pantoea,bacteria,Unclassified,Straboviridae,216,8.80e-48,1,0,0,none,1,yes,88.6,Medium-quality,,,,膜成孔（内溶素协同，推断）,0.562,其他革兰阴性/细菌,0.6793
OZ335335_87,holin,Moraxella,bacteria,Unclassified,Unclassified,210,1.60e-42,1,0,0,none,2,yes,59.91,Medium-quality,,,,膜成孔（内溶素协同，推断）,0.561,其他革兰阴性/细菌,0.6792
MW735835_93,lysin,Pseudomonas,bacteria,Unclassified,Unclassified,2107,1.30e-24,1,0,1,GH23,1,no,91.04,High-quality,,,,肽聚糖（推断）,0.0,CRKP/PA/AB 临床重点菌,0.6792
MK448893_58,lysin,Streptococcus,bacteria,Unclassified,Unclassified,335,8.20e-20,5,0,2,CBM(class);GH25,0,yes,70.19,Medium-quality,AF-A0A1F0TGF2-F1,94.6,12,肽聚糖（推断）,0.081,革兰阳性,0.6791
PV402695_41,depolymerase,Klebsiella,bacteria,Unclassified,Unclassified,856,2.50e-27,1,0,2,none,0,no,96.3,High-quality,,,,未知,0.277,CRKP/PA/AB 临床重点菌,0.6789
PV804878_49,depolymerase,Klebsiella,bacteria,Unclassified,Unclassified,831,1.10e-09,3,0,2,"CAZy(tailspike,class待定)",0,no,95.2,High-quality,,,,荚膜多糖（推断）,0.294,CRKP/PA/AB 临床重点菌,0.6788
MK448915_59,lysin,Streptococcus,bacteria,Unclassified,Unclassified,355,1.20e-15,5,0,2,CBM(class);GH25,0,no,73.59,Medium-quality,AF-A0A4V0E475-F1,94.0,14,肽聚糖（推断）,0.088,革兰阳性,0.6787
PQ066595_195,depolymerase,Klebsiella,bacteria,Taipeivirus,Ackermannviridae,1028,1.90e-255,1,0,0,none,0,no,96.25,High-quality,,,,未知,0.255,CRKP/PA/AB 临床重点菌,0.6783
NC_025450_36,lysin,Lelliottia,bacteria,Tuodvirus,Autosignataviridae,983,2.50e-124,0,0,1,none,0,no,100.0,Complete,,,,未知,0.654,其他革兰阴性/细菌,0.6781
NC_071141_16,depolymerase,Klebsiella,bacteria,Zewailvirus,Unclassified,660,4.70e-20,1,0,0,"CAZy(tailspike,class待定)",2,no,81.36,Medium-quality,,,,荚膜多糖（推断）,0.091,CRKP/PA/AB 临床重点菌,0.6775
KY065466_52,lysin,Streptococcus,bacteria,Unclassified,Unclassified,335,4.60e-19,5,0,2,CBM(class);GH25,0,yes,67.87,Medium-quality,AF-A0A1X0WLX4-F1,94.2,18,肽聚糖（推断）,0.075,革兰阳性,0.6775
NC_061421_170,depolymerase,Klebsiella,bacteria,Maaswegvirus,Chimalliviridae,893,2.40e-93,1,0,2,none,0,no,99.76,High-quality,,,,未知,0.647,CRKP/PA/AB 临床重点菌,0.6771
PX093639_83,depolymerase,Klebsiella,bacteria,Unclassified,Unclassified,690,3.70e-11,1,0,0,PL(class),0,no,94.18,High-quality,AF-A0A508ZRM9-F1,85.4,25,荚膜多糖（推断）,0.13,CRKP/PA/AB 临床重点菌,0.6771
OX638290_30,lysin,Escherichia,bacteria,Vectrevirus,Autosignataviridae,981,2.60e-260,0,0,1,none,0,no,100.0,Complete,,,,未知,0.646,其他革兰阴性/细菌,0.6769
MZ234020_31,lysin,Escherichia,bacteria,Vectrevirus,Autosignataviridae,981,2.60e-260,0,0,1,none,0,no,93.43,High-quality,,,,未知,0.646,其他革兰阴性/细菌,0.6769
MZ234032_31,lysin,Escherichia,bacteria,Vectrevirus,Autosignataviridae,981,2.60e-260,0,0,1,none,0,no,93.31,High-quality,,,,未知,0.646,其他革兰阴性/细菌,0.6769
OP018999_45,lysin,Escherichia,bacteria,Rodentiumvirus,Autosignataviridae,981,2.60e-260,0,0,1,none,0,no,91.57,High-quality,,,,未知,0.646,其他革兰阴性/细菌,0.6769
MK373771_36,lysin,Escherichia,bacteria,Rodentiumvirus,Autosignataviridae,981,2.60e-260,0,0,1,none,0,no,100.0,Complete,,,,未知,0.645,其他革兰阴性/细菌,0.6767
MN384978_22,lysin,Escherichia,bacteria,Rodentiumvirus,Autosignataviridae,982,2.60e-260,0,0,1,none,0,no,92.05,High-quality,,,,未知,0.644,其他革兰阴性/细菌,0.6766
NC_019782_33,lysin,Lactobacillus,bacteria,Unclassified,Unclassified,374,2.00e-48,1,1,1,GH25,0,no,55.3,Medium-quality,AF-A0ABD0C2Z3-F1,90.7,19,肽聚糖（推断）,0.102,革兰阳性,0.6764
PQ197423_36,lysin,Raoultella,bacteria,Unclassified,Unclassified,981,2.60e-260,0,0,1,none,0,no,100.0,Complete,,,,未知,0.643,其他革兰阴性/细菌,0.6764
OR287805_41,lysin,Klebsiella,bacteria,Kayfunavirus,Autotranscriptaviridae,1296,1.20e-293,,,,none,0,no,91.36,High-quality,,,,未知,0.241,CRKP/PA/AB 临床重点菌,0.6762
PV112478_66,depolymerase,Klebsiella,bacteria,Unclassified,Unclassified,882,1.40e-79,1,0,2,none,0,no,100.0,Complete,,,,未知,0.64,CRKP/PA/AB 临床重点菌,0.676
PP889465_41,lysin,Klebsiella,bacteria,Unclassified,Unclassified,1296,1.10e-292,,,,none,0,no,92.98,High-quality,,,,未知,0.24,CRKP/PA/AB 临床重点菌,0.676
PQ182779_349,depolymerase,Klebsiella,bacteria,Unclassified,Unclassified,882,1.40e-79,1,0,2,none,0,no,99.41,High-quality,,,,未知,0.639,CRKP/PA/AB 临床重点菌,0.6759
OQ627802_8,lysin,Lactobacillus,bacteria,Unclassified,Unclassified,374,2.00e-48,1,1,1,GH25,0,no,62.89,Medium-quality,AF-A0ABD0C2Z3-F1,90.7,19,肽聚糖（推断）,0.099,革兰阳性,0.6759
OQ627807_52,lysin,Lactobacillus,bacteria,Unclassified,Unclassified,374,2.00e-48,1,1,1,GH25,0,no,57.33,Medium-quality,AF-A0ABD0C2Z3-F1,90.7,19,肽聚糖（推断）,0.099,革兰阳性,0.6759
PQ570679_50,depolymerase,Klebsiella,bacteria,Unclassified,Unclassified,649,7.00e-15,3,0,2,"PL(K1_lyase,family待dbCAN)",0,no,100.0,Complete,,,,荚膜多糖（推断）,0.043,CRKP/PA/AB 临床重点菌,0.6758
PX120904_39,lysin,Klebsiella,bacteria,Unclassified,Autotranscriptaviridae,1296,2.40e-297,,,,none,0,no,100.0,Complete,,,,未知,0.238,CRKP/PA/AB 临床重点菌,0.6757
OQ627808_9,lysin,Lactobacillus,bacteria,Unclassified,Unclassified,374,2.00e-48,1,1,1,GH25,0,no,57.1,Medium-quality,AF-A0ABD0C2Z3-F1,90.7,19,肽聚糖（推断）,0.097,革兰阳性,0.6756
OQ627804_19,lysin,Lactobacillus,bacteria,Unclassified,Unclassified,374,2.00e-48,1,1,1,GH25,0,no,70.85,Medium-quality,AF-U6FA07-F1,90.7,18,肽聚糖（推断）,0.097,革兰阳性,0.6756
OQ627803_19,lysin,Lactobacillus,bacteria,Unclassified,Unclassified,374,2.00e-48,1,1,1,GH25,0,no,55.73,Medium-quality,AF-A0ABD0C2Z3-F1,90.7,19,肽聚糖（推断）,0.097,革兰阳性,0.6756
PQ656107_140,depolymerase,Klebsiella,bacteria,Taipeivirus,Ackermannviridae,1072,1.20e-263,1,0,0,none,0,no,96.23,High-quality,,,,未知,0.236,CRKP/PA/AB 临床重点菌,0.6754
OU342754_50,depolymerase,Klebsiella,bacteria,Unclassified,Unclassified,434,2.40e-29,1,0,1,none,0,no,100.0,Complete,,,,未知,0.236,CRKP/PA/AB 临床重点菌,0.6754
OQ627805_10,lysin,Lactobacillus,bacteria,Unclassified,Unclassified,244,2.00e-48,1,1,1,GH25,0,no,61.87,Medium-quality,AF-U6FA07-F1,90.7,18,肽聚糖（推断）,0.096,革兰阳性,0.6754
NC_049506_9,depolymerase,Salmonella,bacteria,Kuttervirus,Ackermannviridae,222,3.50e-139,1,0,0,"CAZy(tailspike,class待定)",0,no,95.64,High-quality,,,,荚膜多糖（推断）,0.135,其他革兰阴性/细菌,0.6753
PV485104_39,lysin,Klebsiella,bacteria,Unclassified,Unclassified,1296,5.20e-297,,,,none,0,no,100.0,Complete,,,,未知,0.235,CRKP/PA/AB 临床重点菌,0.6753
PV904160_46,lysin,Klebsiella,bacteria,Unclassified,Unclassified,1296,2.40e-297,,,,none,0,no,92.87,High-quality,,,,未知,0.235,CRKP/PA/AB 临床重点菌,0.6753
PX880621.1_40,lysin,Klebsiella,bacteria,Kayfunavirus,Autotranscriptaviridae,1296,2.40e-297,,,,none,0,no,100.0,Complete,,,,未知,0.235,CRKP/PA/AB 临床重点菌,0.6753
PP397179_135,holin,Morganella,bacteria,Unclassified,Straboviridae,214,1.30e-43,1,0,0,none,2,yes,100.0,Complete,,,,膜成孔（内溶素协同，推断）,0.534,其他革兰阴性/细菌,0.6751
PQ571300_46,lysin,Klebsiella,bacteria,Unclassified,Unclassified,87,1.80e-28,,,,none,0,yes,100.0,Complete,,,,未知,0.333,CRKP/PA/AB 临床重点菌,0.6749
OQ627806_37,lysin,Lactobacillus,bacteria,Unclassified,Unclassified,233,2.00e-48,1,1,1,GH25,0,no,50.26,Medium-quality,AF-A0ABD0C2Z3-F1,90.7,19,肽聚糖（推断）,0.091,革兰阳性,0.6747
OQ363659_230,lysin,Pseudomonas,bacteria,Unclassified,Unclassified,259,6.60e-10,2,0,2,CBM(class);GH23,0,no,99.47,High-quality,,,,肽聚糖（推断）,0.489,CRKP/PA/AB 临床重点菌,0.6746
PQ306799_158,depolymerase,Salmonella,bacteria,Agtrevirus,Ackermannviridae,1004,3.30e-141,1,0,0,"CAZy(tailspike,class待定)",0,yes,92.15,High-quality,,,,荚膜多糖（推断）,0.13,其他革兰阴性/细菌,0.6745
NC_020879_217,holin,Aeromonas,bacteria,Tulanevirus,Straboviridae,222,1.80e-50,1,0,0,none,1,yes,80.17,Medium-quality,,,,膜成孔（内溶素协同，推断）,0.529,其他革兰阴性/细菌,0.6744
OP380596_10,holin,Aeromonas,bacteria,Tulanevirus,Straboviridae,222,1.80e-50,1,0,0,none,1,yes,100.0,Complete,,,,膜成孔（内溶素协同，推断）,0.529,其他革兰阴性/细菌,0.6744
OP380595_4,holin,Aeromonas,bacteria,Tulanevirus,Straboviridae,222,1.80e-50,1,0,0,none,1,yes,79.43,Medium-quality,,,,膜成孔（内溶素协同，推断）,0.529,其他革兰阴性/细菌,0.6744
NC_055746_139,holin,Aeromonas,bacteria,Tulanevirus,Straboviridae,222,1.80e-50,1,0,0,none,1,yes,81.59,Medium-quality,,,,膜成孔（内溶素协同，推断）,0.529,其他革兰阴性/细菌,0.6744
NC_019543_211,holin,Aeromonas,bacteria,Tulanevirus,Straboviridae,222,1.80e-50,1,0,0,none,1,yes,79.89,Medium-quality,,,,膜成孔（内溶素协同，推断）,0.529,其他革兰阴性/细菌,0.6744
LC667451_41,lysin,Burkholderia,bacteria,Unclassified,Unclassified,2240,1.90e-16,1,0,1,GH18/19,4,no,99.67,High-quality,,,,肽聚糖（推断）,0.73,其他革兰阴性/细菌,0.6743
PP869623_4,depolymerase,Serratia,bacteria,Miltonvirus,Ackermannviridae,989,8.10e-78,1,0,1,PL4,0,no,95.28,High-quality,,,,荚膜多糖（推断）,0.127,其他革兰阴性/细菌,0.6741
OR296322_42,depolymerase,Klebsiella,bacteria,Przondovirus,Autotranscriptaviridae,430,2.40e-29,1,0,1,none,0,no,100.0,Complete,,,,未知,0.226,CRKP/PA/AB 临床重点菌,0.6739
OR776998_155,depolymerase,Escherichia,bacteria,Unclassified,Ackermannviridae,994,3.30e-141,1,0,0,"CAZy(tailspike,class待定)",0,yes,93.5,High-quality,,,,荚膜多糖（推断）,0.123,其他革兰阴性/细菌,0.6734
KY065457_57,lysin,Streptococcus,bacteria,Unclassified,Unclassified,335,4.60e-19,5,0,2,CBM(class);GH25,0,yes,68.71,Medium-quality,AF-A0A4V0E475-F1,94.0,14,肽聚糖（推断）,0.048,革兰阳性,0.6732
PV506378.1_41,depolymerase,Klebsiella,bacteria,Przondovirus,Autotranscriptaviridae,802,1.10e-28,1,0,2,none,0,no,100.0,Complete,,,,未知,0.219,CRKP/PA/AB 临床重点菌,0.6729
PV528436_41,depolymerase,Klebsiella,bacteria,Przondovirus,Autotranscriptaviridae,434,2.40e-29,1,0,1,none,0,no,92.8,High-quality,,,,未知,0.219,CRKP/PA/AB 临床重点菌,0.6729
NC_055747_185,holin,Aeromonas,bacteria,Tulanevirus,Straboviridae,222,1.80e-50,1,0,0,none,1,yes,100.0,Complete,,,,膜成孔（内溶素协同，推断）,0.519,其他革兰阴性/细菌,0.6728
NC_014635_35,holin,Aeromonas,bacteria,Tulanevirus,Straboviridae,219,1.80e-50,1,0,0,none,1,yes,81.49,Medium-quality,,,,膜成孔（内溶素协同，推断）,0.519,其他革兰阴性/细菌,0.6728
OR842880_70,lysin,Xanthomonas,bacteria,Rockefellervirus,Unclassified,489,5.60e-28,3,0,2,none,0,no,94.66,High-quality,AF-Q4L3Y5-F1,83.3,29,未知,0.286,其他革兰阴性/细菌,0.6728
NC_048131_43,depolymerase,Klebsiella,bacteria,Przondovirus,Autotranscriptaviridae,793,7.50e-62,1,0,1,none,0,no,96.18,High-quality,,,,未知,0.216,CRKP/PA/AB 临床重点菌,0.6724
OK138555_3,depolymerase,Klebsiella,bacteria,Webervirus,Drexlerviridae,693,4.50e-33,0,0,1,none,1,no,91.16,High-quality,,,,未知,0.216,CRKP/PA/AB 临床重点菌,0.6724
OX335409_6,depolymerase,Klebsiella,bacteria,Przondovirus,Autotranscriptaviridae,791,3.50e-29,1,0,0,none,0,no,100.0,Complete,,,,未知,0.214,CRKP/PA/AB 临床重点菌,0.6721
OX335376_6,depolymerase,Klebsiella,bacteria,Przondovirus,Autotranscriptaviridae,791,3.50e-29,1,0,0,none,0,no,100.0,Complete,,,,未知,0.214,CRKP/PA/AB 临床重点菌,0.6721
ON148528_44,depolymerase,Klebsiella,bacteria,Przondovirus,Autotranscriptaviridae,405,1.00e-31,1,0,1,none,0,no,100.0,Complete,,,,未知,0.213,CRKP/PA/AB 临床重点菌,0.672
NC_012756_51,lysin,Streptococcus,bacteria,Phadecavirus,Unclassified,335,4.60e-19,5,0,2,CBM(class);GH25,0,no,64.47,Medium-quality,AF-A0A7T2ZXS8-F1,94.9,16,肽聚糖（推断）,0.03,革兰阳性,0.6719
KY065468_49,lysin,Streptococcus,bacteria,Unclassified,Unclassified,334,4.60e-19,5,0,2,CBM(class);GH25,0,yes,65.82,Medium-quality,AF-A0AAW5WBM2-F1,94.6,19,肽聚糖（推断）,0.033,革兰阳性,0.6719
ON602753_40,depolymerase,Klebsiella,bacteria,Przondovirus,Autotranscriptaviridae,985,1.20e-27,1,0,1,none,0,no,94.56,High-quality,,,,未知,0.214,CRKP/PA/AB 临床重点菌,0.6716
PP889481_39,depolymerase,Klebsiella,bacteria,Unclassified,Unclassified,791,3.50e-29,1,0,0,none,0,no,95.0,High-quality,,,,未知,0.21,CRKP/PA/AB 临床重点菌,0.6715
PX120905_6,depolymerase,Klebsiella,bacteria,Unclassified,Autotranscriptaviridae,791,3.50e-29,1,0,0,none,0,no,100.0,Complete,,,,未知,0.21,CRKP/PA/AB 临床重点菌,0.6715
ON042478_43,holin,Aeromonas,bacteria,Biquartavirus,Straboviridae,223,2.20e-49,1,0,0,none,2,yes,100.0,Complete,,,,膜成孔（内溶素协同，推断）,0.51,其他革兰阴性/细菌,0.6715
MN871507_209,holin,Aeromonas,bacteria,Biquartavirus,Straboviridae,222,2.20e-49,1,0,0,none,2,yes,83.76,Medium-quality,,,,膜成孔（内溶素协同，推断）,0.51,其他革兰阴性/细菌,0.6715
NC_008208_209,holin,Aeromonas,bacteria,Tulanevirus,Straboviridae,203,1.80e-50,1,0,0,none,1,yes,80.61,Medium-quality,,,,膜成孔（内溶素协同，推断）,0.51,其他革兰阴性/细菌,0.6715
ON604651_42,lysin,Aeromonas,bacteria,Jelgvirus,Autotranscriptaviridae,1354,6.50e-83,1,1,1,GH23,0,yes,100.0,Complete,,,,肽聚糖（推断）,0.61,其他革兰阴性/细菌,0.6715
OP256047_6,depolymerase,Klebsiella,bacteria,Przondovirus,Autotranscriptaviridae,791,3.50e-29,1,0,0,none,0,no,100.0,Complete,,,,未知,0.207,CRKP/PA/AB 临床重点菌,0.6711
MH523359_136,depolymerase,Salmonella,bacteria,Kuttervirus,Ackermannviridae,768,6.50e-142,1,0,0,"CAZy(tailspike,class待定)",0,no,100.0,Complete,,,,荚膜多糖（推断）,0.107,其他革兰阴性/细菌,0.6711
PV644008_4,depolymerase,Klebsiella,bacteria,Unclassified,Unclassified,803,8.50e-40,1,0,1,none,0,no,95.78,High-quality,,,,未知,0.207,CRKP/PA/AB 临床重点菌,0.6711
OR700190_30,depolymerase,Klebsiella,bacteria,Webervirus,Drexlerviridae,693,4.50e-33,0,0,1,none,1,no,90.18,High-quality,,,,未知,0.206,CRKP/PA/AB 临床重点菌,0.6709
PP978614_41,depolymerase,Klebsiella,bacteria,Unclassified,Unclassified,693,4.50e-33,0,0,1,none,1,no,89.23,Medium-quality,,,,未知,0.206,CRKP/PA/AB 临床重点菌,0.6709
OQ921102_36,depolymerase,Klebsiella,bacteria,Przondovirus,Autotranscriptaviridae,405,1.00e-31,1,0,1,none,0,no,91.92,High-quality,,,,未知,0.206,CRKP/PA/AB 临床重点菌,0.6709
MT966873_42,depolymerase,Klebsiella,bacteria,Przondovirus,Autotranscriptaviridae,803,8.50e-40,1,0,1,none,0,no,94.93,High-quality,,,,未知,0.204,CRKP/PA/AB 临床重点菌,0.6706
CP000711_4,depolymerase,Enterobacteria,bacteria,Lederbergvirus,Unclassified,982,1.70e-08,6,1,3,"PL(endosialidase,family待dbCAN)",0,yes,77.06,Medium-quality,AF-A0AAN4JHT4-F1,91.2,74,荚膜多糖（推断）,0.013,其他革兰阴性/细菌,0.6705
PQ133620_2,depolymerase,Klebsiella,bacteria,Unclassified,Unclassified,791,3.50e-29,1,0,0,none,0,no,100.0,Complete,,,,未知,0.203,CRKP/PA/AB 临床重点菌,0.6704
OX335418_6,depolymerase,Klebsiella,bacteria,Przondovirus,Autotranscriptaviridae,791,3.50e-29,1,0,0,none,0,no,100.0,Complete,,,,未知,0.203,CRKP/PA/AB 临床重点菌,0.6704
PZ105927.1_11,depolymerase,Klebsiella,bacteria,Przondovirus,Autotranscriptaviridae,791,3.50e-29,1,0,0,none,0,no,93.93,High-quality,,,,未知,0.203,CRKP/PA/AB 临床重点菌,0.6704
OY979413_43,depolymerase,Klebsiella,bacteria,Przondovirus,Autotranscriptaviridae,793,7.50e-62,1,0,1,none,0,no,95.47,High-quality,,,,未知,0.203,CRKP/PA/AB 临床重点菌,0.6704
PX670415.1_39,depolymerase,Klebsiella,bacteria,Unclassified,Unclassified,405,1.00e-31,1,0,1,none,0,no,90.07,High-quality,,,,未知,0.202,CRKP/PA/AB 临床重点菌,0.6703
PV112478_193,depolymerase,Klebsiella,bacteria,Unclassified,Unclassified,662,3.20e-32,1,0,0,none,0,yes,100.0,Complete,,,,未知,0.602,CRKP/PA/AB 临床重点菌,0.6703
OX335398_42,depolymerase,Klebsiella,bacteria,Przondovirus,Autotranscriptaviridae,791,3.50e-29,1,0,0,none,0,no,95.86,High-quality,,,,未知,0.2,CRKP/PA/AB 临床重点菌,0.67
PP889482_40,depolymerase,Klebsiella,bacteria,Unclassified,Unclassified,791,3.50e-29,1,0,0,none,0,no,95.13,High-quality,,,,未知,0.2,CRKP/PA/AB 临床重点菌,0.67
MN340231_4,depolymerase,Escherichia,bacteria,Lederbergvirus,Unclassified,893,1.70e-08,6,1,2,"PL(endosialidase,family待dbCAN)",0,no,82.99,Medium-quality,AF-A0AAN4JHT4-F1,91.2,74,荚膜多糖（推断）,0.009,其他革兰阴性/细菌,0.6699
LR811967_208,depolymerase,Salmonella,bacteria,Kuttervirus,Ackermannviridae,408,7.50e-138,1,0,0,"CAZy(tailspike,class待定)",0,no,96.22,High-quality,,,,荚膜多糖（推断）,0.098,其他革兰阴性/细菌,0.6697
PV854176_40,depolymerase,Klebsiella,bacteria,Unclassified,Unclassified,437,1.30e-43,1,0,0,none,0,no,92.79,High-quality,,,,未知,0.197,CRKP/PA/AB 临床重点菌,0.6695
PQ182779_226,depolymerase,Klebsiella,bacteria,Unclassified,Unclassified,740,3.20e-32,1,0,0,none,0,no,99.41,High-quality,,,,未知,0.597,CRKP/PA/AB 临床重点菌,0.6695
NC_048138_46,depolymerase,Klebsiella,bacteria,Przondovirus,Autotranscriptaviridae,833,4.40e-29,1,0,1,none,0,no,94.37,High-quality,,,,未知,0.197,CRKP/PA/AB 临床重点菌,0.6695
PP889450_40,depolymerase,Klebsiella,bacteria,Unclassified,Unclassified,833,4.40e-29,1,0,1,none,0,no,95.9,High-quality,,,,未知,0.197,CRKP/PA/AB 临床重点菌,0.6695
PP889452_40,depolymerase,Klebsiella,bacteria,Unclassified,Unclassified,833,4.40e-29,1,0,1,none,0,no,96.12,High-quality,,,,未知,0.197,CRKP/PA/AB 临床重点菌,0.6695
PP889451_40,depolymerase,Klebsiella,bacteria,Unclassified,Unclassified,833,4.40e-29,1,0,1,none,0,no,96.12,High-quality,,,,未知,0.197,CRKP/PA/AB 临床重点菌,0.6695
MK380014_51,depolymerase,Klebsiella,bacteria,Ulipvirus,Autosignataviridae,649,7.00e-15,3,0,2,"PL(K1_lyase,family待dbCAN)",0,no,100.0,Complete,,,,荚膜多糖（推断）,0.0,CRKP/PA/AB 临床重点菌,0.6694
ON470605_8,depolymerase,Escherichia,bacteria,Lederbergvirus,Unclassified,982,1.70e-08,6,1,3,"PL(endosialidase,family待dbCAN)",0,yes,72.98,Medium-quality,AF-A0AAN4JHT4-F1,91.2,74,荚膜多糖（推断）,0.005,其他革兰阴性/细菌,0.6693
PQ571294_4,depolymerase,Klebsiella,bacteria,Unclassified,Unclassified,834,6.40e-29,1,0,1,none,0,no,100.0,Complete,,,,未知,0.194,CRKP/PA/AB 临床重点菌,0.6691
NC_061421_305,depolymerase,Klebsiella,bacteria,Maaswegvirus,Chimalliviridae,662,3.20e-32,1,0,0,none,0,yes,99.76,High-quality,,,,未知,0.594,CRKP/PA/AB 临床重点菌,0.6691
NC_016570_166,depolymerase,Escherichia,bacteria,Kuttervirus,Ackermannviridae,771,7.50e-138,1,0,0,"CAZy(tailspike,class待定)",1,no,95.3,High-quality,,,,荚膜多糖（推断）,0.093,其他革兰阴性/细菌,0.6689
MN871445_182,depolymerase,Serratia,bacteria,Unclassified,Unclassified,876,5.60e-13,1,0,0,"CAZy(tailspike,class待定)",0,no,91.92,High-quality,AF-A0A6L6Y062-F1,84.6,63,荚膜多糖（推断）,0.401,其他革兰阴性/细菌,0.6687
MW722083_6,depolymerase,Escherichia,bacteria,Uetakevirus,Unclassified,1040,1.70e-08,5,1,2,"PL(endosialidase,family待dbCAN)",0,no,67.42,Medium-quality,AF-A0A4Q4I3Y7-F1,90.7,73,荚膜多糖（推断）,0.005,其他革兰阴性/细菌,0.6686
PV854177_36,depolymerase,Klebsiella,bacteria,Unclassified,Unclassified,386,7.30e-35,1,0,0,none,0,no,88.59,Medium-quality,,,,未知,0.19,CRKP/PA/AB 临床重点菌,0.6685
OQ660437_37,depolymerase,Salmonella,bacteria,Kuttervirus,Ackermannviridae,1111,1.00e-143,2,0,1,"CAZy(tailspike,class待定)",0,no,100.0,Complete,,,,荚膜多糖（推断）,0.089,其他革兰阴性/细菌,0.6683
OR449012_35,depolymerase,Salmonella,bacteria,Kuttervirus,Ackermannviridae,1110,1.00e-143,2,0,1,"CAZy(tailspike,class待定)",0,no,94.48,High-quality,,,,荚膜多糖（推断）,0.089,其他革兰阴性/细菌,0.6683
MW021760_199,depolymerase,Salmonella,bacteria,Kuttervirus,Ackermannviridae,1110,1.00e-143,2,0,1,"CAZy(tailspike,class待定)",0,no,97.09,High-quality,,,,荚膜多糖（推断）,0.089,其他革兰阴性/细菌,0.6683
NC_048736_34,depolymerase,Serratia,bacteria,Miltonvirus,Ackermannviridae,988,1.30e-72,1,0,1,PL4,0,no,94.92,High-quality,,,,荚膜多糖（推断）,0.089,其他革兰阴性/细菌,0.6683
MK448851_67,lysin,Streptococcus,bacteria,Unclassified,Unclassified,444,8.40e-81,1,1,1,GH25,1,no,84.36,Medium-quality,AF-A0A853P2H2-F1,88.1,23,肽聚糖（推断）,0.074,革兰阳性,0.6683
OQ359883_170,depolymerase,Salmonella,bacteria,Kuttervirus,Ackermannviridae,1111,1.00e-143,2,0,1,"CAZy(tailspike,class待定)",0,no,95.47,High-quality,,,,荚膜多糖（推断）,0.087,其他革兰阴性/细菌,0.6681
PX104388_190,depolymerase,Salmonella,bacteria,Unclassified,Unclassified,1111,1.00e-143,2,0,1,"CAZy(tailspike,class待定)",0,no,96.15,High-quality,,,,荚膜多糖（推断）,0.087,其他革兰阴性/细菌,0.6681
NC_049497_93,depolymerase,Salmonella,bacteria,Kuttervirus,Ackermannviridae,1110,1.00e-143,2,0,1,"CAZy(tailspike,class待定)",0,no,100.0,Complete,,,,荚膜多糖（推断）,0.087,其他革兰阴性/细菌,0.6681
NC_031045_5,depolymerase,Salmonella,bacteria,Kuttervirus,Ackermannviridae,1110,1.00e-143,2,0,1,"CAZy(tailspike,class待定)",0,no,95.44,High-quality,,,,荚膜多糖（推断）,0.087,其他革兰阴性/细菌,0.6681
OP978318_174,depolymerase,Salmonella,bacteria,Kuttervirus,Ackermannviridae,1110,1.00e-143,2,0,1,"CAZy(tailspike,class待定)",0,no,100.0,Complete,,,,荚膜多糖（推断）,0.087,其他革兰阴性/细菌,0.6681
OR863360_190,depolymerase,Salmonella,bacteria,Kuttervirus,Ackermannviridae,1110,1.00e-143,2,0,1,"CAZy(tailspike,class待定)",0,no,96.26,High-quality,,,,荚膜多糖（推断）,0.087,其他革兰阴性/细菌,0.6681
NC_049496_129,depolymerase,Salmonella,bacteria,Kuttervirus,Ackermannviridae,1110,1.00e-143,2,0,1,"CAZy(tailspike,class待定)",0,no,100.0,Complete,,,,荚膜多糖（推断）,0.087,其他革兰阴性/细菌,0.6681
NC_049505_6,depolymerase,Salmonella,bacteria,Kuttervirus,Ackermannviridae,1110,1.00e-143,2,0,1,"CAZy(tailspike,class待定)",0,no,95.49,High-quality,,,,荚膜多糖（推断）,0.087,其他革兰阴性/细菌,0.6681
PQ569991.1_196,depolymerase,Salmonella,bacteria,Unclassified,Unclassified,1110,1.00e-143,2,0,1,"CAZy(tailspike,class待定)",0,no,94.89,High-quality,,,,荚膜多糖（推断）,0.087,其他革兰阴性/细菌,0.6681
NC_028899_42,lysin,Ralstonia,bacteria,Chiangmaivirus,Chimalliviridae,2124,2.90e-25,1,0,1,GH23,2,no,76.03,Medium-quality,,,,肽聚糖（推断）,0.297,其他革兰阴性/细菌,0.6681
PV239575_55,lysin,Klebsiella,bacteria,Unclassified,Unclassified,250,9.20e-189,,,,none,0,no,100.0,Complete,,,,未知,0.587,CRKP/PA/AB 临床重点菌,0.6681
PP994976_141,depolymerase,Salmonella,bacteria,Kuttervirus,Ackermannviridae,1110,1.00e-143,2,0,1,"CAZy(tailspike,class待定)",0,no,100.0,Complete,,,,荚膜多糖（推断）,0.085,其他革兰阴性/细菌,0.6677
MK448734_48,lysin,Streptococcus,bacteria,Unclassified,Unclassified,335,4.60e-19,5,0,2,CBM(class);GH25,0,no,59.45,Medium-quality,AF-A0A7T2ZXS8-F1,94.9,16,肽聚糖（推断）,0.0,革兰阳性,0.6673
LC768500_247,lysin,Klebsiella,bacteria,Unclassified,Unclassified,2269,1.10e-25,1,0,1,GH18/19,4,no,86.06,Medium-quality,AF-A0A966HDQ7-F1,35.7,37,肽聚糖（推断）,0.014,CRKP/PA/AB 临床重点菌,0.667
PP926511_1,depolymerase,Klebsiella,bacteria,Unclassified,Unclassified,264,1.50e-36,1,0,1,none,0,no,94.45,High-quality,,,,未知,0.178,CRKP/PA/AB 临床重点菌,0.6667
MZ501268_168,lysin,Erwinia,bacteria,Agricanvirus,Chimalliviridae,2226,4.40e-20,1,1,1,GH18/19,5,no,94.83,High-quality,,,,肽聚糖（推断）,0.517,其他革兰阴性/细菌,0.6666
KY630163_156,depolymerase,Salmonella,bacteria,Kuttervirus,Ackermannviridae,771,7.50e-138,1,0,0,"CAZy(tailspike,class待定)",0,no,95.79,High-quality,,,,荚膜多糖（推断）,0.077,其他革兰阴性/细菌,0.6665
PV730299_13,depolymerase,Escherichia,bacteria,Agtrevirus,Ackermannviridae,1058,2.10e-141,1,0,1,"CAZy(tailspike,class待定)",0,yes,92.32,High-quality,,,,荚膜多糖（推断）,0.076,其他革兰阴性/细菌,0.6664
MW021754_205,depolymerase,Salmonella,bacteria,Kuttervirus,Ackermannviridae,1008,3.50e-139,1,0,0,"CAZy(tailspike,class待定)",0,no,95.52,High-quality,,,,荚膜多糖（推断）,0.076,其他革兰阴性/细菌,0.6664
OQ790080_16,depolymerase,Klebsiella,bacteria,Przondovirus,Autotranscriptaviridae,336,3.80e-27,1,0,0,none,0,no,92.11,High-quality,,,,未知,0.201,CRKP/PA/AB 临床重点菌,0.6663
MN445184_161,depolymerase,Escherichia,bacteria,Kuttervirus,Ackermannviridae,771,7.50e-138,1,0,0,"CAZy(tailspike,class待定)",0,no,94.97,High-quality,,,,荚膜多糖（推断）,0.075,其他革兰阴性/细菌,0.6663
NC_070950_231,lysin,Klebsiella,bacteria,Miamivirus,Chimalliviridae,2269,1.10e-25,1,0,1,GH18/19,2,no,86.49,Medium-quality,AF-A0A966HDQ7-F1,35.7,37,肽聚糖（推断）,0.009,CRKP/PA/AB 临床重点菌,0.6663
OR493421_142,lysin,Klebsiella,bacteria,Unclassified,Unclassified,2269,1.10e-25,1,0,1,GH18/19,1,no,100.0,Complete,AF-A0A966HDQ7-F1,35.7,37,肽聚糖（推断）,0.009,CRKP/PA/AB 临床重点菌,0.6663
OP079919_217,lysin,Klebsiella,bacteria,Unclassified,Unclassified,2269,1.10e-25,1,0,1,GH18/19,2,no,87.65,Medium-quality,AF-A0A966HDQ7-F1,35.7,37,肽聚糖（推断）,0.009,CRKP/PA/AB 临床重点菌,0.6663
PQ133600_16,depolymerase,Klebsiella,bacteria,Unclassified,Unclassified,925,2.70e-55,0,0,2,none,0,no,100.0,Complete,,,,未知,0.173,CRKP/PA/AB 临床重点菌,0.666
OQ973471_187,depolymerase,Escherichia,bacteria,Unclassified,Ackermannviridae,1093,6.50e-142,1,0,0,"CAZy(tailspike,class待定)",0,yes,94.65,High-quality,,,,荚膜多糖（推断）,0.072,其他革兰阴性/细菌,0.6658
PP974226_56,depolymerase,Klebsiella,bacteria,Drulisvirus,Autoscriptoviridae,670,1.40e-29,1,0,0,none,0,no,100.0,Complete,,,,未知,0.572,CRKP/PA/AB 临床重点菌,0.6658
PP766232_68,lysin,Streptococcus,bacteria,Unclassified,Unclassified,444,8.40e-81,1,1,1,GH25,0,no,82.2,Medium-quality,AF-A0A853P2H2-F1,88.1,23,肽聚糖（推断）,0.058,革兰阳性,0.6658
NC_049974_19,lysin,Bacillus,bacteria,Salasvirus,Salasmaviridae,259,2.00e-11,3,3,3,CBM50;GH24,0,no,67.55,Medium-quality,AF-A0A6C8N2Y9-F1,85.8,18,肽聚糖（推断）,0.538,革兰阳性,0.6657
OM240928_19,lysin,Bacillus,bacteria,Salasvirus,Salasmaviridae,259,2.00e-11,3,3,3,CBM50;GH24,0,no,59.75,Medium-quality,AF-A0A6C8N2Y9-F1,85.8,18,肽聚糖（推断）,0.537,革兰阳性,0.6656
MW355478_81,depolymerase,Salmonella,bacteria,Kuttervirus,Ackermannviridae,771,7.50e-138,1,0,0,"CAZy(tailspike,class待定)",0,no,95.9,High-quality,,,,荚膜多糖（推断）,0.069,其他革兰阴性/细菌,0.6653
NC_049503_9,depolymerase,Salmonella,bacteria,Kuttervirus,Ackermannviridae,771,7.50e-138,1,0,0,"CAZy(tailspike,class待定)",0,no,94.94,High-quality,,,,荚膜多糖（推断）,0.069,其他革兰阴性/细菌,0.6653
OK283619_45,depolymerase,Escherichia,bacteria,Kuttervirus,Ackermannviridae,771,7.50e-138,1,0,0,"CAZy(tailspike,class待定)",0,no,96.27,High-quality,,,,荚膜多糖（推断）,0.069,其他革兰阴性/细菌,0.6653
PP588724_18,depolymerase,Salmonella,bacteria,Unclassified,Ackermannviridae,771,7.50e-138,1,0,0,"CAZy(tailspike,class待定)",0,no,94.99,High-quality,,,,荚膜多糖（推断）,0.068,其他革兰阴性/细菌,0.6652
NC_049965_18,lysin,Bacillus,bacteria,Salasvirus,Salasmaviridae,259,2.00e-11,3,3,3,CBM50;GH24,0,no,59.25,Medium-quality,AF-A0A6C8N2Y9-F1,85.8,18,肽聚糖（推断）,0.533,革兰阳性,0.665
OM240927_18,lysin,Bacillus,bacteria,Salasvirus,Salasmaviridae,259,2.00e-11,3,3,3,CBM50;GH24,0,no,58.97,Medium-quality,AF-A0A6C8N2Y9-F1,85.8,18,肽聚糖（推断）,0.533,革兰阳性,0.665
NC_011048_19,lysin,Bacillus,bacteria,Salasvirus,Salasmaviridae,259,2.00e-11,3,3,3,CBM50;GH24,0,no,59.8,Medium-quality,AF-A0A6C8N2Y9-F1,85.8,18,肽聚糖（推断）,0.533,革兰阳性,0.665
NC_049454_34,depolymerase,Klebsiella,bacteria,Gegavirus,Peduoviridae,703,1.20e-08,2,0,0,"CAZy(tailspike,class待定)",0,no,74.56,Medium-quality,AF-A0A6B2HT54-F1,87.8,35,荚膜多糖（推断）,0.001,CRKP/PA/AB 临床重点菌,0.6647
PP926505_56,depolymerase,Salmonella,bacteria,Unclassified,Unclassified,1035,1.20e-139,2,0,1,"CAZy(tailspike,class待定)",0,no,95.25,High-quality,,,,荚膜多糖（推断）,0.065,其他革兰阴性/细菌,0.6647
MZ634341_193,depolymerase,Klebsiella,bacteria,Taipeivirus,Ackermannviridae,891,3.10e-60,0,0,2,none,0,yes,100.0,Complete,,,,未知,0.164,CRKP/PA/AB 临床重点菌,0.6646
OL744111_19,lysin,Bacillus,bacteria,Salasvirus,Salasmaviridae,259,2.00e-11,3,3,3,CBM50;GH24,0,no,60.05,Medium-quality,AF-A0A6C8N2Y9-F1,85.8,18,肽聚糖（推断）,0.53,革兰阳性,0.6645
OM240929_18,lysin,Bacillus,bacteria,Salasvirus,Salasmaviridae,259,2.00e-11,3,3,3,CBM50;GH24,0,no,59.22,Medium-quality,AF-A0A6C8N2Y9-F1,85.8,18,肽聚糖（推断）,0.53,革兰阳性,0.6645
NC_001423_19,lysin,Bacillus,bacteria,Salasvirus,Salasmaviridae,259,2.00e-11,3,3,3,CBM50;GH24,0,no,60.06,Medium-quality,AF-A0A6C8N2Y9-F1,85.8,18,肽聚糖（推断）,0.53,革兰阳性,0.6645
MW477480_19,lysin,Bacillus,bacteria,Salasvirus,Salasmaviridae,259,2.00e-11,3,3,3,CBM50;GH24,0,no,60.63,Medium-quality,AF-A0A6C8N2Y9-F1,85.8,18,肽聚糖（推断）,0.53,革兰阳性,0.6645
OM240926_18,lysin,Bacillus,bacteria,Salasvirus,Salasmaviridae,259,2.00e-11,3,3,3,CBM50;GH24,0,no,59.17,Medium-quality,AF-A0A6C8N2Y9-F1,85.8,18,肽聚糖（推断）,0.53,革兰阳性,0.6645
OK539832_125,depolymerase,Salmonella,bacteria,Kuttervirus,Ackermannviridae,1000,5.50e-140,1,0,0,"CAZy(tailspike,class待定)",0,no,95.49,High-quality,,,,荚膜多糖（推断）,0.061,其他革兰阴性/细菌,0.6642
JX409895_42,lysin,Streptococcus,bacteria,Unclassified,Unclassified,444,8.40e-81,1,1,1,GH25,0,no,80.43,Medium-quality,AF-A0AAV3JIJ3-F1,86.8,18,肽聚糖（推断）,0.06,革兰阳性,0.6642
PX904472.1_225,lysin,Klebsiella,bacteria,Unclassified,Unclassified,2202,3.50e-17,1,0,1,GH23,1,no,98.83,High-quality,,,,肽聚糖（推断）,0.23,CRKP/PA/AB 临床重点菌,0.6642
PQ741797_30,depolymerase,Klebsiella,bacteria,Unclassified,Unclassified,985,1.50e-09,2,1,1,none,0,no,91.6,High-quality,AF-A6TE59-F1,83.8,59,未知,0.497,CRKP/PA/AB 临床重点菌,0.6641
NC_061421_332,lysin,Klebsiella,bacteria,Maaswegvirus,Chimalliviridae,2202,3.50e-17,1,0,1,GH23,1,no,99.76,High-quality,,,,肽聚糖（推断）,0.229,CRKP/PA/AB 临床重点菌,0.6641
OZ035822_50,lysin,Unspecified,unknown,Vectrevirus,Autosignataviridae,983,9.70e-81,1,0,1,GH24,0,no,93.51,High-quality,,,,肽聚糖（推断）,0.693,未知,0.664
MH707426_18,lysin,Bacillus,bacteria,Salasvirus,Salasmaviridae,259,2.00e-11,3,3,3,CBM50;GH24,0,no,59.38,Medium-quality,AF-A0A6C8N2Y9-F1,85.8,18,肽聚糖（推断）,0.526,革兰阳性,0.6639
MH853355_38,lysin,Streptococcus,bacteria,Unclassified,Unclassified,444,8.40e-81,1,1,1,GH25,0,no,80.76,Medium-quality,AF-A0AAW3HS95-F1,85.9,25,肽聚糖（推断）,0.067,革兰阳性,0.6639
OZ035778_51,lysin,Unspecified,unknown,Vectrevirus,Autosignataviridae,983,9.70e-81,1,0,1,GH24,0,no,95.96,High-quality,,,,肽聚糖（推断）,0.692,未知,0.6638
OZ035807_50,lysin,Unspecified,unknown,Vectrevirus,Autosignataviridae,983,9.70e-81,1,0,1,GH24,0,no,92.69,High-quality,,,,肽聚糖（推断）,0.692,未知,0.6638
OZ035816_51,lysin,Unspecified,unknown,Vectrevirus,Autosignataviridae,983,9.70e-81,1,0,1,GH24,0,no,92.21,High-quality,,,,肽聚糖（推断）,0.691,未知,0.6636
OZ035817_50,lysin,Unspecified,unknown,Vectrevirus,Autosignataviridae,983,9.70e-81,1,0,1,GH24,0,no,93.82,High-quality,,,,肽聚糖（推断）,0.691,未知,0.6636
OZ035735_52,lysin,Unspecified,unknown,Vectrevirus,Autosignataviridae,983,9.70e-81,1,0,1,GH24,0,no,93.48,High-quality,,,,肽聚糖（推断）,0.691,未知,0.6636
OZ035798_51,lysin,Unspecified,unknown,Vectrevirus,Autosignataviridae,983,9.70e-81,1,0,1,GH24,0,no,93.83,High-quality,,,,肽聚糖（推断）,0.691,未知,0.6636
OZ035792_49,lysin,Unspecified,unknown,Vectrevirus,Autosignataviridae,983,9.70e-81,1,0,1,GH24,0,no,91.32,High-quality,,,,肽聚糖（推断）,0.691,未知,0.6636
MW354670_19,lysin,Bacillus,bacteria,Salasvirus,Salasmaviridae,259,2.00e-11,3,3,3,CBM50;GH24,0,no,60.06,Medium-quality,AF-A0A6C8N2Y9-F1,85.8,18,肽聚糖（推断）,0.523,革兰阳性,0.6635
OK625815_18,lysin,Bacillus,bacteria,Unclassified,Unclassified,259,2.00e-11,3,3,3,CBM50;GH24,0,no,58.37,Medium-quality,AF-A0A6C8N2Y9-F1,85.8,18,肽聚糖（推断）,0.523,革兰阳性,0.6635
OZ035727_48,lysin,Unspecified,unknown,Vectrevirus,Autosignataviridae,983,9.70e-81,1,0,1,GH24,0,no,91.98,High-quality,,,,肽聚糖（推断）,0.69,未知,0.6635
OZ035804_54,lysin,Unspecified,unknown,Vectrevirus,Autosignataviridae,983,9.70e-81,1,0,1,GH24,0,no,94.75,High-quality,,,,肽聚糖（推断）,0.69,未知,0.6635
OZ035776_46,lysin,Unspecified,unknown,Vectrevirus,Autosignataviridae,983,9.70e-81,1,0,1,GH24,0,no,92.74,High-quality,,,,肽聚糖（推断）,0.69,未知,0.6635
OZ035747_50,lysin,Unspecified,unknown,Vectrevirus,Autosignataviridae,983,9.70e-81,1,0,1,GH24,0,no,94.0,High-quality,,,,肽聚糖（推断）,0.69,未知,0.6635
OZ035797_48,lysin,Unspecified,unknown,Vectrevirus,Autosignataviridae,983,9.70e-81,1,0,1,GH24,0,no,91.27,High-quality,,,,肽聚糖（推断）,0.69,未知,0.6635
OZ035802_51,lysin,Unspecified,unknown,Vectrevirus,Autosignataviridae,983,9.70e-81,1,0,1,GH24,0,no,92.79,High-quality,,,,肽聚糖（推断）,0.69,未知,0.6635
OZ240615_22,lysin,Klebsiella,bacteria,Unclassified,Unclassified,2202,3.50e-17,1,0,1,GH23,1,no,99.24,High-quality,,,,肽聚糖（推断）,0.224,CRKP/PA/AB 临床重点菌,0.6633
OZ035788_48,lysin,Unspecified,unknown,Vectrevirus,Autosignataviridae,983,9.70e-81,1,0,1,GH24,0,no,91.27,High-quality,,,,肽聚糖（推断）,0.689,未知,0.6633
MK308677_146,lysin,Vibrio,bacteria,Unclassified,Unclassified,1831,4.90e-25,1,1,1,none,1,no,94.41,High-quality,,,,未知,0.673,其他革兰阴性/细菌,0.663
PP766236_59,lysin,Streptococcus,bacteria,Unclassified,Unclassified,445,8.40e-81,1,1,1,GH25,1,no,81.35,Medium-quality,AF-A0A1F0CFZ3-F1,86.6,30,肽聚糖（推断）,0.054,革兰阳性,0.663
PP761450_176,depolymerase,Escherichia,bacteria,Unclassified,Unclassified,1194,2.00e-142,1,0,1,"CAZy(tailspike,class待定)",0,yes,90.18,High-quality,,,,荚膜多糖（推断）,0.052,其他革兰阴性/细菌,0.6628
NC_049501_1,depolymerase,Salmonella,bacteria,Kuttervirus,Ackermannviridae,932,1.00e-143,2,0,0,"CAZy(tailspike,class待定)",0,no,91.28,High-quality,,,,荚膜多糖（推断）,0.052,其他革兰阴性/细菌,0.6628
NC_028881_253,holin,Escherichia,bacteria,Dhakavirus,Straboviridae,218,1.00e-52,1,0,0,none,2,yes,95.58,High-quality,,,,膜成孔（内溶素协同，推断）,0.052,其他革兰阴性/细菌,0.6628
OR352941_85,holin,Escherichia,bacteria,Mosigvirus,Straboviridae,218,1.00e-52,1,0,0,none,2,yes,96.72,High-quality,,,,膜成孔（内溶素协同，推断）,0.052,其他革兰阴性/细菌,0.6628
OQ633473_60,lysin,Streptococcus,bacteria,Unclassified,Unclassified,445,8.40e-81,1,1,1,GH25,0,no,74.69,Medium-quality,AF-A0A1F0CFZ3-F1,86.6,30,肽聚糖（推断）,0.052,革兰阳性,0.6627
OR502445_133,depolymerase,Klebsiella,bacteria,Taipeivirus,Ackermannviridae,891,3.10e-60,0,0,2,none,0,yes,94.64,High-quality,,,,未知,0.151,CRKP/PA/AB 临床重点菌,0.6626
MK448971_67,lysin,Streptococcus,bacteria,Unclassified,Unclassified,448,8.40e-81,1,1,1,GH25,1,no,86.82,Medium-quality,AF-A0AAV3JIJ3-F1,86.8,18,肽聚糖（推断）,0.049,革兰阳性,0.6625
JX409894_17,lysin,Streptococcus,bacteria,Unclassified,Unclassified,444,8.40e-81,1,1,1,GH25,1,no,81.41,Medium-quality,AF-A0AAV3JIJ3-F1,86.8,18,肽聚糖（推断）,0.049,革兰阳性,0.6625
MW476490_68,lysin,Lactobacillus,bacteria,Unclassified,Unclassified,374,2.70e-41,1,1,1,GH25,0,no,60.69,Medium-quality,AF-K1N3W4-F1,91.6,19,肽聚糖（推断）,0.0,革兰阳性,0.6624
PP766238_56,lysin,Streptococcus,bacteria,Unclassified,Unclassified,444,8.40e-81,1,1,1,GH25,0,no,81.53,Medium-quality,AF-A0AAW3HS95-F1,85.9,25,肽聚糖（推断）,0.056,革兰阳性,0.6623
PP919962_27,depolymerase,Klebsiella,bacteria,Unclassified,Unclassified,946,3.50e-55,1,0,2,none,0,yes,90.57,High-quality,,,,未知,0.147,CRKP/PA/AB 临床重点菌,0.6621
OM735690_47,depolymerase,Stenotrophomonas,bacteria,Webervirus,Drexlerviridae,846,1.00e-08,3,0,2,"PL(K1_lyase,family待dbCAN)",0,no,94.44,High-quality,,,,荚膜多糖（推断）,0.625,其他革兰阴性/细菌,0.6621
PP766231_60,lysin,Streptococcus,bacteria,Unclassified,Unclassified,448,8.40e-81,1,1,1,GH25,1,no,78.72,Medium-quality,AF-A0AAV3JIJ3-F1,86.8,18,肽聚糖（推断）,0.045,革兰阳性,0.662
OY978777_54,depolymerase,Klebsiella,bacteria,Drulisvirus,Autoscriptoviridae,835,2.60e-08,2,0,0,"CAZy(tailspike,class待定)",1,no,93.95,High-quality,AF-A0A9Q9J844-F1,82.4,26,荚膜多糖（推断）,0.05,CRKP/PA/AB 临床重点菌,0.6617
LR811969_204,depolymerase,Salmonella,bacteria,Kuttervirus,Ackermannviridae,672,7.50e-138,1,0,0,"CAZy(tailspike,class待定)",0,no,95.08,High-quality,,,,荚膜多糖（推断）,0.045,其他革兰阴性/细菌,0.6617
NC_061421_308,depolymerase,Klebsiella,bacteria,Maaswegvirus,Chimalliviridae,884,8.20e-40,1,0,0,none,0,yes,99.76,High-quality,,,,未知,0.144,CRKP/PA/AB 临床重点菌,0.6616
PP533474_200,depolymerase,Salmonella,bacteria,Kuttervirus,Ackermannviridae,993,3.30e-141,1,0,0,"CAZy(tailspike,class待定)",0,no,95.96,High-quality,,,,荚膜多糖（推断）,0.044,其他革兰阴性/细菌,0.6616
MK448669_56,lysin,Streptococcus,bacteria,Unclassified,Unclassified,448,8.40e-81,1,1,1,GH25,1,no,77.53,Medium-quality,AF-A0AAV3JIJ3-F1,86.8,18,肽聚糖（推断）,0.043,革兰阳性,0.6616
PQ998983_10,depolymerase,Klebsiella,bacteria,Drulisvirus,Autoscriptoviridae,890,3.20e-09,3,0,0,"CAZy(tailspike,class待定)",0,no,94.84,High-quality,,,,荚膜多糖（推断）,0.199,CRKP/PA/AB 临床重点菌,0.6615
OM386655_236,holin,Escherichia,bacteria,Dhakavirus,Straboviridae,218,1.00e-52,1,0,0,none,2,yes,95.86,High-quality,,,,膜成孔（内溶素协同，推断）,0.043,其他革兰阴性/细菌,0.6614
NC_047783_56,depolymerase,Klebsiella,bacteria,Drulisvirus,Autoscriptoviridae,670,1.40e-29,1,0,0,none,0,no,100.0,Complete,,,,未知,0.542,CRKP/PA/AB 临床重点菌,0.6613
OM319461_250,lysin,Vibrio,bacteria,Unclassified,Unclassified,1932,2.90e-25,1,1,1,none,2,no,97.48,High-quality,,,,未知,0.651,其他革兰阴性/细菌,0.6612
MK448837_52,lysin,Streptococcus,bacteria,Unclassified,Unclassified,448,8.40e-81,1,1,1,GH25,0,no,81.64,Medium-quality,AF-A0AAV3JIJ3-F1,86.8,18,肽聚糖（推断）,0.04,革兰阳性,0.6612
MK448775_65,lysin,Streptococcus,bacteria,Unclassified,Unclassified,445,8.40e-81,1,1,1,GH25,1,no,81.51,Medium-quality,AF-A0A7Z7K9X4-F1,85.2,23,肽聚糖（推断）,0.056,革兰阳性,0.6612
MK448961_50,lysin,Streptococcus,bacteria,Unclassified,Unclassified,445,8.40e-81,1,1,1,GH25,1,no,80.33,Medium-quality,AF-A0A7Z7K9X4-F1,85.2,23,肽聚糖（推断）,0.056,革兰阳性,0.6612
MK448953_64,lysin,Streptococcus,bacteria,Unclassified,Unclassified,445,8.40e-81,1,1,1,GH25,1,no,81.38,Medium-quality,AF-A0A7Z7K9X4-F1,85.2,23,肽聚糖（推断）,0.056,革兰阳性,0.6612
PP856729_67,depolymerase,Salmonella,bacteria,Kuttervirus,Ackermannviridae,1014,4.60e-140,1,0,0,"CAZy(tailspike,class待定)",0,no,100.0,Complete,,,,荚膜多糖（推断）,0.04,其他革兰阴性/细菌,0.661
PV891800_8,depolymerase,Klebsiella,bacteria,Taipeivirus,Ackermannviridae,1048,8.00e-261,0,0,1,none,0,no,100.0,Complete,,,,未知,0.139,CRKP/PA/AB 临床重点菌,0.6609
OY978873_193,depolymerase,Klebsiella,bacteria,Taipeivirus,Ackermannviridae,1048,8.00e-261,0,0,1,none,0,no,96.8,High-quality,,,,未知,0.139,CRKP/PA/AB 临床重点菌,0.6609
MT811961_26,lysin,Vibrio,bacteria,Unclassified,Unclassified,1932,2.90e-25,1,1,1,none,2,no,97.14,High-quality,,,,未知,0.649,其他革兰阴性/细菌,0.6609
MK448970_73,lysin,Streptococcus,bacteria,Unclassified,Unclassified,445,8.40e-81,1,1,1,GH25,1,no,85.44,Medium-quality,AF-A0A7Z7K9X4-F1,85.2,23,肽聚糖（推断）,0.054,革兰阳性,0.6609
LR800396_202,depolymerase,Salmonella,bacteria,Kuttervirus,Ackermannviridae,1014,4.60e-140,1,0,0,"CAZy(tailspike,class待定)",0,no,95.36,High-quality,,,,荚膜多糖（推断）,0.039,其他革兰阴性/细菌,0.6608
NC_049440_54,depolymerase,Salmonella,bacteria,Kuttervirus,Ackermannviridae,1014,4.60e-140,1,0,0,"CAZy(tailspike,class待定)",0,no,100.0,Complete,,,,荚膜多糖（推断）,0.038,其他革兰阴性/细菌,0.6607
NC_049427_173,depolymerase,Escherichia,bacteria,Kuttervirus,Ackermannviridae,1097,7.50e-138,1,0,0,"CAZy(tailspike,class待定)",0,no,96.05,High-quality,,,,荚膜多糖（推断）,0.038,其他革兰阴性/细菌,0.6607
PP978610_55,depolymerase,Klebsiella,bacteria,Unclassified,Unclassified,670,1.40e-29,1,0,0,none,0,no,100.0,Complete,,,,未知,0.538,CRKP/PA/AB 临床重点菌,0.6607
OL474125_43,depolymerase,Klebsiella,bacteria,Drulisvirus,Autoscriptoviridae,670,1.40e-29,1,0,0,none,0,no,96.11,High-quality,,,,未知,0.538,CRKP/PA/AB 临床重点菌,0.6607
ON809764_201,depolymerase,Salmonella,bacteria,Kuttervirus,Ackermannviridae,1035,1.20e-139,2,0,1,"CAZy(tailspike,class待定)",0,no,95.31,High-quality,,,,荚膜多糖（推断）,0.037,其他革兰阴性/细菌,0.6605
NC_019926_41,lysin,Erwinia,bacteria,Eracentumvirus,Autosignataviridae,952,1.20e-44,1,0,1,GH24,0,no,94.4,High-quality,,,,肽聚糖（推断）,0.137,其他革兰阴性/细菌,0.6605
MT894004_23,depolymerase,Klebsiella,bacteria,Sircambvirus,Unclassified,669,5.70e-36,0,0,1,none,0,no,79.58,Medium-quality,,,,未知,0.136,CRKP/PA/AB 临床重点菌,0.6604
PQ569648_1,depolymerase,Klebsiella,bacteria,Unclassified,Unclassified,744,1.40e-106,,,,none,0,no,95.28,High-quality,,,,未知,0.136,CRKP/PA/AB 临床重点菌,0.6604
MK448871_51,lysin,Streptococcus,bacteria,Unclassified,Unclassified,445,8.40e-81,1,1,1,GH25,1,no,82.08,Medium-quality,AF-A0A7Z7K9X4-F1,85.2,23,肽聚糖（推断）,0.051,革兰阳性,0.6604
MN871493_108,depolymerase,Salmonella,bacteria,Kuttervirus,Ackermannviridae,1096,7.50e-138,1,0,0,"CAZy(tailspike,class待定)",0,no,100.0,Complete,,,,荚膜多糖（推断）,0.035,其他革兰阴性/细菌,0.6603
NC_047887_45,holin,Pectobacterium,bacteria,Hongcheonvirus,Demerecviridae,219,7.80e-16,1,0,0,none,1,yes,81.64,Medium-quality,,,,膜成孔（内溶素协同，推断）,0.564,其他革兰阴性/细菌,0.6603
OZ038340_36,holin,Unspecified,bacteria,Tegunavirus,Straboviridae,241,3.80e-57,1,0,0,none,1,no,100.0,Complete,,,,膜成孔（内溶素协同，推断）,0.568,未知,0.6602
MH853356_24,lysin,Streptococcus,bacteria,Unclassified,Unclassified,448,8.40e-81,1,1,1,GH25,0,no,88.6,Medium-quality,AF-A0A7Z7K9X4-F1,85.2,23,肽聚糖（推断）,0.049,革兰阳性,0.6602
MK448952_51,lysin,Streptococcus,bacteria,Unclassified,Unclassified,445,8.40e-81,1,1,1,GH25,1,no,80.87,Medium-quality,AF-A0A7Z7K9X4-F1,85.2,23,肽聚糖（推断）,0.049,革兰阳性,0.6602
PP856726_201,depolymerase,Salmonella,bacteria,Kuttervirus,Ackermannviridae,1014,4.60e-140,1,0,0,"CAZy(tailspike,class待定)",0,no,95.98,High-quality,,,,荚膜多糖（推断）,0.034,其他革兰阴性/细菌,0.6601
PP755156_7,depolymerase,Klebsiella,bacteria,Unclassified,Unclassified,670,1.40e-29,1,0,0,none,0,no,96.62,High-quality,,,,未知,0.534,CRKP/PA/AB 临床重点菌,0.6601
NC_009014_40,lysin,Erwinia,bacteria,Eracentumvirus,Autosignataviridae,952,1.20e-44,1,0,1,GH24,0,no,93.86,High-quality,,,,肽聚糖（推断）,0.134,其他革兰阴性/细菌,0.6601
OX335378_45,depolymerase,Klebsiella,bacteria,Benllochvirus,Autotranscriptaviridae,346,5.20e-126,,,,none,0,yes,100.0,Complete,,,,未知,0.133,CRKP/PA/AB 临床重点菌,0.66
OR532839_41,depolymerase,Klebsiella,bacteria,Unclassified,Unclassified,669,5.70e-36,0,0,1,none,0,no,80.88,Medium-quality,,,,未知,0.132,CRKP/PA/AB 临床重点菌,0.6598
ON169961_115,depolymerase,Salmonella,bacteria,Kuttervirus,Ackermannviridae,1014,4.60e-140,1,0,0,"CAZy(tailspike,class待定)",0,no,96.24,High-quality,,,,荚膜多糖（推断）,0.031,其他革兰阴性/细菌,0.6596
OM367911_168,depolymerase,Salmonella,bacteria,Kuttervirus,Ackermannviridae,662,5.30e-140,1,0,0,"CAZy(tailspike,class待定)",0,no,94.84,High-quality,,,,荚膜多糖（推断）,0.031,其他革兰阴性/细菌,0.6596
ON169962_117,depolymerase,Salmonella,bacteria,Kuttervirus,Ackermannviridae,1014,4.60e-140,1,0,0,"CAZy(tailspike,class待定)",0,no,96.26,High-quality,,,,荚膜多糖（推断）,0.03,其他革兰阴性/细菌,0.6595
PP706106_46,depolymerase,Salmonella,bacteria,Kuttervirus,Ackermannviridae,1096,7.50e-138,1,0,0,"CAZy(tailspike,class待定)",0,no,95.77,High-quality,,,,荚膜多糖（推断）,0.03,其他革兰阴性/细菌,0.6595
MK448956_64,lysin,Streptococcus,bacteria,Unclassified,Unclassified,448,8.40e-81,1,1,1,GH25,0,no,78.54,Medium-quality,AF-A0A7Z7K9X4-F1,85.2,23,肽聚糖（推断）,0.045,革兰阳性,0.6595
OR242317_3,depolymerase,Salmonella,bacteria,Kuttervirus,Ackermannviridae,1049,1.10e-138,1,0,1,"CAZy(tailspike,class待定)",0,no,96.25,High-quality,,,,荚膜多糖（推断）,0.029,其他革兰阴性/细菌,0.6593
PX872923.1_58,depolymerase,Klebsiella,bacteria,Unclassified,Unclassified,669,5.70e-36,0,0,1,none,0,no,78.04,Medium-quality,,,,未知,0.129,CRKP/PA/AB 临床重点菌,0.6593
OR113388_29,lysin,Clostridium,bacteria,Unclassified,Unclassified,275,6.60e-18,1,1,1,GH25,0,yes,73.16,Medium-quality,AF-A0A0A7HFN3-F1,96.2,15,肽聚糖（推断）,0.37,革兰阳性,0.6593
NC_049433_176,depolymerase,Escherichia,bacteria,Kuttervirus,Ackermannviridae,1014,4.60e-140,1,0,1,"CAZy(tailspike,class待定)",0,no,100.0,Complete,,,,荚膜多糖（推断）,0.028,其他革兰阴性/细菌,0.6592
PX974332.1_46,depolymerase,Klebsiella,bacteria,Webervirus,Drexlerviridae,740,2.50e-28,,,,none,0,no,90.81,High-quality,,,,未知,0.234,CRKP/PA/AB 临床重点菌,0.6591
OL964753_36,depolymerase,Salmonella,bacteria,Unclassified,Ackermannviridae,808,1.20e-139,2,0,1,"CAZy(tailspike,class待定)",2,no,73.99,Medium-quality,,,,荚膜多糖（推断）,0.027,其他革兰阴性/细菌,0.6591
MT080594_60,lysin,Staphylococcus,bacteria,Unclassified,Herelleviridae,268,6.10e-107,1,0,2,none,0,no,100.0,Complete,AF-A0A2N6QKF3-F1,90.5,9,未知,0.389,革兰阳性,0.6591
NC_018837_42,holin,Pectobacterium,bacteria,Myunavirus,Demerecviridae,219,7.80e-16,1,0,0,none,2,yes,100.0,Complete,,,,膜成孔（内溶素协同，推断）,0.555,其他革兰阴性/细菌,0.659
PP758851_62,lysin,Streptococcus,bacteria,Unclassified,Unclassified,448,8.40e-81,1,1,1,GH25,1,no,100.0,Complete,AF-A0AAV3JIJ3-F1,86.8,18,肽聚糖（推断）,0.025,革兰阳性,0.659
OV877765_261,holin,Escherichia,bacteria,Dhakavirus,Straboviridae,218,1.00e-52,1,0,0,none,1,yes,100.0,Complete,,,,膜成孔（内溶素协同，推断）,0.026,其他革兰阴性/细菌,0.6589
PQ231750_4,depolymerase,Klebsiella,bacteria,Jedunavirus,Unclassified,820,1.40e-106,,,,none,0,no,83.63,Medium-quality,,,,未知,0.125,CRKP/PA/AB 临床重点菌,0.6588
OL964746_36,depolymerase,Salmonella,bacteria,Unclassified,Ackermannviridae,808,1.20e-139,2,0,1,"CAZy(tailspike,class待定)",2,no,74.76,Medium-quality,,,,荚膜多糖（推断）,0.025,其他革兰阴性/细菌,0.6587
NC_014457_29,lysin,Clostridium,bacteria,Unclassified,Unclassified,275,6.60e-18,1,1,1,GH25,0,yes,72.25,Medium-quality,AF-A0A0A7HFN3-F1,96.2,15,肽聚糖（推断）,0.366,革兰阳性,0.6587
OY757090_49,depolymerase,Klebsiella,bacteria,Przondovirus,Autotranscriptaviridae,280,1.60e-24,,,,none,0,no,96.4,High-quality,,,,未知,1.0,CRKP/PA/AB 临床重点菌,0.6586
OY757087_49,depolymerase,Klebsiella,bacteria,Przondovirus,Autotranscriptaviridae,217,1.60e-24,,,,none,0,yes,96.4,High-quality,,,,未知,1.0,CRKP/PA/AB 临床重点菌,0.6586
NC_055727_224,holin,Proteus,bacteria,Bragavirus,Straboviridae,208,2.40e-47,1,0,0,none,1,yes,84.35,Medium-quality,,,,膜成孔（内溶素协同，推断）,0.024,其他革兰阴性/细菌,0.6586
MW367898_58,holin,Proteus,bacteria,Bragavirus,Straboviridae,208,2.40e-47,1,0,0,none,1,yes,85.42,Medium-quality,,,,膜成孔（内溶素协同，推断）,0.024,其他革兰阴性/细菌,0.6586
PP758850_62,lysin,Streptococcus,bacteria,Unclassified,Unclassified,448,8.40e-81,1,1,1,GH25,0,no,87.31,Medium-quality,AF-A0A7Z7K9X4-F1,85.2,23,肽聚糖（推断）,0.038,革兰阳性,0.6585
OM681507_133,depolymerase,Salmonella,bacteria,Kuttervirus,Ackermannviridae,1168,5.30e-140,1,0,1,"CAZy(tailspike,class待定)",0,no,95.2,High-quality,,,,荚膜多糖（推断）,0.022,其他革兰阴性/细菌,0.6583
PQ374922_1,depolymerase,Escherichia,bacteria,Unclassified,Unclassified,1000,3.00e-142,,,,none,0,yes,93.33,High-quality,AF-A0ABD4JXL2-F1,72.4,46,未知,0.297,其他革兰阴性/细菌,0.6582
OM457001_81,holin,Serratia,bacteria,Muldoonvirus,Unclassified,220,1.60e-57,1,0,0,none,1,yes,88.01,Medium-quality,,,,膜成孔（内溶素协同，推断）,0.021,其他革兰阴性/细菌,0.6582
OR532902_37,depolymerase,Klebsiella,bacteria,Unclassified,Unclassified,669,5.70e-36,0,0,1,none,0,no,79.34,Medium-quality,,,,未知,0.12,CRKP/PA/AB 临床重点菌,0.658
OR532885_36,depolymerase,Klebsiella,bacteria,Unclassified,Unclassified,669,5.70e-36,0,0,1,none,0,no,81.86,Medium-quality,,,,未知,0.12,CRKP/PA/AB 临床重点菌,0.658
OQ455241.1_82,depolymerase,Salmonella,bacteria,Unclassified,Unclassified,1014,4.60e-140,1,0,0,"CAZy(tailspike,class待定)",0,no,94.84,High-quality,,,,荚膜多糖（推断）,0.018,其他革兰阴性/细菌,0.6577
OR532824_36,depolymerase,Klebsiella,bacteria,Unclassified,Unclassified,669,5.70e-36,0,0,1,none,0,no,81.69,Medium-quality,,,,未知,0.118,CRKP/PA/AB 临床重点菌,0.6577
PP758856_58,lysin,Streptococcus,bacteria,Unclassified,Unclassified,448,8.40e-81,1,1,1,GH25,1,no,84.36,Medium-quality,AF-A0AAV3JIJ3-F1,86.8,18,肽聚糖（推断）,0.016,革兰阳性,0.6576
OL436245_83,lysin,Staphylococcus,bacteria,Baoshanvirus,Herelleviridae,496,6.10e-107,2,1,2,none,0,no,100.0,Complete,AF-A0A2N6QKF3-F1,85.1,34,未知,0.433,革兰阳性,0.6576
NC_071133_13,depolymerase,Klebsiella,bacteria,Sircambvirus,Unclassified,669,5.70e-36,0,0,1,none,0,no,100.0,Complete,,,,未知,0.117,CRKP/PA/AB 临床重点菌,0.6575
OX638288_25,holin,Escherichia,bacteria,Dhakavirus,Straboviridae,218,1.00e-52,1,0,0,none,1,yes,96.2,High-quality,,,,膜成孔（内溶素协同，推断）,0.017,其他革兰阴性/细菌,0.6575
NC_055742_26,holin,Enterobacteria,bacteria,Dhakavirus,Straboviridae,218,1.00e-52,1,0,0,none,1,yes,96.62,High-quality,,,,膜成孔（内溶素协同，推断）,0.017,其他革兰阴性/细菌,0.6575
NC_055782_197,holin,Escherichia,bacteria,Dhakavirus,Straboviridae,218,1.00e-52,1,0,0,none,1,yes,94.94,High-quality,,,,膜成孔（内溶素协同，推断）,0.017,其他革兰阴性/细菌,0.6575
NC_024122_129,depolymerase,Salmonella,bacteria,Kuttervirus,Ackermannviridae,1014,4.60e-140,1,0,1,"CAZy(tailspike,class待定)",0,no,97.61,High-quality,,,,荚膜多糖（推断）,0.016,其他革兰阴性/细菌,0.6574
LR215721_77,lysin,Staphylococcus,bacteria,Unclassified,Herelleviridae,497,6.10e-107,2,1,2,none,0,no,100.0,Complete,AF-A0A2N6QKF3-F1,85.2,25,未知,0.431,革兰阳性,0.6574
PP847084_40,depolymerase,Klebsiella,bacteria,Jedunavirus,Unclassified,669,5.70e-36,0,0,1,none,0,no,100.0,Complete,,,,未知,0.115,CRKP/PA/AB 临床重点菌,0.6573
NC_041900_41,depolymerase,Klebsiella,bacteria,Sircambvirus,Unclassified,669,5.70e-36,0,0,1,none,0,no,78.73,Medium-quality,,,,未知,0.115,CRKP/PA/AB 临床重点菌,0.6573
MW021757_123,depolymerase,Salmonella,bacteria,Kuttervirus,Ackermannviridae,1194,3.90e-138,1,0,1,"CAZy(tailspike,class待定)",0,no,95.25,High-quality,,,,荚膜多糖（推断）,0.015,其他革兰阴性/细菌,0.6573
MT787017_148,lysin,Staphylococcus,bacteria,Unclassified,Herelleviridae,497,6.10e-107,2,1,2,none,0,no,100.0,Complete,AF-A0A2N6QKF3-F1,85.1,34,未知,0.431,革兰阳性,0.6573
MK448796_81,lysin,Streptococcus,bacteria,Unclassified,Unclassified,448,8.40e-81,1,1,1,GH25,1,no,85.74,Medium-quality,AF-A0A7Z7K9X4-F1,85.2,23,肽聚糖（推断）,0.029,革兰阳性,0.6572
PP766240_54,lysin,Streptococcus,bacteria,Unclassified,Unclassified,448,8.40e-81,1,1,1,GH25,1,no,75.83,Medium-quality,AF-A0AAV3JIJ3-F1,86.8,18,肽聚糖（推断）,0.013,革兰阳性,0.6572
OR863362_186,depolymerase,Salmonella,bacteria,Kuttervirus,Ackermannviridae,1096,7.50e-138,1,0,0,"CAZy(tailspike,class待定)",0,no,100.0,Complete,,,,荚膜多糖（推断）,0.014,其他革兰阴性/细菌,0.6571
OR532841_39,depolymerase,Klebsiella,bacteria,Unclassified,Unclassified,669,5.70e-36,0,0,1,none,0,no,80.53,Medium-quality,,,,未知,0.114,CRKP/PA/AB 临床重点菌,0.6571
PQ438797_33,depolymerase,Klebsiella,bacteria,Jedunavirus,Unclassified,669,5.70e-36,0,0,1,none,0,no,79.2,Medium-quality,,,,未知,0.114,CRKP/PA/AB 临床重点菌,0.6571
OP013026_16,depolymerase,Klebsiella,bacteria,Przondovirus,Autotranscriptaviridae,771,6.20e-27,1,0,1,none,0,no,92.27,High-quality,,,,未知,0.149,CRKP/PA/AB 临床重点菌,0.6571
PX694426.1_43,depolymerase,Klebsiella,bacteria,Przondovirus,Autotranscriptaviridae,771,6.20e-27,1,0,2,none,0,no,100.0,Complete,,,,未知,0.149,CRKP/PA/AB 临床重点菌,0.6571
OQ361773_246,holin,Cronobacter,bacteria,Muldoonvirus,Unclassified,220,1.60e-57,1,0,0,none,1,yes,87.01,Medium-quality,,,,膜成孔（内溶素协同，推断）,0.014,其他革兰阴性/细菌,0.6571
OP828573_111,depolymerase,Salmonella,bacteria,Kuttervirus,Ackermannviridae,1168,5.30e-140,1,0,1,"CAZy(tailspike,class待定)",0,no,100.0,Complete,,,,荚膜多糖（推断）,0.013,其他革兰阴性/细菌,0.657
OP039102_22,lysin,Staphylococcus,bacteria,Kayvirus,Herelleviridae,496,6.10e-107,2,1,2,none,0,no,100.0,Complete,AF-A0A2N6QKF3-F1,85.1,34,未知,0.429,革兰阳性,0.657
MT080596_37,lysin,Staphylococcus,bacteria,Unclassified,Herelleviridae,496,6.10e-107,2,1,2,none,0,no,100.0,Complete,AF-A0A2N6QKF3-F1,85.1,34,未知,0.429,革兰阳性,0.657
OP352123_162,lysin,Staphylococcus,bacteria,Unclassified,Unclassified,497,6.10e-107,2,1,2,none,0,no,92.22,High-quality,AF-A0A2N6QKF3-F1,85.1,34,未知,0.429,革兰阳性,0.657
OR495700_57,lysin,Staphylococcus,bacteria,Kayvirus,Herelleviridae,497,6.10e-107,2,1,2,none,0,no,92.89,High-quality,AF-A0A2N6QKF3-F1,85.1,34,未知,0.429,革兰阳性,0.657
NC_049504_6,depolymerase,Salmonella,bacteria,Kuttervirus,Ackermannviridae,1168,5.30e-140,1,0,1,"CAZy(tailspike,class待定)",0,no,95.11,High-quality,,,,荚膜多糖（推断）,0.012,其他革兰阴性/细菌,0.6568
NC_049396_161,depolymerase,Salmonella,bacteria,Kuttervirus,Ackermannviridae,1168,5.30e-140,1,0,1,"CAZy(tailspike,class待定)",0,no,94.76,High-quality,,,,荚膜多糖（推断）,0.012,其他革兰阴性/细菌,0.6568
NC_049443_203,depolymerase,Salmonella,bacteria,Kuttervirus,Ackermannviridae,1168,5.30e-140,1,0,1,"CAZy(tailspike,class待定)",0,no,93.92,High-quality,,,,荚膜多糖（推断）,0.012,其他革兰阴性/细菌,0.6568
OQ915374_74,lysin,Staphylococcus,bacteria,Kayvirus,Herelleviridae,496,6.10e-107,2,1,2,none,0,no,92.89,High-quality,AF-A0A2N6QKF3-F1,85.1,34,未知,0.427,革兰阳性,0.6567
OL656110_161,depolymerase,Escherichia,bacteria,Unclassified,Ackermannviridae,1054,9.60e-142,1,1,1,"CAZy(tailspike,class待定)",0,yes,93.49,High-quality,,,,荚膜多糖（推断）,0.01,其他革兰阴性/细菌,0.6565
PQ156939_75,lysin,Staphylococcus,bacteria,Kayvirus,Herelleviridae,497,6.10e-107,2,1,2,none,0,no,96.34,High-quality,AF-A0A2N6QKF3-F1,85.1,34,未知,0.425,革兰阳性,0.6564
PQ801475_74,lysin,Staphylococcus,bacteria,Unclassified,Unclassified,496,6.10e-107,2,1,2,none,0,no,100.0,Complete,AF-A0A2N6QKF3-F1,85.1,34,未知,0.425,革兰阳性,0.6564
OQ338184_76,lysin,Staphylococcus,bacteria,Kayvirus,Herelleviridae,497,6.10e-107,2,1,2,none,0,no,100.0,Complete,AF-A0A2N6QKF3-F1,85.1,34,未知,0.425,革兰阳性,0.6564
NC_049506_6,depolymerase,Salmonella,bacteria,Kuttervirus,Ackermannviridae,1014,4.60e-140,1,0,0,"CAZy(tailspike,class待定)",0,no,95.64,High-quality,,,,荚膜多糖（推断）,0.009,其他革兰阴性/细菌,0.6563
NC_031128_115,depolymerase,Salmonella,bacteria,Kuttervirus,Ackermannviridae,1168,5.30e-140,1,0,1,"CAZy(tailspike,class待定)",0,no,95.66,High-quality,,,,荚膜多糖（推断）,0.009,其他革兰阴性/细菌,0.6563
PP954958_16,depolymerase,Klebsiella,bacteria,Jedunavirus,Unclassified,669,5.70e-36,0,0,1,none,0,no,79.41,Medium-quality,,,,未知,0.109,CRKP/PA/AB 临床重点菌,0.6563
OQ561750_213,holin,Escherichia,bacteria,Dhakavirus,Straboviridae,218,1.00e-52,1,0,0,none,1,yes,95.67,High-quality,,,,膜成孔（内溶素协同，推断）,0.009,其他革兰阴性/细菌,0.6563
OR427838_72,holin,Escherichia,bacteria,Unclassified,Unclassified,218,1.00e-52,1,0,0,none,1,yes,100.0,Complete,,,,膜成孔（内溶素协同，推断）,0.009,其他革兰阴性/细菌,0.6563
PV730302_218,holin,Escherichia,bacteria,Dhakavirus,Straboviridae,218,1.00e-52,1,0,0,none,1,yes,100.0,Complete,,,,膜成孔（内溶素协同，推断）,0.009,其他革兰阴性/细菌,0.6563
NC_014260_258,holin,Escherichia,bacteria,Dhakavirus,Straboviridae,218,1.00e-52,1,0,0,none,1,yes,96.61,High-quality,,,,膜成孔（内溶素协同，推断）,0.009,其他革兰阴性/细菌,0.6563
OR756449_171,holin,Salmonella,bacteria,Dhakavirus,Straboviridae,218,1.00e-52,1,0,0,none,1,yes,95.85,High-quality,,,,膜成孔（内溶素协同，推断）,0.009,其他革兰阴性/细菌,0.6563
NC_055740_24,holin,Enterobacteria,bacteria,Dhakavirus,Straboviridae,218,1.00e-52,1,0,0,none,1,yes,95.78,High-quality,,,,膜成孔（内溶素协同，推断）,0.009,其他革兰阴性/细菌,0.6563
OK335775_65,holin,Escherichia,bacteria,Dhakavirus,Straboviridae,218,1.00e-52,1,0,0,none,1,yes,96.5,High-quality,,,,膜成孔（内溶素协同，推断）,0.009,其他革兰阴性/细菌,0.6563
MW149274_260,holin,Salmonella,bacteria,Dhakavirus,Straboviridae,218,1.00e-52,1,0,0,none,1,yes,96.54,High-quality,,,,膜成孔（内溶素协同，推断）,0.009,其他革兰阴性/细菌,0.6563
NC_012741_259,holin,Escherichia,bacteria,Dhakavirus,Straboviridae,218,1.00e-52,1,0,0,none,1,yes,96.12,High-quality,,,,膜成孔（内溶素协同，推断）,0.009,其他革兰阴性/细菌,0.6563
OP292222_256,holin,Escherichia,bacteria,Dhakavirus,Straboviridae,218,1.00e-52,1,0,0,none,1,yes,95.67,High-quality,,,,膜成孔（内溶素协同，推断）,0.009,其他革兰阴性/细菌,0.6563
NC_019500_158,holin,Escherichia,bacteria,Dhakavirus,Straboviridae,218,1.00e-52,1,0,0,none,1,yes,94.17,High-quality,,,,膜成孔（内溶素协同，推断）,0.009,其他革兰阴性/细菌,0.6563
OR532857_38,depolymerase,Klebsiella,bacteria,Unclassified,Unclassified,669,5.70e-36,0,0,1,none,0,no,79.43,Medium-quality,,,,未知,0.108,CRKP/PA/AB 临床重点菌,0.6562
MN101227_41,depolymerase,Klebsiella,bacteria,Przondovirus,Autotranscriptaviridae,771,6.20e-27,1,0,1,none,0,no,89.91,Medium-quality,,,,未知,0.143,CRKP/PA/AB 临床重点菌,0.6562
MW042804_1,lysin,Klebsiella,bacteria,Przondovirus,Autotranscriptaviridae,53,1.80e-28,,,,none,0,no,100.0,Complete,,,,未知,0.208,CRKP/PA/AB 临床重点菌,0.6562
OP991882_202,depolymerase,Salmonella,bacteria,Kuttervirus,Ackermannviridae,1014,4.60e-140,1,0,0,"CAZy(tailspike,class待定)",0,no,95.3,High-quality,,,,荚膜多糖（推断）,0.007,其他革兰阴性/细菌,0.6561
MW722080_63,depolymerase,Klebsiella,bacteria,Lastavirus,Unclassified,784,2.90e-41,1,0,2,none,0,yes,98.41,High-quality,,,,未知,0.107,CRKP/PA/AB 临床重点菌,0.6561
OQ129425_151,lysin,Staphylococcus,bacteria,Unclassified,Herelleviridae,497,6.10e-107,2,1,2,none,0,no,93.8,High-quality,AF-A0A2N6QKF3-F1,85.1,34,未知,0.423,革兰阳性,0.6561
NC_071134_42,depolymerase,Klebsiella,bacteria,Sircambvirus,Unclassified,669,5.70e-36,0,0,1,none,0,no,79.37,Medium-quality,,,,未知,0.106,CRKP/PA/AB 临床重点菌,0.6559
MT559528_41,depolymerase,Klebsiella,bacteria,Jedunavirus,Unclassified,669,5.70e-36,0,0,1,none,0,no,81.35,Medium-quality,,,,未知,0.105,CRKP/PA/AB 临床重点菌,0.6558
OP263968_74,lysin,Staphylococcus,bacteria,Kayvirus,Herelleviridae,496,6.10e-107,2,1,2,none,0,no,100.0,Complete,AF-A0A2N6QKF3-F1,85.1,34,未知,0.421,革兰阳性,0.6558
MN342150_206,depolymerase,Escherichia,bacteria,Kuttervirus,Ackermannviridae,1194,3.90e-138,1,0,1,"CAZy(tailspike,class待定)",0,no,96.02,High-quality,,,,荚膜多糖（推断）,0.005,其他革兰阴性/细菌,0.6557
MK295204_257,holin,Shigella,bacteria,Bragavirus,Straboviridae,208,2.40e-47,1,0,0,none,1,yes,86.87,Medium-quality,,,,膜成孔（内溶素协同，推断）,0.005,其他革兰阴性/细菌,0.6557
PQ182779_229,depolymerase,Klebsiella,bacteria,Unclassified,Unclassified,913,4.30e-139,1,0,0,none,0,yes,99.41,High-quality,,,,未知,0.104,CRKP/PA/AB 临床重点菌,0.6556
OP610151_174,depolymerase,Salmonella,bacteria,Kuttervirus,Ackermannviridae,1194,3.90e-138,1,0,1,"CAZy(tailspike,class待定)",0,no,95.54,High-quality,,,,荚膜多糖（推断）,0.004,其他革兰阴性/细菌,0.6556
MN935200_46,lysin,Staphylococcus,bacteria,Unclassified,Herelleviridae,497,6.10e-107,2,1,2,none,0,no,71.94,Medium-quality,AF-A0A2N6QKF3-F1,85.1,34,未知,0.42,革兰阳性,0.6556
OR122688_207,depolymerase,Salmonella,bacteria,Kuttervirus,Ackermannviridae,1194,3.90e-138,1,0,1,"CAZy(tailspike,class待定)",0,no,95.88,High-quality,,,,荚膜多糖（推断）,0.003,其他革兰阴性/细菌,0.6554
OK499982_44,lysin,Morganella,bacteria,Minipunavirus,Autotranscriptaviridae,1310,2.90e-280,,,,none,0,no,89.46,Medium-quality,,,,未知,0.503,其他革兰阴性/细菌,0.6554
NC_042061_132,depolymerase,Salmonella,bacteria,Kuttervirus,Ackermannviridae,1194,3.90e-138,1,0,1,"CAZy(tailspike,class待定)",0,no,95.24,High-quality,,,,荚膜多糖（推断）,0.002,其他革兰阴性/细菌,0.6553
NC_031115_49,lysin,Morganella,bacteria,Minipunavirus,Autotranscriptaviridae,1310,2.90e-280,,,,none,0,no,100.0,Complete,,,,未知,0.502,其他革兰阴性/细菌,0.6553
PV641622_99,lysin,Staphylococcus,bacteria,Unclassified,Unclassified,498,6.10e-107,2,1,2,none,0,no,100.0,Complete,AF-A0A2N6QKF3-F1,85.1,34,未知,0.418,革兰阳性,0.6553
MW355475_67,depolymerase,Salmonella,bacteria,Kuttervirus,Ackermannviridae,1168,5.30e-140,1,0,1,"CAZy(tailspike,class待定)",0,no,95.28,High-quality,,,,荚膜多糖（推断）,0.001,其他革兰阴性/细菌,0.6552
PP588724_15,depolymerase,Salmonella,bacteria,Unclassified,Ackermannviridae,1168,5.30e-140,1,0,1,"CAZy(tailspike,class待定)",0,no,94.99,High-quality,,,,荚膜多糖（推断）,0.001,其他革兰阴性/细菌,0.6552
MN871502_209,depolymerase,Salmonella,bacteria,Kuttervirus,Ackermannviridae,1168,5.30e-140,1,0,1,"CAZy(tailspike,class待定)",0,no,94.98,High-quality,,,,荚膜多糖（推断）,0.001,其他革兰阴性/细菌,0.6552
NC_020083_31,depolymerase,Serratia,bacteria,Miltonvirus,Ackermannviridae,988,1.30e-72,1,0,1,PL4,0,no,93.96,High-quality,,,,荚膜多糖（推断）,0.001,其他革兰阴性/细菌,0.6552
NC_048182_199,lysin,Edwardsiella,bacteria,Petsuvirus,Chimalliviridae,2434,1.60e-23,1,0,1,GH18/19,0,no,100.0,Complete,,,,肽聚糖（推断）,0.288,其他革兰阴性/细菌,0.6552
PP766239_57,lysin,Streptococcus,bacteria,Unclassified,Unclassified,448,8.40e-81,1,1,1,GH25,1,no,81.01,Medium-quality,AF-A0AAV3JIJ3-F1,86.8,18,肽聚糖（推断）,0.0,革兰阳性,0.6552
MW650886_2,depolymerase,Escherichia,bacteria,Unclassified,Ackermannviridae,1041,3.50e-143,1,0,0,"CAZy(tailspike,class待定)",0,yes,89.94,Medium-quality,,,,荚膜多糖（推断）,0.0,其他革兰阴性/细菌,0.655
NC_049428_41,depolymerase,Salmonella,bacteria,Kuttervirus,Ackermannviridae,1072,7.40e-139,1,0,1,"CAZy(tailspike,class待定)",0,no,97.45,High-quality,,,,荚膜多糖（推断）,0.0,其他革兰阴性/细菌,0.655
NC_049500_6,depolymerase,Salmonella,bacteria,Kuttervirus,Ackermannviridae,1046,5.40e-136,2,0,0,"CAZy(tailspike,class待定)",0,no,87.11,Medium-quality,,,,荚膜多糖（推断）,0.0,其他革兰阴性/细菌,0.655
OM816835_32,depolymerase,Stenotrophomonas,bacteria,Unclassified,Unclassified,892,7.60e-58,1,0,0,"CAZy(tailspike,class待定)",0,yes,74.28,Medium-quality,,,,荚膜多糖（推断）,0.0,其他革兰阴性/细菌,0.655
NC_049378_98,depolymerase,Salmonella,bacteria,Kuttervirus,Ackermannviridae,1014,4.60e-140,1,0,0,"CAZy(tailspike,class待定)",0,no,95.26,High-quality,,,,荚膜多糖（推断）,0.0,其他革兰阴性/细菌,0.655
NC_049499_4,depolymerase,Salmonella,bacteria,Kuttervirus,Ackermannviridae,767,5.30e-140,1,0,1,"CAZy(tailspike,class待定)",0,yes,86.41,Medium-quality,,,,荚膜多糖（推断）,0.0,其他革兰阴性/细菌,0.655
NC_029042_51,depolymerase,Salmonella,bacteria,Kuttervirus,Ackermannviridae,466,5.30e-140,1,0,1,"CAZy(tailspike,class待定)",0,no,95.08,High-quality,,,,荚膜多糖（推断）,0.0,其他革兰阴性/细菌,0.655
ON169963_114,depolymerase,Salmonella,bacteria,Kuttervirus,Ackermannviridae,1096,7.50e-138,1,0,0,"CAZy(tailspike,class待定)",0,no,94.74,High-quality,,,,荚膜多糖（推断）,0.0,其他革兰阴性/细菌,0.655
ON184126_1,depolymerase,Escherichia,bacteria,Unclassified,Ackermannviridae,852,9.60e-142,1,1,1,"CAZy(tailspike,class待定)",0,no,93.96,High-quality,,,,荚膜多糖（推断）,0.0,其他革兰阴性/细菌,0.655
OY977469_46,depolymerase,Klebsiella,bacteria,Przondovirus,Autotranscriptaviridae,679,3.80e-26,1,0,0,none,1,no,96.13,High-quality,,,,未知,0.57,CRKP/PA/AB 临床重点菌,0.655
MF285619_34,depolymerase,Serratia,bacteria,Miltonvirus,Ackermannviridae,988,1.30e-72,1,0,1,PL4,0,no,95.19,High-quality,,,,荚膜多糖（推断）,0.0,其他革兰阴性/细菌,0.655
MT682711_253,holin,Escherichia,bacteria,Dhakavirus,Straboviridae,218,1.00e-52,1,0,0,none,1,yes,96.18,High-quality,,,,膜成孔（内溶素协同，推断）,0.0,其他革兰阴性/细菌,0.655
MT150133_55,holin,Enterobacteria,bacteria,Dhakavirus,Straboviridae,218,1.00e-52,1,0,0,none,1,yes,95.31,High-quality,,,,膜成孔（内溶素协同，推断）,0.0,其他革兰阴性/细菌,0.655
NC_031934_247,holin,Escherichia,bacteria,Dhakavirus,Straboviridae,218,1.00e-52,1,0,0,none,1,yes,100.0,Complete,,,,膜成孔（内溶素协同，推断）,0.0,其他革兰阴性/细菌,0.655
PX436236_248,holin,Escherichia,bacteria,Unclassified,Unclassified,218,1.00e-52,1,0,0,none,1,yes,95.82,High-quality,,,,膜成孔（内溶素协同，推断）,0.0,其他革兰阴性/细菌,0.655
PZ026127.1_190,holin,Escherichia,bacteria,Unclassified,Unclassified,218,1.00e-52,1,0,0,none,1,yes,96.1,High-quality,,,,膜成孔（内溶素协同，推断）,0.0,其他革兰阴性/细菌,0.655
NC_055783_265,holin,Escherichia,bacteria,Dhakavirus,Straboviridae,128,1.00e-52,1,0,0,none,1,yes,87.04,Medium-quality,,,,膜成孔（内溶素协同，推断）,0.0,其他革兰阴性/细菌,0.655
NC_024121_254,holin,Serratia,bacteria,Muldoonvirus,Unclassified,154,1.60e-57,1,0,0,none,0,no,86.9,Medium-quality,,,,膜成孔（内溶素协同，推断）,0.0,其他革兰阴性/细菌,0.655
NC_055737_14,holin,Proteus,bacteria,Bragavirus,Straboviridae,208,2.40e-47,1,0,0,none,1,yes,87.79,Medium-quality,,,,膜成孔（内溶素协同，推断）,0.0,其他革兰阴性/细菌,0.655
PV683293_134,depolymerase,Klebsiella,bacteria,Unclassified,Ackermannviridae,837,5.70e-255,,,,none,0,no,93.88,High-quality,,,,未知,0.099,CRKP/PA/AB 临床重点菌,0.6549
PP096838_38,depolymerase,Klebsiella,bacteria,Przondovirus,Autotranscriptaviridae,145,4.40e-29,1,0,0,none,0,no,92.89,High-quality,,,,未知,0.099,CRKP/PA/AB 临床重点菌,0.6549
PP758854_51,lysin,Streptococcus,bacteria,Unclassified,Unclassified,445,8.40e-81,1,1,1,GH25,0,no,100.0,Complete,AF-A0A1F0CFZ3-F1,86.6,30,肽聚糖（推断）,0.0,革兰阳性,0.6549
NC_022920_69,lysin,Staphylococcus,bacteria,Kayvirus,Herelleviridae,496,6.10e-107,2,1,2,none,0,no,91.5,High-quality,AF-A0A2N6QKF3-F1,85.1,34,未知,0.414,革兰阳性,0.6547
PV588653_20,depolymerase,Klebsiella,bacteria,Unclassified,Unclassified,130,9.00e-51,,,,none,0,no,41.29,Low-quality,,,,未知,0.097,CRKP/PA/AB 临床重点菌,0.6545
NC_048131_44,depolymerase,Klebsiella,bacteria,Przondovirus,Autotranscriptaviridae,679,3.80e-26,1,0,0,none,1,no,96.18,High-quality,,,,未知,0.567,CRKP/PA/AB 临床重点菌,0.6545
PQ133606_9,depolymerase,Klebsiella,bacteria,Unclassified,Unclassified,799,2.10e-51,1,0,1,none,0,no,100.0,Complete,,,,未知,0.097,CRKP/PA/AB 临床重点菌,0.6545
LC768484_2,depolymerase,Klebsiella,bacteria,Alcyoneusvirus,Unclassified,810,8.80e-65,0,0,1,none,0,no,25.09,Low-quality,,,,未知,0.096,CRKP/PA/AB 临床重点菌,0.6544
ON513429_45,depolymerase,Acinetobacter,bacteria,Friunavirus,Autoscriptoviridae,852,2.00e-57,,,,none,0,no,90.57,High-quality,,,,未知,0.096,CRKP/PA/AB 临床重点菌,0.6544
OY978813_46,depolymerase,Klebsiella,bacteria,Przondovirus,Autotranscriptaviridae,809,1.60e-24,1,0,0,none,0,no,95.61,High-quality,,,,未知,0.237,CRKP/PA/AB 临床重点菌,0.6542
PV472050_181,lysin,Pseudomonas,bacteria,Unclassified,Straboviridae,1166,2.30e-20,1,0,1,GH18/19,0,yes,71.82,Medium-quality,,,,肽聚糖（推断）,0.022,CRKP/PA/AB 临床重点菌,0.6542
PP456879_227,lysin,Pseudomonas,bacteria,Phikzvirus,Chimalliviridae,261,5.40e-14,2,0,2,CBM(class);GH23,0,yes,93.46,High-quality,,,,肽聚糖（推断）,0.571,CRKP/PA/AB 临床重点菌,0.6541
OU509535_282,depolymerase,Klebsiella,bacteria,Unclassified,Unclassified,810,8.80e-65,0,0,1,none,0,no,100.0,Complete,,,,未知,0.092,CRKP/PA/AB 临床重点菌,0.6538
PV400810_62,lysin,Pseudomonas,bacteria,Unclassified,Unclassified,2544,2.30e-20,1,0,1,GH18/19,0,no,71.91,Medium-quality,,,,肽聚糖（推断）,0.019,CRKP/PA/AB 临床重点菌,0.6538
OP599913_107,lysin,Pseudomonas,bacteria,Elvirus,Chimalliviridae,2538,2.30e-20,1,0,1,GH18/19,0,no,72.75,Medium-quality,,,,肽聚糖（推断）,0.019,CRKP/PA/AB 临床重点菌,0.6538
PV987926_130,depolymerase,Klebsiella,bacteria,Taipeivirus,Ackermannviridae,998,3.90e-253,0,0,1,none,0,no,95.45,High-quality,,,,未知,0.091,CRKP/PA/AB 临床重点菌,0.6536
OM816836_30,depolymerase,Klebsiella,bacteria,Uetakevirus,Unclassified,778,4.00e-46,1,1,1,none,0,no,64.59,Medium-quality,,,,未知,0.091,CRKP/PA/AB 临床重点菌,0.6536
PV540239_4,depolymerase,Klebsiella,bacteria,Unclassified,Unclassified,669,5.70e-36,0,0,1,none,0,no,100.0,Complete,,,,未知,0.091,CRKP/PA/AB 临床重点菌,0.6536
NC_007623_184,lysin,Pseudomonas,bacteria,Elvirus,Chimalliviridae,2544,2.30e-20,1,0,1,GH18/19,0,no,72.28,Medium-quality,,,,肽聚糖（推断）,0.018,CRKP/PA/AB 临床重点菌,0.6536
KY794642_205,lysin,Staphylococcus,bacteria,Unclassified,Herelleviridae,496,6.10e-107,2,1,2,none,0,no,94.07,High-quality,AF-Q4L3Y5-F1,83.3,29,未知,0.424,革兰阳性,0.6535
PQ569708_42,depolymerase,Klebsiella,bacteria,Unclassified,Unclassified,809,1.60e-24,1,0,0,none,0,no,92.77,High-quality,,,,未知,0.231,CRKP/PA/AB 临床重点菌,0.6533
PQ569704_44,depolymerase,Klebsiella,bacteria,Unclassified,Unclassified,809,1.60e-24,1,0,0,none,0,no,94.39,High-quality,,,,未知,0.231,CRKP/PA/AB 临床重点菌,0.6533
OY978822_50,depolymerase,Klebsiella,bacteria,Przondovirus,Autotranscriptaviridae,809,1.60e-24,1,0,0,none,0,no,96.4,High-quality,,,,未知,0.231,CRKP/PA/AB 临床重点菌,0.6533
PX694418.1_44,depolymerase,Klebsiella,bacteria,Przondovirus,Autotranscriptaviridae,809,1.60e-24,1,0,1,none,0,no,100.0,Complete,,,,未知,0.231,CRKP/PA/AB 临床重点菌,0.6533
PV344601_69,lysin,Staphylococcus,bacteria,Unclassified,Unclassified,491,7.70e-28,3,1,2,none,0,no,70.51,Medium-quality,AF-A0AB37HRU5-F1,83.5,28,未知,0.42,革兰阳性,0.6532
PQ133610_7,depolymerase,Klebsiella,bacteria,Unclassified,Unclassified,294,8.60e-25,1,0,1,none,0,no,100.0,Complete,,,,未知,0.218,CRKP/PA/AB 临床重点菌,0.6531
MT774487_14,depolymerase,Salmonella,bacteria,Lederbergvirus,Unclassified,656,9.70e-15,2,0,2,"CAZy(tailspike,class待定)",0,yes,78.42,Medium-quality,AF-A0A754V8H3-F1,91.4,33,荚膜多糖（推断）,0.017,其他革兰阴性/细菌,0.6531
OR611155_167,lysin,Staphylococcus,bacteria,Kayvirus,Herelleviridae,497,6.10e-107,2,1,2,none,0,no,93.35,High-quality,AF-Q4L3Y5-F1,83.3,29,未知,0.421,革兰阳性,0.6531
ON153212_132,lysin,Staphylococcus,bacteria,Unclassified,Unclassified,496,6.10e-107,2,1,2,none,0,no,100.0,Complete,AF-Q4L3Y5-F1,83.3,29,未知,0.421,革兰阳性,0.6531
OP323059_27,lysin,Staphylococcus,bacteria,Kayvirus,Herelleviridae,496,6.10e-107,2,1,2,none,0,no,91.6,High-quality,AF-Q4L3Y5-F1,83.3,29,未知,0.421,革兰阳性,0.6531
OZ035729_87,holin,Unspecified,bacteria,Tequatrovirus,Straboviridae,219,5.00e-102,1,0,0,none,2,yes,95.54,High-quality,,,,膜成孔（内溶素协同，推断）,0.52,未知,0.653
KJ477684_247,holin,Unspecified,bacteria,Tequatrovirus,Straboviridae,219,5.00e-102,1,0,0,none,1,yes,95.09,High-quality,,,,膜成孔（内溶素协同，推断）,0.52,未知,0.653
OZ035760_85,holin,Unspecified,bacteria,Tequatrovirus,Straboviridae,219,5.00e-102,1,0,0,none,1,yes,93.9,High-quality,,,,膜成孔（内溶素协同，推断）,0.52,未知,0.653
MT080603_141,lysin,Staphylococcus,bacteria,Unclassified,Herelleviridae,497,6.10e-107,3,1,2,none,0,no,92.69,High-quality,AF-Q4L3Y5-F1,83.3,29,未知,0.42,革兰阳性,0.653
ON113344_49,lysin,Staphylococcus,bacteria,Unclassified,Herelleviridae,496,6.10e-107,2,1,2,none,0,no,93.01,High-quality,AF-Q4L3Y5-F1,83.3,29,未知,0.42,革兰阳性,0.653
PQ849840_202,lysin,Staphylococcus,bacteria,Unclassified,Herelleviridae,497,6.10e-107,2,1,2,none,0,no,93.54,High-quality,AF-Q4L3Y5-F1,83.3,29,未知,0.42,革兰阳性,0.653
OY757087_48,depolymerase,Klebsiella,bacteria,Przondovirus,Autotranscriptaviridae,639,1.60e-24,1,0,0,none,0,no,96.4,High-quality,,,,未知,0.228,CRKP/PA/AB 临床重点菌,0.6528
OY757090_48,depolymerase,Klebsiella,bacteria,Przondovirus,Autotranscriptaviridae,576,1.60e-24,1,0,0,none,0,no,96.4,High-quality,,,,未知,0.228,CRKP/PA/AB 临床重点菌,0.6528
PP140390_59,lysin,Staphylococcus,bacteria,Kayvirus,Herelleviridae,496,6.10e-107,2,1,2,none,0,no,100.0,Complete,AF-Q4L3Y5-F1,83.3,29,未知,0.419,革兰阳性,0.6528
KY794641_214,lysin,Staphylococcus,bacteria,Kayvirus,Herelleviridae,496,6.10e-107,2,1,2,none,0,no,93.61,High-quality,AF-Q4L3Y5-F1,83.3,29,未知,0.419,革兰阳性,0.6528
KX356067.1_78,lysin,Staphylococcus,bacteria,Twortvirus,Herelleviridae,496,6.10e-107,2,1,2,none,0,no,93.13,High-quality,AF-Q4L3Y5-F1,83.3,29,未知,0.419,革兰阳性,0.6528
OR640350_197,lysin,Staphylococcus,bacteria,Kayvirus,Herelleviridae,496,6.10e-107,2,1,2,none,0,no,92.83,High-quality,AF-Q4L3Y5-F1,83.3,29,未知,0.419,革兰阳性,0.6528
NC_019448_72,lysin,Staphylococcus,bacteria,Kayvirus,Herelleviridae,496,6.10e-107,2,1,2,none,0,no,91.78,High-quality,AF-Q4L3Y5-F1,83.3,29,未知,0.419,革兰阳性,0.6528
OR495699_54,lysin,Staphylococcus,bacteria,Kayvirus,Herelleviridae,497,6.10e-107,2,1,2,none,0,no,93.44,High-quality,AF-Q4L3Y5-F1,83.3,29,未知,0.419,革兰阳性,0.6528
NC_028765_59,lysin,Staphylococcus,bacteria,Kayvirus,Herelleviridae,497,6.10e-107,2,1,2,none,0,no,93.21,High-quality,AF-Q4L3Y5-F1,83.3,29,未知,0.419,革兰阳性,0.6528
PQ626786_80,lysin,Staphylococcus,bacteria,Kayvirus,Herelleviridae,497,6.10e-107,2,1,2,none,0,no,93.12,High-quality,AF-Q4L3Y5-F1,83.3,29,未知,0.419,革兰阳性,0.6528
PQ777470_167,lysin,Staphylococcus,bacteria,Unclassified,Unclassified,496,6.10e-107,2,1,2,none,0,no,100.0,Complete,AF-Q4L3Y5-F1,83.3,29,未知,0.419,革兰阳性,0.6528
LR215719_78,lysin,Staphylococcus,bacteria,Kayvirus,Herelleviridae,496,6.10e-107,2,1,2,none,0,no,100.0,Complete,AF-Q4L3Y5-F1,83.3,29,未知,0.419,革兰阳性,0.6528
PV854172_40,depolymerase,Klebsiella,bacteria,Unclassified,Unclassified,294,8.60e-25,1,0,1,none,0,no,91.65,High-quality,,,,未知,0.215,CRKP/PA/AB 临床重点菌,0.6527
OP558003_130,depolymerase,Klebsiella,bacteria,Taipeivirus,Ackermannviridae,961,2.30e-264,,,,none,0,no,95.59,High-quality,,,,未知,0.084,CRKP/PA/AB 临床重点菌,0.6526
NC_011085_43,lysin,Morganella,bacteria,Minipunavirus,Autotranscriptaviridae,1313,2.50e-317,,,,none,0,no,100.0,Complete,,,,未知,0.484,其他革兰阴性/细菌,0.6526
MW358931_16,lysin,Providencia,bacteria,Minipunavirus,Autotranscriptaviridae,1313,2.50e-317,,,,none,0,no,88.61,Medium-quality,,,,未知,0.484,其他革兰阴性/细菌,0.6526
NC_023573_52,lysin,Staphylococcus,bacteria,Kayvirus,Herelleviridae,496,6.10e-107,2,1,2,none,0,no,93.06,High-quality,AF-Q4L3Y5-F1,83.3,29,未知,0.417,革兰阳性,0.6525
OR602703_30,lysin,Staphylococcus,bacteria,Kayvirus,Herelleviridae,496,6.10e-107,2,1,2,none,0,no,100.0,Complete,AF-Q4L3Y5-F1,83.3,29,未知,0.417,革兰阳性,0.6525
LC788704_157,lysin,Staphylococcus,bacteria,Kayvirus,Herelleviridae,496,6.10e-107,2,1,2,none,0,no,100.0,Complete,AF-Q4L3Y5-F1,83.3,29,未知,0.417,革兰阳性,0.6525
LR215720_77,lysin,Staphylococcus,bacteria,Unclassified,Herelleviridae,497,6.10e-107,2,1,2,none,0,no,100.0,Complete,AF-Q4L3Y5-F1,83.3,29,未知,0.417,革兰阳性,0.6525
MT554104_78,lysin,Staphylococcus,bacteria,Kayvirus,Herelleviridae,496,6.10e-107,2,1,2,none,0,no,100.0,Complete,AF-Q4L3Y5-F1,83.3,29,未知,0.417,革兰阳性,0.6525
PX531183_169,lysin,Staphylococcus,bacteria,Unclassified,Unclassified,496,6.10e-107,2,1,2,none,0,no,91.87,High-quality,AF-Q4L3Y5-F1,83.3,29,未知,0.417,革兰阳性,0.6525
PQ358088_21,lysin,Staphylococcus,bacteria,Unclassified,Unclassified,490,1.00e-32,2,1,2,none,0,no,100.0,High-quality,AF-A0A380CAS5-F1,86.0,24,未知,0.389,革兰阳性,0.6523
MG721208_160,lysin,Staphylococcus,bacteria,Kayvirus,Herelleviridae,497,6.10e-107,2,1,2,none,0,no,94.26,High-quality,AF-Q4L3Y5-F1,82.7,24,未知,0.422,革兰阳性,0.6523
MZ417347_1,lysin,Staphylococcus,bacteria,Unclassified,Herelleviridae,113,6.10e-107,0,0,1,none,0,yes,92.46,High-quality,AF-A0A2N6QKF3-F1,85.1,34,未知,0.398,革兰阳性,0.6523
OQ622005_46,depolymerase,Klebsiella,bacteria,Przondovirus,Autotranscriptaviridae,809,1.60e-24,1,0,0,none,0,no,100.0,Complete,,,,未知,0.224,CRKP/PA/AB 临床重点菌,0.6522
PP792980_149,depolymerase,Klebsiella,bacteria,Unclassified,Unclassified,961,2.30e-264,,,,none,0,no,95.81,High-quality,,,,未知,0.081,CRKP/PA/AB 临床重点菌,0.6522
OR062949_149,lysin,Staphylococcus,bacteria,Kayvirus,Herelleviridae,497,6.10e-107,2,1,2,none,0,no,100.0,Complete,AF-Q4L3Y5-F1,83.3,29,未知,0.415,革兰阳性,0.6522
OV032902_165,lysin,Vibrio,bacteria,Unclassified,Unclassified,1907,2.00e-23,1,1,1,none,3,no,100.0,Complete,,,,未知,0.671,其他革兰阴性/细菌,0.652
PP213450_99,holin,Salmonella,bacteria,Epseptimavirus,Demerecviridae,219,5.80e-15,1,0,0,none,1,yes,100.0,Complete,,,,膜成孔（内溶素协同，推断）,0.546,其他革兰阴性/细菌,0.6518
NC_102114_137,holin,Salmonella,bacteria,Epseptimavirus,Demerecviridae,219,5.80e-15,1,0,0,none,1,yes,88.05,Medium-quality,,,,膜成孔（内溶素协同，推断）,0.546,其他革兰阴性/细菌,0.6518
PQ863687_90,depolymerase,Yersinia,bacteria,Unclassified,Ackermannviridae,930,1.30e-129,0,0,1,none,0,no,92.76,High-quality,,,,未知,0.476,其他革兰阴性/细菌,0.6514
OY757088_53,depolymerase,Klebsiella,bacteria,Drulisvirus,Autoscriptoviridae,725,1.40e-12,2,0,0,"CAZy(tailspike,class待定)",0,no,92.9,High-quality,,,,荚膜多糖（推断）,0.115,CRKP/PA/AB 临床重点菌,0.6513
PP034388_198,lysin,Staphylococcus,bacteria,Unclassified,Herelleviridae,496,6.10e-107,2,1,2,none,0,no,90.57,High-quality,AF-Q4L3Y5-F1,83.3,29,未知,0.408,革兰阳性,0.6512
MZ417322_207,lysin,Staphylococcus,bacteria,Unclassified,Herelleviridae,496,6.10e-107,2,1,2,none,0,no,92.44,High-quality,AF-Q4L3Y5-F1,83.3,29,未知,0.408,革兰阳性,0.6512
KY794643_199,lysin,Staphylococcus,bacteria,Unclassified,Herelleviridae,496,6.10e-107,2,1,2,none,0,no,91.69,High-quality,AF-Q4L3Y5-F1,83.3,29,未知,0.408,革兰阳性,0.6512
PQ287649_162,lysin,Pseudomonas,bacteria,Unclassified,Unclassified,2544,2.30e-20,1,0,1,GH18/19,0,no,72.16,Medium-quality,,,,肽聚糖（推断）,0.001,CRKP/PA/AB 临床重点菌,0.6511
PZ005745.1_143,lysin,Pseudomonas,bacteria,Unclassified,Unclassified,261,5.40e-14,2,0,2,CBM(class);GH23,0,yes,93.66,High-quality,,,,肽聚糖（推断）,0.55,CRKP/PA/AB 临床重点菌,0.651
LC727699_372,lysin,Pseudomonas,bacteria,Phikzvirus,Chimalliviridae,261,5.40e-14,2,0,2,CBM(class);GH23,0,yes,93.75,High-quality,,,,肽聚糖（推断）,0.55,CRKP/PA/AB 临床重点菌,0.651
PV754031_137,lysin,Pseudomonas,bacteria,Unclassified,Unclassified,261,5.40e-14,2,0,2,CBM(class);GH23,0,yes,92.88,High-quality,,,,肽聚糖（推断）,0.55,CRKP/PA/AB 临床重点菌,0.651
OU343168_183,lysin,Pseudomonas,bacteria,Elvirus,Chimalliviridae,2544,2.30e-20,1,0,1,GH18/19,0,no,72.63,Medium-quality,,,,肽聚糖（推断）,0.0,CRKP/PA/AB 临床重点菌,0.6509
OR532823_45,depolymerase,Klebsiella,bacteria,Unclassified,Unclassified,100,5.80e-181,,,,none,0,no,100.0,Complete,,,,未知,0.071,CRKP/PA/AB 临床重点菌,0.6506
PX550014_75,lysin,Staphylococcus,bacteria,Unclassified,Unclassified,268,6.10e-107,1,0,2,none,0,no,90.2,High-quality,AF-A0A2N6QKF3-F1,85.1,34,未知,0.386,革兰阳性,0.6505
PQ493642_128,lysin,Pseudomonas,bacteria,Phikzvirus,Chimalliviridae,261,5.40e-14,2,0,2,CBM(class);GH23,0,yes,100.0,Complete,,,,肽聚糖（推断）,0.544,CRKP/PA/AB 临床重点菌,0.6501
NC_042081_202,lysin,Pseudomonas,bacteria,Phikzvirus,Chimalliviridae,261,5.40e-14,2,0,2,CBM(class);GH23,0,yes,100.0,Complete,,,,肽聚糖（推断）,0.544,CRKP/PA/AB 临床重点菌,0.6501
PV565008_26,lysin,Pseudomonas,bacteria,Unclassified,Unclassified,261,5.40e-14,2,0,2,CBM(class);GH23,0,yes,100.0,Complete,,,,肽聚糖（推断）,0.544,CRKP/PA/AB 临床重点菌,0.6501
OZ318777_229,lysin,Pseudomonas,bacteria,Unclassified,Unclassified,261,5.40e-14,2,0,2,CBM(class);GH23,0,yes,93.33,High-quality,,,,肽聚糖（推断）,0.544,CRKP/PA/AB 临床重点菌,0.6501
PQ533668_16,lysin,Pseudomonas,bacteria,Unclassified,Unclassified,261,5.40e-14,2,0,2,CBM(class);GH23,0,yes,5.75,Low-quality,,,,肽聚糖（推断）,0.544,CRKP/PA/AB 临床重点菌,0.6501
NC_047727_75,lysin,Staphylococcus,bacteria,Kayvirus,Herelleviridae,268,6.10e-107,1,0,2,none,0,no,100.0,Complete,AF-A0A2N6QKF3-F1,85.1,34,未知,0.383,革兰阳性,0.6501
MK521905_2,depolymerase,Klebsiella,bacteria,Przondovirus,Autotranscriptaviridae,292,3.70e-29,2,0,1,none,0,no,92.23,High-quality,,,,未知,0.066,CRKP/PA/AB 临床重点菌,0.6499
PQ571299_1,depolymerase,Klebsiella,bacteria,Unclassified,Unclassified,171,1.20e-27,1,0,1,none,0,no,100.0,Complete,,,,未知,0.067,CRKP/PA/AB 临床重点菌,0.6495
NC_071139_5,depolymerase,Klebsiella,bacteria,Bimevirus,Unclassified,669,1.40e-40,,,,none,0,no,80.55,Medium-quality,,,,未知,0.063,CRKP/PA/AB 临床重点菌,0.6494
PX694412.1_39,depolymerase,Klebsiella,bacteria,Przondovirus,Autotranscriptaviridae,292,3.70e-29,2,0,1,none,0,no,100.0,Complete,,,,未知,0.062,CRKP/PA/AB 临床重点菌,0.6493
PQ561523_41,depolymerase,Klebsiella,bacteria,Przondovirus,Autotranscriptaviridae,292,3.70e-29,2,0,1,none,0,no,94.39,High-quality,,,,未知,0.062,CRKP/PA/AB 临床重点菌,0.6493
PV985319_224,lysin,Pseudomonas,bacteria,Unclassified,Unclassified,261,5.40e-14,2,0,2,CBM(class);GH23,0,yes,68.38,Medium-quality,,,,肽聚糖（推断）,0.538,CRKP/PA/AB 临床重点菌,0.6492
NC_047982_6,lysin,Ralstonia,bacteria,Stompelvirus,Autotranscriptaviridae,1296,3.70e-25,1,1,1,GH23,2,no,100.0,Complete,,,,肽聚糖（推断）,0.575,其他革兰阴性/细菌,0.6491
OR387546_24,depolymerase,Klebsiella,bacteria,Taipeivirus,Ackermannviridae,1007,2.10e-256,,,,none,0,no,100.0,Complete,,,,未知,0.06,CRKP/PA/AB 临床重点菌,0.649
PQ998984_2,depolymerase,Klebsiella,bacteria,Unclassified,Unclassified,570,2.90e-41,0,0,1,none,0,no,93.62,High-quality,,,,未知,0.06,CRKP/PA/AB 临床重点菌,0.649
OR532825_51,depolymerase,Klebsiella,bacteria,Unclassified,Unclassified,799,2.10e-51,1,0,1,none,0,no,94.19,High-quality,,,,未知,0.06,CRKP/PA/AB 临床重点菌,0.649
PZ196028.1_194,depolymerase,Enterobacter,bacteria,Unclassified,Unclassified,1040,1.70e-154,,,,none,0,yes,95.25,High-quality,AF-A0A851G7X1-F1,83.3,46,未知,0.125,其他革兰阴性/细菌,0.6487
OM687893_22,depolymerase,Klebsiella,bacteria,Webervirus,Drexlerviridae,771,2.70e-31,1,0,1,none,1,no,91.59,High-quality,,,,未知,0.057,CRKP/PA/AB 临床重点菌,0.6486
PQ589210_5,depolymerase,Klebsiella,bacteria,Unclassified,Unclassified,771,2.70e-31,1,0,1,none,1,no,90.25,High-quality,,,,未知,0.057,CRKP/PA/AB 临床重点菌,0.6486
PQ738176_42,depolymerase,Klebsiella,bacteria,Unclassified,Unclassified,131,1.20e-27,1,0,0,none,0,no,92.65,High-quality,,,,未知,0.061,CRKP/PA/AB 临床重点菌,0.6486
PV112478_215,lysin,Klebsiella,bacteria,Unclassified,Unclassified,2195,1.00e-19,1,0,1,GH23,2,no,100.0,Complete,,,,肽聚糖（推断）,0.011,CRKP/PA/AB 临床重点菌,0.6483
PX674087_46,depolymerase,Klebsiella,bacteria,Unclassified,Unclassified,799,2.10e-51,1,0,1,none,0,no,100.0,Complete,,,,未知,0.055,CRKP/PA/AB 临床重点菌,0.6482
OQ689084_56,depolymerase,Klebsiella,bacteria,Drulisvirus,Autoscriptoviridae,799,2.10e-51,1,0,1,none,0,no,93.39,High-quality,,,,未知,0.055,CRKP/PA/AB 临床重点菌,0.6482
PQ182779_205,lysin,Klebsiella,bacteria,Unclassified,Unclassified,2195,1.00e-19,1,0,1,GH23,2,no,99.41,High-quality,,,,肽聚糖（推断）,0.008,CRKP/PA/AB 临床重点菌,0.6479
OP620754_52,depolymerase,Klebsiella,bacteria,Przondovirus,Autotranscriptaviridae,280,1.10e-27,1,1,1,none,0,no,93.46,High-quality,,,,未知,0.054,CRKP/PA/AB 临床重点菌,0.6478
NC_023548_39,lysin,Citrobacter,bacteria,Caroctavirus,Autotranscriptaviridae,1299,4.40e-282,,,,none,0,no,100.0,Complete,,,,未知,0.452,其他革兰阴性/细菌,0.6478
PV854179_40,depolymerase,Klebsiella,bacteria,Unclassified,Unclassified,778,8.90e-42,1,0,1,none,1,no,94.72,High-quality,,,,未知,0.051,CRKP/PA/AB 临床重点菌,0.6477
OR882092_146,depolymerase,Klebsiella,bacteria,Taipeivirus,Ackermannviridae,1007,2.10e-256,,,,none,0,no,100.0,Complete,,,,未知,0.05,CRKP/PA/AB 临床重点菌,0.6475
OP913463_71,lysin,Staphylococcus,bacteria,Unclassified,Herelleviridae,268,6.10e-107,1,0,2,none,0,no,91.34,High-quality,AF-A0A2N6QKF3-F1,85.1,34,未知,0.366,革兰阳性,0.6475
OL741057_160,lysin,Staphylococcus,bacteria,Unclassified,Herelleviridae,213,6.10e-107,1,0,1,none,0,no,91.25,High-quality,AF-A0A2N6QKF3-F1,85.1,34,未知,0.365,革兰阳性,0.6474
OY978856_24,depolymerase,Klebsiella,bacteria,Webervirus,Drexlerviridae,764,2.70e-31,1,0,1,none,1,no,92.37,High-quality,,,,未知,0.048,CRKP/PA/AB 临床重点菌,0.6472
OR532871_21,depolymerase,Klebsiella,bacteria,Unclassified,Unclassified,764,2.70e-31,1,0,1,none,1,no,91.83,High-quality,,,,未知,0.048,CRKP/PA/AB 临床重点菌,0.6472
OQ031071_5,depolymerase,Klebsiella,bacteria,Webervirus,Drexlerviridae,764,2.70e-31,1,0,1,none,1,no,91.61,High-quality,,,,未知,0.048,CRKP/PA/AB 临床重点菌,0.6472
PP802986_44,depolymerase,Klebsiella,bacteria,Webervirus,Drexlerviridae,764,2.70e-31,1,0,1,none,1,yes,100.0,Complete,,,,未知,0.048,CRKP/PA/AB 临床重点菌,0.6472
OM938991_22,depolymerase,Klebsiella,bacteria,Webervirus,Drexlerviridae,764,2.70e-31,1,0,1,none,1,no,91.03,High-quality,,,,未知,0.047,CRKP/PA/AB 临床重点菌,0.6471
OM065838_68,depolymerase,Klebsiella,bacteria,Webervirus,Drexlerviridae,764,2.70e-31,1,0,1,none,1,no,100.0,Complete,,,,未知,0.047,CRKP/PA/AB 临床重点菌,0.6471
OR532850_20,depolymerase,Klebsiella,bacteria,Unclassified,Unclassified,764,2.70e-31,1,0,1,none,1,no,93.39,High-quality,,,,未知,0.047,CRKP/PA/AB 临床重点菌,0.6471
OR532852_20,depolymerase,Klebsiella,bacteria,Unclassified,Unclassified,764,2.70e-31,1,0,1,none,1,no,90.36,High-quality,,,,未知,0.047,CRKP/PA/AB 临床重点菌,0.6471
PX833375.1_20,depolymerase,Klebsiella,bacteria,Unclassified,Unclassified,764,2.70e-31,1,0,1,none,1,no,93.4,High-quality,,,,未知,0.047,CRKP/PA/AB 临床重点菌,0.6471
PP889489_39,depolymerase,Klebsiella,bacteria,Unclassified,Unclassified,557,1.10e-27,1,1,1,none,0,no,91.18,High-quality,,,,未知,0.049,CRKP/PA/AB 临床重点菌,0.6471
OP620755_12,depolymerase,Klebsiella,bacteria,Przondovirus,Autotranscriptaviridae,557,1.10e-27,1,1,1,none,0,no,93.63,High-quality,,,,未知,0.049,CRKP/PA/AB 临床重点菌,0.6471
PQ133627_24,depolymerase,Klebsiella,bacteria,Unclassified,Unclassified,817,1.60e-40,1,0,1,none,0,no,100.0,Complete,,,,未知,0.047,CRKP/PA/AB 临床重点菌,0.6471
OM065839_1,depolymerase,Klebsiella,bacteria,Webervirus,Drexlerviridae,173,2.70e-31,,,,none,0,no,100.0,Complete,,,,未知,0.045,CRKP/PA/AB 临床重点菌,0.6468
OM065837_79,depolymerase,Klebsiella,bacteria,Webervirus,Drexlerviridae,764,2.70e-31,1,0,1,none,1,no,100.0,Complete,,,,未知,0.045,CRKP/PA/AB 临床重点菌,0.6468
NC_061418_120,lysin,Klebsiella,bacteria,Siatvirus,Chimalliviridae,2198,1.00e-19,1,0,1,GH23,2,no,98.94,High-quality,,,,肽聚糖（推断）,0.0,CRKP/PA/AB 临床重点菌,0.6467
MZ417331_114,lysin,Staphylococcus,bacteria,Unclassified,Herelleviridae,213,6.10e-107,1,0,1,none,0,no,100.0,Complete,AF-A0A2N6QKF3-F1,85.1,34,未知,0.36,革兰阳性,0.6466
PX694419.1_45,depolymerase,Klebsiella,bacteria,Przondovirus,Autotranscriptaviridae,558,1.10e-27,1,1,1,none,0,no,100.0,Complete,,,,未知,0.045,CRKP/PA/AB 临床重点菌,0.6465
PP889473_39,depolymerase,Klebsiella,bacteria,Unclassified,Unclassified,557,1.10e-27,1,1,1,none,0,no,91.17,High-quality,,,,未知,0.045,CRKP/PA/AB 临床重点菌,0.6465
OY979435_21,depolymerase,Klebsiella,bacteria,Webervirus,Drexlerviridae,730,1.60e-26,0,0,1,none,0,no,100.0,Complete,,,,未知,0.229,CRKP/PA/AB 临床重点菌,0.6463
MH356730_102,lysin,Staphylococcus,bacteria,Sextaecvirus,Unclassified,481,1.00e-51,3,1,2,none,0,no,72.38,Medium-quality,AF-A0A517JLH3-F1,85.1,23,未知,0.358,革兰阳性,0.6463
PZ036784.1_48,depolymerase,Klebsiella,bacteria,Unclassified,Unclassified,292,3.70e-29,1,0,1,none,0,no,100.0,Complete,,,,未知,0.041,CRKP/PA/AB 临床重点菌,0.6462
NC_048129_45,depolymerase,Klebsiella,bacteria,Przondovirus,Autotranscriptaviridae,820,4.10e-39,1,0,0,none,0,no,93.61,High-quality,,,,未知,0.041,CRKP/PA/AB 临床重点菌,0.6462
OR532811_21,depolymerase,Klebsiella,bacteria,Unclassified,Unclassified,750,2.70e-31,1,0,1,none,1,no,92.66,High-quality,,,,未知,0.04,CRKP/PA/AB 临床重点菌,0.646
PQ382035_46,depolymerase,Acinetobacter,bacteria,Unclassified,Unclassified,852,2.00e-57,0,0,1,none,0,no,92.92,High-quality,,,,未知,0.039,CRKP/PA/AB 临床重点菌,0.6459
MZ417354_17,lysin,Staphylococcus,bacteria,Unclassified,Herelleviridae,214,6.10e-107,1,0,1,none,0,no,100.0,Complete,AF-A0A2N6QKF3-F1,85.1,34,未知,0.354,革兰阳性,0.6458
NC_061418_98,depolymerase,Klebsiella,bacteria,Siatvirus,Chimalliviridae,883,1.00e-20,1,0,0,none,0,yes,98.94,High-quality,,,,未知,0.349,CRKP/PA/AB 临床重点菌,0.6457
PQ133619_39,lysin,Klebsiella,bacteria,Unclassified,Unclassified,1486,1.60e-293,,,,none,0,no,100.0,Complete,,,,未知,0.037,CRKP/PA/AB 临床重点菌,0.6456
OR145793_77,depolymerase,Klebsiella,bacteria,Unclassified,Unclassified,677,7.60e-33,0,0,1,none,2,no,85.09,Medium-quality,,,,未知,0.036,CRKP/PA/AB 临床重点菌,0.6454
OW251746_17,depolymerase,Klebsiella,bacteria,Webervirus,Drexlerviridae,908,8.90e-62,1,0,1,none,0,no,100.0,Complete,,,,未知,0.036,CRKP/PA/AB 临床重点菌,0.6454
PP738768_37,depolymerase,Klebsiella,bacteria,Unclassified,Unclassified,1040,1.60e-313,,,,none,2,no,95.12,High-quality,,,,未知,0.036,CRKP/PA/AB 临床重点菌,0.6454
PX872917.1_8,lysin,Klebsiella,bacteria,Kayfunavirus,Autotranscriptaviridae,1486,1.60e-293,,,,none,0,no,93.84,High-quality,,,,未知,0.036,CRKP/PA/AB 临床重点菌,0.6454
NC_061421_199,depolymerase,Klebsiella,bacteria,Maaswegvirus,Chimalliviridae,661,2.40e-14,2,0,2,none,0,no,99.76,High-quality,,,,未知,0.496,CRKP/PA/AB 临床重点菌,0.6452
PP763255_44,depolymerase,Acinetobacter,bacteria,Friunavirus,Autoscriptoviridae,852,2.00e-57,0,0,1,none,0,no,92.53,High-quality,,,,未知,0.035,CRKP/PA/AB 临床重点菌,0.6452
OR004835_1,depolymerase,Klebsiella,bacteria,Webervirus,Drexlerviridae,758,2.70e-31,1,0,1,none,1,no,93.47,High-quality,,,,未知,0.034,CRKP/PA/AB 临床重点菌,0.6451
PP174318_13,depolymerase,Acinetobacter,bacteria,Friunavirus,Autoscriptoviridae,852,2.00e-57,0,0,1,none,0,no,91.82,High-quality,,,,未知,0.034,CRKP/PA/AB 临床重点菌,0.6451
OR050521_49,depolymerase,Klebsiella,bacteria,Drulisvirus,Autoscriptoviridae,817,1.60e-40,1,0,1,none,0,no,94.73,High-quality,,,,未知,0.034,CRKP/PA/AB 临床重点菌,0.6451
PX670389.1_43,lysin,Klebsiella,bacteria,Unclassified,Unclassified,1486,1.60e-293,,,,none,0,no,94.64,High-quality,,,,未知,0.034,CRKP/PA/AB 临床重点菌,0.6451
PP739164_39,depolymerase,Klebsiella,bacteria,Przondovirus,Autotranscriptaviridae,492,1.10e-27,1,1,1,none,0,no,100.0,Complete,,,,未知,0.035,CRKP/PA/AB 临床重点菌,0.645
NC_027399_537,depolymerase,Klebsiella,bacteria,Alcyoneusvirus,Unclassified,780,7.40e-35,1,1,0,none,0,yes,90.19,High-quality,,,,未知,0.032,CRKP/PA/AB 临床重点菌,0.6448
HE858210_272,holin,Unspecified,bacteria,Pseudotevenvirus,Straboviridae,215,4.00e-53,1,0,0,none,1,yes,92.67,High-quality,,,,膜成孔（内溶素协同，推断）,0.465,未知,0.6448
OY979417_21,depolymerase,Klebsiella,bacteria,Efbeekayvirus,Schitoviridae,765,7.60e-33,0,0,1,none,1,no,100.0,Complete,,,,未知,0.031,CRKP/PA/AB 临床重点菌,0.6447
PX060902.1_52,depolymerase,Klebsiella,bacteria,Unclassified,Unclassified,817,1.60e-40,1,0,1,none,0,no,94.6,High-quality,,,,未知,0.031,CRKP/PA/AB 临床重点菌,0.6447
MZ616364_116,holin,Erwinia,bacteria,Keyvirus,Demerecviridae,221,5.20e-14,1,0,0,none,1,yes,90.09,High-quality,,,,膜成孔（内溶素协同，推断）,0.541,其他革兰阴性/细菌,0.6447
ON897768_37,depolymerase,Klebsiella,bacteria,Przondovirus,Autotranscriptaviridae,846,1.10e-27,1,1,1,none,0,no,100.0,Complete,,,,未知,0.031,CRKP/PA/AB 临床重点菌,0.6444
OR532795_20,depolymerase,Klebsiella,bacteria,Unclassified,Unclassified,908,8.90e-62,1,0,1,none,0,no,91.3,High-quality,,,,未知,0.029,CRKP/PA/AB 临床重点菌,0.6443
OY979420_22,depolymerase,Klebsiella,bacteria,Webervirus,Drexlerviridae,908,8.90e-62,1,0,1,none,0,no,91.21,High-quality,,,,未知,0.029,CRKP/PA/AB 临床重点菌,0.6443
NC_071128_4,depolymerase,Klebsiella,bacteria,Parissaclayvirus,Unclassified,669,1.40e-40,0,0,1,none,0,no,81.52,Medium-quality,,,,未知,0.028,CRKP/PA/AB 临床重点菌,0.6442
PQ741857_51,depolymerase,Klebsiella,bacteria,Unclassified,Unclassified,817,1.60e-40,1,0,1,none,0,no,94.33,High-quality,,,,未知,0.028,CRKP/PA/AB 临床重点菌,0.6442
PX670394.1_42,depolymerase,Klebsiella,bacteria,Unclassified,Unclassified,772,3.10e-28,1,0,1,none,0,no,91.04,High-quality,,,,未知,0.026,CRKP/PA/AB 临床重点菌,0.6439
MK448794_56,lysin,Streptococcus,bacteria,Unclassified,Unclassified,374,8.40e-81,1,1,1,GH25,1,yes,76.31,Medium-quality,AF-Q1CQP4-F1,79.2,30,肽聚糖（推断）,0.0,革兰阳性,0.6438
NC_055956_2,depolymerase,Klebsiella,bacteria,Webervirus,Drexlerviridae,908,8.90e-62,1,0,1,none,0,no,92.01,High-quality,,,,未知,0.024,CRKP/PA/AB 临床重点菌,0.6436
OR983331_19,depolymerase,Klebsiella,bacteria,Webervirus,Drexlerviridae,908,8.90e-62,1,0,0,none,0,no,94.3,High-quality,,,,未知,0.023,CRKP/PA/AB 临床重点菌,0.6434
PX670395.1_42,depolymerase,Klebsiella,bacteria,Unclassified,Unclassified,772,3.10e-28,1,0,1,none,0,no,94.14,High-quality,,,,未知,0.022,CRKP/PA/AB 临床重点菌,0.6433
ON548433_49,lysin,Escherichia,bacteria,Kayfunavirus,Autotranscriptaviridae,1102,2.40e-297,,,,none,0,no,92.39,High-quality,,,,未知,0.422,其他革兰阴性/细菌,0.6433
MZ424865_42,depolymerase,Klebsiella,bacteria,Przondovirus,Autotranscriptaviridae,846,1.10e-27,1,1,1,none,0,no,92.16,High-quality,,,,未知,0.023,CRKP/PA/AB 临床重点菌,0.6432
OX335389_7,depolymerase,Klebsiella,bacteria,Przondovirus,Autotranscriptaviridae,292,3.70e-29,1,0,1,none,0,no,100.0,Complete,,,,未知,0.021,CRKP/PA/AB 临床重点菌,0.6431
PV854175_41,depolymerase,Klebsiella,bacteria,Unclassified,Unclassified,292,3.70e-29,1,0,1,none,0,no,92.1,High-quality,,,,未知,0.021,CRKP/PA/AB 临床重点菌,0.6431
MW672037_60,depolymerase,Klebsiella,bacteria,Webervirus,Drexlerviridae,908,8.90e-62,1,0,0,none,0,no,93.43,High-quality,,,,未知,0.021,CRKP/PA/AB 临床重点菌,0.6431
OY978817_22,depolymerase,Klebsiella,bacteria,Webervirus,Drexlerviridae,908,8.90e-62,1,0,1,none,0,no,92.06,High-quality,,,,未知,0.02,CRKP/PA/AB 临床重点菌,0.643
OZ035795_237,holin,Unspecified,bacteria,Krischvirus,Straboviridae,219,3.60e-54,1,0,0,none,2,yes,85.26,Medium-quality,,,,膜成孔（内溶素协同，推断）,0.453,未知,0.643
PQ133607_45,depolymerase,Klebsiella,bacteria,Unclassified,Unclassified,886,6.80e-14,1,0,0,none,0,no,100.0,Complete,,,,未知,0.634,CRKP/PA/AB 临床重点菌,0.6429
OX335383_30,depolymerase,Klebsiella,bacteria,Webervirus,Drexlerviridae,908,8.90e-62,1,0,1,none,0,no,92.01,High-quality,,,,未知,0.019,CRKP/PA/AB 临床重点菌,0.6429
PV296010_61,depolymerase,Klebsiella,bacteria,Webervirus,Drexlerviridae,908,8.90e-62,1,0,1,none,0,no,92.7,High-quality,,,,未知,0.019,CRKP/PA/AB 临床重点菌,0.6429
PV985319_283,lysin,Pseudomonas,bacteria,Unclassified,Unclassified,68,3.70e-22,,,,none,0,no,68.38,Medium-quality,,,,未知,1.0,CRKP/PA/AB 临床重点菌,0.6429
KJ206563_74,lysin,Staphylococcus,bacteria,Kayvirus,Herelleviridae,285,4.10e-57,2,0,1,none,0,no,90.25,High-quality,AF-A0A2N6QKF3-F1,85.1,34,未知,0.335,革兰阳性,0.6429
OK570184_43,lysin,Pantoea,bacteria,Eracentumvirus,Autosignataviridae,954,5.60e-45,1,0,1,GH24,0,no,100.0,Complete,,,,肽聚糖（推断）,0.018,其他革兰阴性/细菌,0.6427
PQ299796_41,depolymerase,Klebsiella,bacteria,Unclassified,Unclassified,772,3.10e-28,1,0,1,none,0,no,95.91,High-quality,,,,未知,0.017,CRKP/PA/AB 临床重点菌,0.6426
PP662632_6,depolymerase,Klebsiella,bacteria,Przondovirus,Autotranscriptaviridae,772,3.10e-28,1,0,2,none,0,no,94.36,High-quality,,,,未知,0.017,CRKP/PA/AB 临床重点菌,0.6426
PX828365.1_1,depolymerase,Klebsiella,bacteria,Unclassified,Unclassified,173,5.80e-181,,,,none,0,no,100.0,Complete,,,,未知,0.017,CRKP/PA/AB 临床重点菌,0.6426
PQ133602_39,depolymerase,Klebsiella,bacteria,Unclassified,Unclassified,292,3.70e-29,1,0,1,none,0,no,100.0,Complete,,,,未知,0.017,CRKP/PA/AB 临床重点菌,0.6426
PQ553208_54,depolymerase,Klebsiella,bacteria,Webervirus,Drexlerviridae,908,8.90e-62,1,0,1,none,0,no,91.16,High-quality,,,,未知,0.017,CRKP/PA/AB 临床重点菌,0.6426
OP267563_70,depolymerase,Klebsiella,bacteria,Webervirus,Drexlerviridae,908,8.90e-62,1,0,1,none,0,no,91.17,High-quality,,,,未知,0.017,CRKP/PA/AB 临床重点菌,0.6426
OR645408_38,depolymerase,Klebsiella,bacteria,Przondovirus,Autotranscriptaviridae,362,8.90e-42,1,0,0,none,0,no,100.0,Complete,,,,未知,0.016,CRKP/PA/AB 临床重点菌,0.6424
PX694422.1_40,depolymerase,Klebsiella,bacteria,Przondovirus,Autotranscriptaviridae,772,3.10e-28,1,0,2,none,0,no,100.0,Complete,,,,未知,0.016,CRKP/PA/AB 临床重点菌,0.6424
OR532849_37,depolymerase,Klebsiella,bacteria,Jedunavirus,Unclassified,669,1.40e-40,0,0,1,none,0,no,79.85,Medium-quality,,,,未知,0.016,CRKP/PA/AB 临床重点菌,0.6424
OY976565_45,depolymerase,Klebsiella,bacteria,Przondovirus,Autotranscriptaviridae,750,8.90e-42,1,0,1,none,1,no,94.96,High-quality,,,,未知,0.015,CRKP/PA/AB 临床重点菌,0.6422
PX833373.1_21,depolymerase,Klebsiella,bacteria,Unclassified,Unclassified,908,8.90e-62,1,0,1,none,0,no,92.24,High-quality,,,,未知,0.015,CRKP/PA/AB 临床重点菌,0.6422
OX335417_29,depolymerase,Klebsiella,bacteria,Webervirus,Drexlerviridae,908,8.90e-62,1,0,1,none,0,no,91.9,High-quality,,,,未知,0.015,CRKP/PA/AB 临床重点菌,0.6422
OR855706_45,depolymerase,Klebsiella,bacteria,Przondovirus,Autotranscriptaviridae,785,7.90e-35,1,0,0,none,1,no,100.0,Complete,,,,未知,0.015,CRKP/PA/AB 临床重点菌,0.6422
OX335416_81,depolymerase,Klebsiella,bacteria,Taipeivirus,Ackermannviridae,1040,1.60e-313,,,,none,0,no,100.0,Complete,,,,未知,0.015,CRKP/PA/AB 临床重点菌,0.6422
PZ055531.1_44,depolymerase,Klebsiella,bacteria,Unclassified,Unclassified,772,3.10e-28,1,0,2,none,0,no,91.87,High-quality,,,,未知,0.014,CRKP/PA/AB 临床重点菌,0.6421
OM065839_79,depolymerase,Klebsiella,bacteria,Webervirus,Drexlerviridae,633,2.70e-31,1,0,1,none,1,no,100.0,Complete,,,,未知,0.014,CRKP/PA/AB 临床重点菌,0.6421
OR532817_423,depolymerase,Klebsiella,bacteria,Unclassified,Unclassified,997,1.10e-67,,,,none,0,no,90.89,High-quality,,,,未知,0.014,CRKP/PA/AB 临床重点菌,0.6421
OM938992_21,depolymerase,Klebsiella,bacteria,Webervirus,Drexlerviridae,908,8.90e-62,1,0,1,none,0,no,91.42,High-quality,,,,未知,0.014,CRKP/PA/AB 临床重点菌,0.6421
PV893054_18,depolymerase,Klebsiella,bacteria,Unclassified,Unclassified,908,8.90e-62,1,0,1,none,0,no,89.34,Medium-quality,,,,未知,0.014,CRKP/PA/AB 临床重点菌,0.6421
PX833367.1_20,depolymerase,Klebsiella,bacteria,Unclassified,Unclassified,908,8.90e-62,1,0,1,none,0,no,89.93,Medium-quality,,,,未知,0.014,CRKP/PA/AB 临床重点菌,0.6421
OR532899_20,depolymerase,Klebsiella,bacteria,Unclassified,Unclassified,908,8.90e-62,1,0,1,none,0,no,90.95,High-quality,,,,未知,0.014,CRKP/PA/AB 临床重点菌,0.6421
OR532818_40,depolymerase,Klebsiella,bacteria,Unclassified,Unclassified,466,8.90e-42,0,0,1,none,1,no,93.37,High-quality,,,,未知,0.013,CRKP/PA/AB 临床重点菌,0.642
OR532818_39,depolymerase,Klebsiella,bacteria,Unclassified,Unclassified,370,8.90e-42,1,0,0,none,0,no,93.37,High-quality,,,,未知,0.013,CRKP/PA/AB 临床重点菌,0.642
PQ133604_37,depolymerase,Klebsiella,bacteria,Unclassified,Unclassified,750,8.90e-42,1,0,1,none,1,no,100.0,Complete,,,,未知,0.013,CRKP/PA/AB 临床重点菌,0.642
NC_047842_42,depolymerase,Klebsiella,bacteria,Przondovirus,Autotranscriptaviridae,348,8.90e-42,1,0,0,none,0,no,100.0,Complete,,,,未知,0.013,CRKP/PA/AB 临床重点菌,0.642
PZ055536.1_44,depolymerase,Klebsiella,bacteria,Unclassified,Unclassified,772,3.10e-28,1,0,2,none,0,no,91.87,High-quality,,,,未知,0.013,CRKP/PA/AB 临床重点菌,0.642
NC_028688_1,depolymerase,Klebsiella,bacteria,Przondovirus,Autotranscriptaviridae,462,5.80e-181,,,,none,0,no,93.64,High-quality,,,,未知,0.013,CRKP/PA/AB 临床重点菌,0.642
PX833366.1_20,depolymerase,Klebsiella,bacteria,Unclassified,Unclassified,908,8.90e-62,1,0,1,none,0,no,91.33,High-quality,,,,未知,0.013,CRKP/PA/AB 临床重点菌,0.642
NC_048162_31,depolymerase,Klebsiella,bacteria,Webervirus,Drexlerviridae,908,8.90e-62,1,0,1,none,0,no,91.96,High-quality,,,,未知,0.013,CRKP/PA/AB 临床重点菌,0.642
PV854180_37,depolymerase,Klebsiella,bacteria,Unclassified,Unclassified,750,8.90e-42,1,0,1,none,1,no,93.65,High-quality,,,,未知,0.012,CRKP/PA/AB 临床重点菌,0.6418
PX666696_44,depolymerase,Klebsiella,bacteria,Unclassified,Unclassified,908,8.90e-62,1,0,1,none,0,no,91.61,High-quality,,,,未知,0.012,CRKP/PA/AB 临床重点菌,0.6418
OR532844_20,depolymerase,Klebsiella,bacteria,Unclassified,Unclassified,908,8.90e-62,1,0,1,none,0,no,91.32,High-quality,,,,未知,0.012,CRKP/PA/AB 临床重点菌,0.6418
OY757065_54,depolymerase,Klebsiella,bacteria,Drulisvirus,Autoscriptoviridae,932,5.20e-09,1,0,1,none,0,no,95.34,High-quality,AF-A0A0P0YRB4-F1,75.3,56,未知,0.59,CRKP/PA/AB 临床重点菌,0.6417
PQ505476_42,depolymerase,Klebsiella,bacteria,Przondovirus,Autotranscriptaviridae,750,8.90e-42,1,0,1,none,1,no,95.33,High-quality,,,,未知,0.011,CRKP/PA/AB 临床重点菌,0.6417
NC_047798_43,depolymerase,Klebsiella,bacteria,Przondovirus,Autotranscriptaviridae,686,1.40e-16,1,0,0,PL(class),0,no,100.0,Complete,,,,荚膜多糖（推断）,0.006,CRKP/PA/AB 临床重点菌,0.6416
PP738761_32,depolymerase,Klebsiella,bacteria,Unclassified,Unclassified,1040,1.60e-313,,,,none,0,no,94.95,High-quality,,,,未知,0.01,CRKP/PA/AB 临床重点菌,0.6415
MN176573_8,depolymerase,Klebsiella,bacteria,Drulisvirus,Autoscriptoviridae,1244,7.90e-09,2,1,0,none,0,no,95.68,High-quality,,,,未知,0.716,CRKP/PA/AB 临床重点菌,0.6414
PP739164_38,depolymerase,Klebsiella,bacteria,Przondovirus,Autotranscriptaviridae,772,3.10e-28,1,0,2,none,0,no,100.0,Complete,,,,未知,0.009,CRKP/PA/AB 临床重点菌,0.6413
PV854181_41,depolymerase,Klebsiella,bacteria,Unclassified,Unclassified,772,3.10e-28,1,0,2,none,0,no,94.46,High-quality,,,,未知,0.008,CRKP/PA/AB 临床重点菌,0.6412
NC_015719_41,depolymerase,Escherichia,bacteria,Przondovirus,Autotranscriptaviridae,904,2.30e-28,1,0,0,none,0,no,100.0,Complete,,,,未知,0.408,其他革兰阴性/细菌,0.6412
PV588654_3,depolymerase,Klebsiella,bacteria,Unclassified,Unclassified,785,7.90e-35,1,0,0,none,1,no,91.14,High-quality,,,,未知,0.008,CRKP/PA/AB 临床重点菌,0.6412
PP889490_196,depolymerase,Klebsiella,bacteria,Unclassified,Unclassified,1040,1.60e-313,,,,none,0,no,95.5,High-quality,,,,未知,0.008,CRKP/PA/AB 临床重点菌,0.6412
PP554576_13,depolymerase,Klebsiella,bacteria,Unclassified,Unclassified,844,2.20e-57,2,0,2,none,0,no,96.52,High-quality,,,,未知,0.008,CRKP/PA/AB 临床重点菌,0.6412
OR502445_130,depolymerase,Klebsiella,bacteria,Taipeivirus,Ackermannviridae,961,1.20e-256,,,,none,0,no,94.64,High-quality,,,,未知,0.007,CRKP/PA/AB 临床重点菌,0.6411
MZ634341_191,depolymerase,Klebsiella,bacteria,Taipeivirus,Ackermannviridae,961,1.20e-256,,,,none,0,no,100.0,Complete,,,,未知,0.007,CRKP/PA/AB 临床重点菌,0.6411
PQ589211_16,depolymerase,Klebsiella,bacteria,Jedunavirus,Unclassified,669,1.40e-40,0,0,1,none,0,no,80.69,Medium-quality,,,,未知,0.007,CRKP/PA/AB 临床重点菌,0.6411
OR532854_41,depolymerase,Klebsiella,bacteria,Unclassified,Unclassified,338,8.90e-42,1,0,1,none,0,no,91.64,High-quality,,,,未知,0.006,CRKP/PA/AB 临床重点菌,0.6409
PQ303613_36,depolymerase,Klebsiella,bacteria,Przondovirus,Autotranscriptaviridae,772,3.10e-28,1,0,2,none,0,no,93.91,High-quality,,,,未知,0.006,CRKP/PA/AB 临床重点菌,0.6409
OR532887_34,depolymerase,Klebsiella,bacteria,Jedunavirus,Unclassified,669,1.40e-40,,,,none,0,no,79.04,Medium-quality,,,,未知,0.006,CRKP/PA/AB 临床重点菌,0.6409
OZ390009.1_43,depolymerase,Klebsiella,bacteria,Unclassified,Unclassified,180,4.80e-37,,,,none,0,no,62.51,Medium-quality,,,,未知,0.006,CRKP/PA/AB 临床重点菌,0.6409
PV775413_47,lysin,Escherichia,bacteria,Vectrevirus,Autosignataviridae,330,9.70e-81,1,0,1,GH24,0,yes,92.21,High-quality,,,,肽聚糖（推断）,0.006,其他革兰阴性/细菌,0.6409
PQ368523_29,depolymerase,Klebsiella,bacteria,Unclassified,Unclassified,961,2.30e-264,,,,none,0,no,95.16,High-quality,,,,未知,0.005,CRKP/PA/AB 临床重点菌,0.6408
NC_049462_31,depolymerase,Klebsiella,bacteria,Taipeivirus,Ackermannviridae,961,2.30e-264,,,,none,0,no,95.14,High-quality,,,,未知,0.005,CRKP/PA/AB 临床重点菌,0.6408
AB716668_38,depolymerase,Klebsiella,bacteria,Unclassified,Unclassified,685,1.40e-16,1,0,1,PL(class),0,no,100.0,Complete,,,,荚膜多糖（推断）,0.0,CRKP/PA/AB 临床重点菌,0.6407
PP803128_43,depolymerase,Klebsiella,bacteria,Jedunavirus,Unclassified,820,2.30e-109,,,,none,0,no,82.35,Medium-quality,,,,未知,0.004,CRKP/PA/AB 临床重点菌,0.6406
OX335405_46,depolymerase,Klebsiella,bacteria,Taipeivirus,Ackermannviridae,961,1.20e-256,,,,none,0,no,100.0,Complete,,,,未知,0.004,CRKP/PA/AB 临床重点菌,0.6406
PX670411.1_53,depolymerase,Klebsiella,bacteria,Unclassified,Unclassified,817,1.60e-40,1,0,1,none,0,no,95.32,High-quality,,,,未知,0.004,CRKP/PA/AB 临床重点菌,0.6406
OM486945_33,lysin,Erwinia,bacteria,Eracentumvirus,Autosignataviridae,954,5.60e-45,1,0,1,GH24,0,no,92.81,High-quality,,,,肽聚糖（推断）,0.004,其他革兰阴性/细菌,0.6406
OP620756_18,depolymerase,Klebsiella,bacteria,Przondovirus,Autotranscriptaviridae,292,3.70e-29,1,0,1,none,0,no,91.72,High-quality,,,,未知,0.003,CRKP/PA/AB 临床重点菌,0.6404
PV854169_42,depolymerase,Klebsiella,bacteria,Unclassified,Unclassified,292,3.70e-29,1,0,1,none,0,no,91.94,High-quality,,,,未知,0.003,CRKP/PA/AB 临床重点菌,0.6404
ON287373_33,holin,Serratia,bacteria,Unclassified,Demerecviridae,220,1.60e-13,1,0,0,none,1,yes,86.66,Medium-quality,,,,膜成孔（内溶素协同，推断）,0.534,其他革兰阴性/细菌,0.6404
NC_071132_44,depolymerase,Klebsiella,bacteria,Geezettvirus,Unclassified,610,2.30e-109,,,,none,0,no,84.64,Medium-quality,,,,未知,0.002,CRKP/PA/AB 临床重点菌,0.6403
PV891801_155,depolymerase,Klebsiella,bacteria,Taipeivirus,Ackermannviridae,961,2.30e-264,,,,none,0,no,100.0,Complete,,,,未知,0.002,CRKP/PA/AB 临床重点菌,0.6403
OR287807_46,depolymerase,Klebsiella,bacteria,Drulisvirus,Autoscriptoviridae,817,1.60e-40,1,0,1,none,0,no,100.0,Complete,,,,未知,0.002,CRKP/PA/AB 临床重点菌,0.6403
OQ818708_27,lysin,Erwinia,bacteria,Eracentumvirus,Autosignataviridae,954,5.60e-45,1,0,1,GH24,0,no,100.0,Complete,,,,肽聚糖（推断）,0.002,其他革兰阴性/细菌,0.6403
AB716668_37,depolymerase,Klebsiella,bacteria,Unclassified,Unclassified,750,8.90e-42,1,0,1,none,1,no,100.0,Complete,,,,未知,0.0,CRKP/PA/AB 临床重点菌,0.64
NC_048175_40,depolymerase,Klebsiella,bacteria,Przondovirus,Autotranscriptaviridae,772,3.10e-28,1,0,1,none,0,no,94.81,High-quality,,,,未知,0.0,CRKP/PA/AB 临床重点菌,0.64
PP889489_38,depolymerase,Klebsiella,bacteria,Unclassified,Unclassified,292,3.70e-29,1,0,1,none,0,no,91.18,High-quality,,,,未知,0.0,CRKP/PA/AB 临床重点菌,0.64
NC_028760_44,depolymerase,Klebsiella,bacteria,Webervirus,Drexlerviridae,757,2.70e-31,1,0,1,none,1,no,91.28,High-quality,,,,未知,0.0,CRKP/PA/AB 临床重点菌,0.64
NC_061421_303,depolymerase,Klebsiella,bacteria,Maaswegvirus,Chimalliviridae,916,4.30e-139,1,0,0,none,0,yes,99.76,High-quality,,,,未知,0.0,CRKP/PA/AB 临床重点菌,0.64
NC_027399_539,depolymerase,Klebsiella,bacteria,Alcyoneusvirus,Unclassified,997,1.10e-67,,,,none,0,no,90.19,High-quality,,,,未知,0.0,CRKP/PA/AB 临床重点菌,0.64
NC_061418_93,depolymerase,Klebsiella,bacteria,Siatvirus,Chimalliviridae,893,4.90e-63,,,,none,0,yes,98.94,High-quality,,,,未知,0.0,CRKP/PA/AB 临床重点菌,0.64
NC_070650_234,depolymerase,Klebsiella,bacteria,Eowynvirus,Chimalliviridae,821,2.20e-61,0,0,1,none,0,no,100.0,Complete,,,,未知,0.0,CRKP/PA/AB 临床重点菌,0.64
NC_048014_44,depolymerase,Klebsiella,bacteria,Przondovirus,Autotranscriptaviridae,821,4.10e-39,1,0,0,none,0,no,93.17,High-quality,,,,未知,0.0,CRKP/PA/AB 临床重点菌,0.64
NC_019526_537,depolymerase,Klebsiella,bacteria,Alcyoneusvirus,Unclassified,780,7.40e-35,1,1,0,none,0,yes,89.93,Medium-quality,,,,未知,0.0,CRKP/PA/AB 临床重点菌,0.64
MT894005_77,depolymerase,Klebsiella,bacteria,Webervirus,Drexlerviridae,908,8.90e-62,1,0,1,none,0,no,93.47,High-quality,,,,未知,0.0,CRKP/PA/AB 临床重点菌,0.64
NC_048186_137,depolymerase,Escherichia,bacteria,Taipeivirus,Ackermannviridae,1010,1.30e-256,1,0,1,GH28,0,no,95.74,High-quality,,,,肽聚糖（推断）,0.0,其他革兰阴性/细菌,0.64
NC_071132_43,depolymerase,Klebsiella,bacteria,Geezettvirus,Unclassified,222,1.40e-106,,,,none,0,no,84.64,Medium-quality,,,,未知,0.0,CRKP/PA/AB 临床重点菌,0.64
MW042806_40,depolymerase,Klebsiella,bacteria,Przondovirus,Autotranscriptaviridae,785,7.90e-35,1,0,0,none,1,no,100.0,Complete,,,,未知,0.0,CRKP/PA/AB 临床重点菌,0.64
ON399185_1,depolymerase,Klebsiella,bacteria,Taipeivirus,Ackermannviridae,437,1.10e-258,,,,none,0,no,94.92,High-quality,,,,未知,0.0,CRKP/PA/AB 临床重点菌,0.64
NC_047932_113,depolymerase,Klebsiella,bacteria,Taipeivirus,Ackermannviridae,961,1.20e-256,,,,none,0,no,94.46,High-quality,,,,未知,0.0,CRKP/PA/AB 临床重点菌,0.64
MK089780_48,depolymerase,Acinetobacter,bacteria,Friunavirus,Autoscriptoviridae,852,2.00e-57,0,0,1,none,0,no,100.0,Complete,,,,未知,0.0,CRKP/PA/AB 临床重点菌,0.64
NC_047772_46,depolymerase,Klebsiella,bacteria,Przondovirus,Autotranscriptaviridae,844,2.20e-57,2,0,2,none,0,no,100.0,Complete,,,,未知,0.0,CRKP/PA/AB 临床重点菌,0.64
NC_047901_34,depolymerase,Klebsiella,bacteria,Taipeivirus,Ackermannviridae,961,2.30e-264,,,,none,0,no,94.87,High-quality,,,,未知,0.0,CRKP/PA/AB 临床重点菌,0.64
NC_071138_73,depolymerase,Klebsiella,bacteria,Bimevirus,Unclassified,669,1.40e-40,0,0,1,none,0,no,79.46,Medium-quality,,,,未知,0.0,CRKP/PA/AB 临床重点菌,0.64
OR757456_21,depolymerase,Salmonella,bacteria,Uetakevirus,Unclassified,572,9.70e-15,1,0,1,"CAZy(tailspike,class待定)",0,yes,68.19,Medium-quality,AF-A0A5Z0NMW5-F1,90.3,39,荚膜多糖（推断）,0.074,其他革兰阴性/细菌,0.64
MT682065_44,depolymerase,Klebsiella,bacteria,Drulisvirus,Autoscriptoviridae,817,1.60e-40,1,0,1,none,0,no,93.26,High-quality,,,,未知,0.0,CRKP/PA/AB 临床重点菌,0.64
OZ390009.1_42,depolymerase,Klebsiella,bacteria,Unclassified,Unclassified,163,4.80e-37,1,0,0,none,0,no,62.51,Medium-quality,,,,未知,0.0,CRKP/PA/AB 临床重点菌,0.64
NC_062581_250,lysin,Pseudomonas,bacteria,Tepukevirus,Chimalliviridae,2337,7.00e-299,0,0,1,none,2,no,99.22,High-quality,,,,未知,0.0,CRKP/PA/AB 临床重点菌,0.64
MT939492_171,lysin,Xanthomonas,bacteria,Unclassified,Unclassified,2421,1.30e-40,2,0,1,GH23,1,no,79.22,Medium-quality,,,,肽聚糖（推断）,0.0,其他革兰阴性/细菌,0.64
NC_028702_5,lysin,Delftia,bacteria,Piedvirus,Autotranscriptaviridae,1291,1.60e-31,1,0,1,GH23,0,no,78.25,Medium-quality,,,,肽聚糖（推断）,0.0,其他革兰阴性/细菌,0.64
MT661596_99,lysin,Proteus,bacteria,Unclassified,Unclassified,2035,3.00e-29,1,1,1,GH18/19,3,no,76.93,Medium-quality,,,,肽聚糖（推断）,0.0,其他革兰阴性/细菌,0.64
NC_047917_39,lysin,Erwinia,bacteria,Eracentumvirus,Autosignataviridae,954,5.60e-45,1,0,1,GH24,0,no,100.0,Complete,,,,肽聚糖（推断）,0.0,其他革兰阴性/细菌,0.64
NC_048064_41,lysin,Escherichia,bacteria,Rodentiumvirus,Autosignataviridae,981,2.60e-260,0,0,1,none,0,no,94.36,High-quality,,,,未知,0.399,其他革兰阴性/细菌,0.6399
OZ347391_161,lysin,Serratia,bacteria,Unclassified,Unclassified,2214,6.20e-24,1,0,1,GH23,2,no,93.03,High-quality,,,,肽聚糖（推断）,0.566,其他革兰阴性/细菌,0.6396
ON375847_321,lysin,Pectobacterium,bacteria,Moabitevirus,Chimalliviridae,2214,6.20e-24,1,0,1,GH23,2,no,93.2,High-quality,,,,肽聚糖（推断）,0.565,其他革兰阴性/细菌,0.6395
OL539468_79,lysin,Serratia,bacteria,Moabitevirus,Chimalliviridae,2214,6.20e-24,1,0,1,GH23,2,no,93.74,High-quality,,,,肽聚糖（推断）,0.565,其他革兰阴性/细菌,0.6395
MW021758_17,lysin,Serratia,bacteria,Moabitevirus,Chimalliviridae,2214,6.20e-24,1,0,1,GH23,2,no,93.26,High-quality,,,,肽聚糖（推断）,0.565,其他革兰阴性/细菌,0.6395
OK040170_159,lysin,Serratia,bacteria,Moabitevirus,Chimalliviridae,2214,6.20e-24,1,0,1,GH23,2,no,92.38,High-quality,,,,肽聚糖（推断）,0.565,其他革兰阴性/细菌,0.6395
NC_048792_163,lysin,Serratia,bacteria,Moabitevirus,Chimalliviridae,2214,6.20e-24,1,0,1,GH23,2,no,93.53,High-quality,,,,肽聚糖（推断）,0.565,其他革兰阴性/细菌,0.6395
NC_048668_95,lysin,Serratia,bacteria,Moabitevirus,Chimalliviridae,2214,6.20e-24,1,0,1,GH23,2,no,93.46,High-quality,,,,肽聚糖（推断）,0.565,其他革兰阴性/细菌,0.6395
ON287376_101,lysin,Serratia,bacteria,Moabitevirus,Chimalliviridae,2214,6.20e-24,1,0,1,GH23,2,no,93.09,High-quality,,,,肽聚糖（推断）,0.565,其他革兰阴性/细菌,0.6395
NC_070708_22,lysin,Streptococcus,bacteria,Moineauvirus,Aliceevansviridae,201,9.80e-20,2,0,1,"CAZy(lytic_exoenzyme,class待定);GH(class)",0,no,68.61,Medium-quality,AF-A0A2X3UWW3-F1,86.8,18,肽聚糖（推断）,0.115,革兰阳性,0.6392
MT580117_42,depolymerase,Salmonella,bacteria,Uetakevirus,Unclassified,770,9.70e-15,1,0,1,"CAZy(tailspike,class待定)",0,no,71.93,Medium-quality,AF-A0A5Z0NMW5-F1,90.3,40,荚膜多糖（推断）,0.062,其他革兰阴性/细菌,0.6382
OP079918_46,depolymerase,Klebsiella,bacteria,Gansuvirus,Autosignataviridae,231,7.00e-15,1,0,0,"PL(K1_lyase,family待dbCAN)",0,no,92.48,High-quality,,,,荚膜多糖（推断）,0.052,CRKP/PA/AB 临床重点菌,0.6372
PP885733_249,lysin,Pantoea,bacteria,Unclassified,Unclassified,2418,2.30e-21,1,0,1,GH18/19,0,no,92.63,High-quality,,,,肽聚糖（推断）,0.26,其他革兰阴性/细菌,0.6366
OL744218_1,depolymerase,Klebsiella,bacteria,Gansuvirus,Autosignataviridae,338,7.00e-15,1,0,0,"PL(K1_lyase,family待dbCAN)",0,no,95.44,High-quality,,,,荚膜多糖（推断）,0.045,CRKP/PA/AB 临床重点菌,0.6361
OM373559_25,lysin,Staphylococcus,bacteria,Triavirus,Unclassified,486,4.20e-59,3,1,2,none,0,no,97.5,High-quality,AF-A0A0C6EXB6-F1,84.1,28,未知,0.3,革兰阳性,0.6361
OP617745_441,depolymerase,Klebsiella,bacteria,Alcyoneusvirus,Unclassified,892,1.20e-29,0,0,1,none,0,yes,92.17,High-quality,,,,未知,0.021,CRKP/PA/AB 临床重点菌,0.636
PP096838_39,depolymerase,Klebsiella,bacteria,Przondovirus,Autotranscriptaviridae,148,3.70e-29,,,,none,0,no,92.89,High-quality,,,,未知,0.041,CRKP/PA/AB 临床重点菌,0.6357
OL744215_1,depolymerase,Klebsiella,bacteria,Gansuvirus,Autosignataviridae,338,7.00e-15,1,0,0,"PL(K1_lyase,family待dbCAN)",0,no,100.0,Complete,,,,荚膜多糖（推断）,0.042,CRKP/PA/AB 临床重点菌,0.6357
OR532817_422,depolymerase,Klebsiella,bacteria,Unclassified,Unclassified,892,1.20e-29,0,0,1,none,0,yes,90.89,High-quality,,,,未知,0.018,CRKP/PA/AB 临床重点菌,0.6355
NC_049509_1,depolymerase,Salmonella,bacteria,Agtrevirus,Ackermannviridae,818,6.40e-157,1,0,1,none,1,no,96.0,High-quality,,,,未知,0.37,其他革兰阴性/细菌,0.6355
OR464140_39,depolymerase,Salmonella,bacteria,Unclassified,Ackermannviridae,1072,2.50e-132,1,0,2,none,0,yes,93.76,High-quality,,,,未知,0.369,其他革兰阴性/细菌,0.6353
NC_071055_21,lysin,Streptococcus,bacteria,Vansinderenvirus,Aliceevansviridae,282,9.80e-20,2,0,1,"CAZy(lytic_exoenzyme,class待定);GH(class)",0,no,65.02,Medium-quality,AF-A0A0E2Q2U3-F1,86.1,14,肽聚糖（推断）,0.096,革兰阳性,0.6353
MT446418_9,depolymerase,Escherichia,bacteria,Przondovirus,Autotranscriptaviridae,805,3.00e-27,1,1,0,none,0,no,100.0,Complete,,,,未知,0.389,其他革兰阴性/细菌,0.6352
MK075002_70,lysin,Staphylococcus,bacteria,Peeveelvirus,Unclassified,483,2.70e-57,3,1,2,none,0,no,91.59,High-quality,AF-A0A0C6EXB6-F1,84.1,28,未知,0.291,革兰阳性,0.6348
PX138292.1_22,lysin,Streptococcus,bacteria,Moineauvirus,Aliceevansviridae,282,9.80e-20,2,0,1,"CAZy(lytic_exoenzyme,class待定);GH(class)",0,no,64.7,Medium-quality,AF-A0A0E2Q2U3-F1,86.1,14,肽聚糖（推断）,0.093,革兰阳性,0.6348
PQ505482_57,depolymerase,Klebsiella,bacteria,Unclassified,Unclassified,749,1.90e-16,1,0,1,none,0,no,94.37,High-quality,,,,未知,0.462,CRKP/PA/AB 临床重点菌,0.6341
PQ505484_57,depolymerase,Klebsiella,bacteria,Unclassified,Unclassified,749,1.90e-16,1,0,1,none,0,no,94.38,High-quality,,,,未知,0.46,CRKP/PA/AB 临床重点菌,0.6338
NC_071015_221,lysin,Kosakonia,bacteria,Branisovskavirus,Chimalliviridae,2423,1.80e-19,1,0,1,GH18/19,1,no,86.57,Medium-quality,,,,肽聚糖（推断）,0.325,其他革兰阴性/细菌,0.6337
PX138287.1_21,lysin,Streptococcus,bacteria,Vansinderenvirus,Aliceevansviridae,282,9.80e-20,2,0,1,"CAZy(lytic_exoenzyme,class待定);GH(class)",0,no,69.13,Medium-quality,AF-A0A0E2Q2U3-F1,86.1,14,肽聚糖（推断）,0.085,革兰阳性,0.6336
PX138272.1_21,lysin,Streptococcus,bacteria,Vansinderenvirus,Aliceevansviridae,282,9.80e-20,2,0,1,"CAZy(lytic_exoenzyme,class待定);GH(class)",0,no,68.02,Medium-quality,AF-A0A0E2Q2U3-F1,86.1,14,肽聚糖（推断）,0.082,革兰阳性,0.6332
NC_061421_310,depolymerase,Klebsiella,bacteria,Maaswegvirus,Chimalliviridae,738,1.10e-29,0,0,1,none,0,no,99.76,High-quality,,,,未知,0.0,CRKP/PA/AB 临床重点菌,0.6331
NC_019526_538,depolymerase,Klebsiella,bacteria,Alcyoneusvirus,Unclassified,892,1.20e-29,0,0,1,none,0,yes,89.93,Medium-quality,,,,未知,0.0,CRKP/PA/AB 临床重点菌,0.6328
PX670392.1_52,depolymerase,Klebsiella,bacteria,Unclassified,Unclassified,1244,7.90e-09,2,1,0,none,0,no,93.51,High-quality,,,,未知,0.656,CRKP/PA/AB 临床重点菌,0.6324
NC_023582_36,lysin,Staphylococcus,bacteria,Sextaecvirus,Unclassified,341,1.10e-23,2,1,1,none,0,no,70.81,Medium-quality,AF-A0AB36BHE5-F1,84.4,31,未知,0.318,革兰阳性,0.6324
OZ035748_40,depolymerase,Unspecified,bacteria,Przondovirus,Autotranscriptaviridae,778,9.40e-38,1,0,1,none,0,no,94.08,High-quality,AF-A0AAE7H5P6-F1,89.8,26,未知,0.483,未知,0.6321
PQ015378_289,lysin,Pseudomonas,bacteria,Unclassified,Unclassified,261,1.40e-11,2,0,2,CBM(class);GH23,0,yes,99.04,High-quality,,,,肽聚糖（推断）,0.53,CRKP/PA/AB 临床重点菌,0.6319
MZ079855_156,holin,Klebsiella,bacteria,Sugarlandvirus,Demerecviridae,159,5.80e-15,1,0,0,none,1,yes,87.13,Medium-quality,,,,膜成孔（内溶素协同，推断）,0.011,CRKP/PA/AB 临床重点菌,0.6316
NC_049508_94,lysin,Salmonella,bacteria,Kuttervirus,Ackermannviridae,265,2.10e-20,2,0,1,CBM(class);GH(class),0,yes,96.18,High-quality,,,,肽聚糖（推断）,0.536,其他革兰阴性/细菌,0.6316
NC_049507_98,lysin,Salmonella,bacteria,Kuttervirus,Ackermannviridae,265,2.10e-20,2,0,1,CBM(class);GH(class),0,yes,95.96,High-quality,,,,肽聚糖（推断）,0.536,其他革兰阴性/细菌,0.6316
NC_049506_10,depolymerase,Salmonella,bacteria,Kuttervirus,Ackermannviridae,365,3.50e-139,,,,none,0,no,95.64,High-quality,,,,未知,0.343,其他革兰阴性/细菌,0.6314
OQ359883_78,lysin,Salmonella,bacteria,Kuttervirus,Ackermannviridae,265,2.10e-20,2,0,1,CBM(class);GH(class),0,yes,95.47,High-quality,,,,肽聚糖（推断）,0.534,其他革兰阴性/细菌,0.6313
PX944708.1_83,lysin,Salmonella,bacteria,Unclassified,Unclassified,265,2.10e-20,2,0,1,CBM(class);GH(class),0,yes,96.49,High-quality,,,,肽聚糖（推断）,0.533,其他革兰阴性/细菌,0.6311
NC_070686_22,lysin,Streptococcus,bacteria,Moineauvirus,Aliceevansviridae,201,1.70e-18,2,0,1,"CAZy(lytic_exoenzyme,class待定);GH(class)",0,no,75.84,Medium-quality,AF-A0A2X3UWW3-F1,86.8,18,肽聚糖（推断）,0.115,革兰阳性,0.6309
PV389080_61,lysin,Mammaliicoccus,bacteria,Unclassified,Unclassified,599,8.30e-07,4,1,2,none,0,no,84.31,Medium-quality,AF-B9DIZ3-F1,91.1,38,未知,0.457,其他革兰阴性/细菌,0.6307
PX138299.1_22,lysin,Streptococcus,bacteria,Moineauvirus,Aliceevansviridae,282,1.70e-18,2,0,1,"CAZy(lytic_exoenzyme,class待定);GH(class)",0,no,92.54,High-quality,AF-A0A0E2Q2U3-F1,86.1,14,肽聚糖（推断）,0.117,革兰阳性,0.6302
NC_070651_21,lysin,Streptococcus,bacteria,Moineauvirus,Aliceevansviridae,282,1.70e-18,2,0,1,"CAZy(lytic_exoenzyme,class待定);GH(class)",0,no,62.78,Medium-quality,AF-A0A0E2Q2U3-F1,86.1,14,肽聚糖（推断）,0.117,革兰阳性,0.6302
PP889483_51,depolymerase,Klebsiella,bacteria,Unclassified,Unclassified,1243,3.60e-07,2,1,0,none,0,no,100.0,High-quality,,,,未知,0.713,CRKP/PA/AB 临床重点菌,0.6299
KC911857_21,depolymerase,Salmonella,bacteria,Uetakevirus,Unclassified,770,9.70e-15,1,0,1,"CAZy(tailspike,class待定)",0,no,66.71,Medium-quality,AF-A0A5Z0NMW5-F1,90.3,39,荚膜多糖（推断）,0.003,其他革兰阴性/细菌,0.6293
NC_016761_21,depolymerase,Salmonella,bacteria,Uetakevirus,Unclassified,770,9.70e-15,1,0,1,"CAZy(tailspike,class待定)",0,no,67.13,Medium-quality,AF-A0A5Z0NMW5-F1,90.3,39,荚膜多糖（推断）,0.001,其他革兰阴性/细菌,0.629
NC_010353_28,lysin,Streptococcus,bacteria,Brussowvirus,Aliceevansviridae,201,1.70e-18,2,0,1,"CAZy(lytic_exoenzyme,class待定);GH(class)",0,no,62.39,Medium-quality,AF-A0A2X3UWW3-F1,86.8,18,肽聚糖（推断）,0.1,革兰阳性,0.6287
PQ657808_46,depolymerase,Klebsiella,bacteria,Unclassified,Unclassified,88,3.10e-08,1,0,0,none,0,no,92.85,High-quality,AF-A0A9C7QRX8-F1,89.8,3,未知,0.391,CRKP/PA/AB 临床重点菌,0.6284
PV775413_46,lysin,Escherichia,bacteria,Vectrevirus,Autosignataviridae,652,9.70e-81,,,,none,0,no,92.21,High-quality,,,,未知,0.722,其他革兰阴性/细菌,0.6283
PX904472.1_245,depolymerase,Klebsiella,bacteria,Unclassified,Unclassified,890,1.70e-22,1,0,1,none,0,no,98.83,High-quality,,,,未知,0.153,CRKP/PA/AB 临床重点菌,0.6281
NC_070689_22,lysin,Streptococcus,bacteria,Moineauvirus,Aliceevansviridae,282,1.70e-18,2,0,1,"CAZy(lytic_exoenzyme,class待定);GH(class)",0,no,60.52,Medium-quality,AF-A0A0E2Q2U3-F1,86.1,14,肽聚糖（推断）,0.103,革兰阳性,0.6281
NC_070696_21,lysin,Streptococcus,bacteria,Moineauvirus,Aliceevansviridae,282,1.70e-18,2,0,1,"CAZy(lytic_exoenzyme,class待定);GH(class)",0,no,62.19,Medium-quality,AF-A0A0E2Q2U3-F1,86.1,14,肽聚糖（推断）,0.103,革兰阳性,0.6281
NC_070683_22,lysin,Streptococcus,bacteria,Moineauvirus,Aliceevansviridae,282,1.70e-18,2,0,1,"CAZy(lytic_exoenzyme,class待定);GH(class)",0,no,69.33,Medium-quality,AF-A0A3G6JJY4-F1,83.2,16,肽聚糖（推断）,0.132,革兰阳性,0.6281
OR844942_56,depolymerase,Enterococcus,bacteria,Unclassified,Unclassified,1110,1.00e-143,2,0,1,"CAZy(tailspike,class待定)",0,no,67.11,Medium-quality,,,,荚膜多糖（推断）,0.087,革兰阳性,0.628
NC_070695_21,lysin,Streptococcus,bacteria,Moineauvirus,Aliceevansviridae,282,1.80e-18,2,0,1,"CAZy(lytic_exoenzyme,class待定);GH(class)",0,no,66.94,Medium-quality,AF-A0A0E2Q2U3-F1,86.1,14,肽聚糖（推断）,0.103,革兰阳性,0.6279
NC_071011_56,depolymerase,Klebsiella,bacteria,Carvajevirus,Unclassified,719,6.90e-21,0,0,1,none,0,no,82.17,Medium-quality,AF-A0A423A248-F1,76.9,38,未知,0.087,CRKP/PA/AB 临床重点菌,0.6278
NC_047857_54,depolymerase,Klebsiella,bacteria,Drulisvirus,Autoscriptoviridae,582,7.60e-17,1,0,0,none,0,yes,94.55,High-quality,,,,未知,1.0,CRKP/PA/AB 临床重点菌,0.6275
PQ285366_50,depolymerase,Klebsiella,bacteria,Drulisvirus,Autoscriptoviridae,580,7.60e-17,1,0,0,none,0,yes,100.0,Complete,,,,未知,1.0,CRKP/PA/AB 临床重点菌,0.6275
OR532904_7,depolymerase,Klebsiella,bacteria,Unclassified,Unclassified,578,7.60e-17,1,0,0,none,0,yes,92.88,High-quality,,,,未知,1.0,CRKP/PA/AB 临床重点菌,0.6275
MN176572_49,depolymerase,Klebsiella,bacteria,Drulisvirus,Autoscriptoviridae,580,7.60e-17,1,0,0,none,0,yes,92.51,High-quality,,,,未知,1.0,CRKP/PA/AB 临床重点菌,0.6275
PQ571298_57,depolymerase,Klebsiella,bacteria,Unclassified,Unclassified,578,7.60e-17,1,0,0,none,0,yes,100.0,Complete,,,,未知,1.0,CRKP/PA/AB 临床重点菌,0.6275
MZ602146_55,depolymerase,Klebsiella,bacteria,Drulisvirus,Autoscriptoviridae,462,7.60e-17,1,0,0,none,0,yes,100.0,Complete,,,,未知,1.0,CRKP/PA/AB 临床重点菌,0.6275
ON602743_21,depolymerase,Klebsiella,bacteria,Drulisvirus,Autoscriptoviridae,578,7.60e-17,1,0,0,none,0,yes,93.88,High-quality,,,,未知,1.0,CRKP/PA/AB 临床重点菌,0.6275
OR532840_7,depolymerase,Klebsiella,bacteria,Unclassified,Unclassified,578,7.60e-17,1,0,0,none,0,yes,91.96,High-quality,,,,未知,1.0,CRKP/PA/AB 临床重点菌,0.6275
AB716667_55,depolymerase,Klebsiella,bacteria,Unclassified,Unclassified,578,7.60e-17,1,0,0,none,0,yes,93.74,High-quality,,,,未知,1.0,CRKP/PA/AB 临床重点菌,0.6275
PV552802_23,depolymerase,Klebsiella,bacteria,Unclassified,Unclassified,578,7.60e-17,1,0,0,none,0,yes,100.0,Complete,,,,未知,1.0,CRKP/PA/AB 临床重点菌,0.6275
OR532829_7,depolymerase,Klebsiella,bacteria,Unclassified,Unclassified,578,7.60e-17,1,0,0,none,0,yes,93.05,High-quality,,,,未知,1.0,CRKP/PA/AB 临床重点菌,0.6275
OR230584_1,depolymerase,Klebsiella,bacteria,Drulisvirus,Autoscriptoviridae,578,7.60e-17,1,0,0,none,0,yes,93.33,High-quality,,,,未知,1.0,CRKP/PA/AB 临床重点菌,0.6275
NC_047811_54,depolymerase,Klebsiella,bacteria,Drulisvirus,Autoscriptoviridae,578,7.60e-17,1,0,0,none,0,yes,94.96,High-quality,,,,未知,1.0,CRKP/PA/AB 临床重点菌,0.6275
PV593504_59,depolymerase,Klebsiella,bacteria,Unclassified,Unclassified,578,7.60e-17,1,0,0,none,0,yes,95.39,High-quality,,,,未知,1.0,CRKP/PA/AB 临床重点菌,0.6275
OR287809_52,depolymerase,Klebsiella,bacteria,Drulisvirus,Autoscriptoviridae,578,7.60e-17,1,0,0,none,0,yes,100.0,Complete,,,,未知,1.0,CRKP/PA/AB 临床重点菌,0.6275
OQ819159_59,depolymerase,Klebsiella,bacteria,Drulisvirus,Autoscriptoviridae,578,7.60e-17,1,0,0,none,0,yes,100.0,Complete,,,,未知,1.0,CRKP/PA/AB 临床重点菌,0.6275
PV759417_1,depolymerase,Klebsiella,bacteria,Unclassified,Unclassified,578,7.60e-17,1,0,0,none,0,yes,95.78,High-quality,,,,未知,1.0,CRKP/PA/AB 临床重点菌,0.6275
OR532882_7,depolymerase,Klebsiella,bacteria,Unclassified,Unclassified,578,7.60e-17,1,0,0,none,0,yes,92.87,High-quality,,,,未知,1.0,CRKP/PA/AB 临床重点菌,0.6275
OR532881_7,depolymerase,Klebsiella,bacteria,Unclassified,Unclassified,578,7.60e-17,1,0,0,none,0,yes,92.82,High-quality,,,,未知,1.0,CRKP/PA/AB 临床重点菌,0.6275
PX943720.1_2,depolymerase,Klebsiella,bacteria,Unclassified,Unclassified,578,7.60e-17,1,0,0,none,0,yes,100.0,Complete,,,,未知,1.0,CRKP/PA/AB 临床重点菌,0.6275
NC_023567_55,depolymerase,Klebsiella,bacteria,Drulisvirus,Autoscriptoviridae,578,7.60e-17,1,0,0,none,0,yes,94.76,High-quality,,,,未知,1.0,CRKP/PA/AB 临床重点菌,0.6275
OR532866_7,depolymerase,Klebsiella,bacteria,Unclassified,Unclassified,578,7.60e-17,1,0,0,none,0,yes,92.34,High-quality,,,,未知,1.0,CRKP/PA/AB 临床重点菌,0.6275
OR532884_7,depolymerase,Klebsiella,bacteria,Unclassified,Unclassified,578,7.60e-17,1,0,0,none,0,yes,93.45,High-quality,,,,未知,1.0,CRKP/PA/AB 临床重点菌,0.6275
ON146449_1,depolymerase,Klebsiella,bacteria,Drulisvirus,Autoscriptoviridae,578,7.60e-17,1,0,0,none,0,yes,100.0,Complete,,,,未知,1.0,CRKP/PA/AB 临床重点菌,0.6275
OR983332_56,depolymerase,Klebsiella,bacteria,Drulisvirus,Autoscriptoviridae,578,7.60e-17,1,0,0,none,0,yes,93.85,High-quality,,,,未知,1.0,CRKP/PA/AB 临床重点菌,0.6275
OU509533_54,depolymerase,Klebsiella,bacteria,Unclassified,Unclassified,578,7.60e-17,1,0,0,none,0,yes,100.0,Complete,,,,未知,1.0,CRKP/PA/AB 临床重点菌,0.6275
MT197176_58,depolymerase,Klebsiella,bacteria,Drulisvirus,Autoscriptoviridae,578,7.60e-17,1,0,0,none,0,yes,94.89,High-quality,,,,未知,1.0,CRKP/PA/AB 临床重点菌,0.6275
NC_070952_255,lysin,Erwinia,bacteria,Meadowvirus,Chimalliviridae,2405,9.60e-19,1,0,1,GH18/19,1,no,89.77,Medium-quality,,,,肽聚糖（推断）,0.312,其他革兰阴性/细菌,0.6269
MH937492_22,lysin,Streptococcus,bacteria,Moineauvirus,Aliceevansviridae,201,1.70e-18,2,0,1,"CAZy(lytic_exoenzyme,class待定);GH(class)",0,no,68.15,Medium-quality,AF-A0A0E2Q2U3-F1,86.1,14,肽聚糖（推断）,0.095,革兰阳性,0.6269
OY979481_23,depolymerase,Klebsiella,bacteria,Webervirus,Drexlerviridae,953,2.60e-19,,,,none,0,no,89.46,Medium-quality,,,,未知,0.419,CRKP/PA/AB 临床重点菌,0.6268
OR532854_42,depolymerase,Klebsiella,bacteria,Unclassified,Unclassified,557,1.10e-27,0,1,1,none,0,no,91.64,High-quality,,,,未知,0.045,CRKP/PA/AB 临床重点菌,0.6265
PQ303613_37,depolymerase,Klebsiella,bacteria,Przondovirus,Autotranscriptaviridae,557,1.10e-27,0,1,1,none,0,no,93.91,High-quality,,,,未知,0.043,CRKP/PA/AB 临床重点菌,0.6262
NC_071061_25,lysin,Streptococcus,bacteria,Brussowvirus,Aliceevansviridae,201,1.70e-18,2,0,1,"CAZy(lytic_exoenzyme,class待定);GH(class)",0,no,79.42,Medium-quality,AF-A0A0E2Q2U3-F1,86.1,14,肽聚糖（推断）,0.09,革兰阳性,0.6261
NC_023610_154,lysin,Erwinia,bacteria,Iapetusvirus,Chimalliviridae,2218,8.50e-22,0,0,1,none,2,no,74.9,Medium-quality,,,,未知,0.702,其他革兰阴性/细菌,0.6258
OP991903_20,lysin,Erwinia,bacteria,Iapetusvirus,Chimalliviridae,2218,8.50e-22,0,0,1,none,2,no,74.66,Medium-quality,,,,未知,0.702,其他革兰阴性/细菌,0.6258
OP620754_1,depolymerase,Klebsiella,bacteria,Przondovirus,Autotranscriptaviridae,276,1.10e-27,,,,none,0,no,93.46,High-quality,,,,未知,0.04,CRKP/PA/AB 临床重点菌,0.6257
MN518893_39,lysin,Escherichia,bacteria,Kayfunavirus,Autotranscriptaviridae,1223,1.40e-296,,,,none,0,yes,94.41,High-quality,,,,未知,0.304,其他革兰阴性/细菌,0.6256
PV389078_65,lysin,Mammaliicoccus,bacteria,Unclassified,Unclassified,618,7.30e-08,4,1,2,none,0,no,84.12,Medium-quality,AF-A0A509LUR4-F1,84.6,33,未知,0.441,其他革兰阴性/细菌,0.6256
PP889485_40,depolymerase,Klebsiella,bacteria,Unclassified,Unclassified,557,1.10e-27,0,1,1,none,0,no,92.0,High-quality,,,,未知,0.038,CRKP/PA/AB 临床重点菌,0.6254
NC_048175_41,depolymerase,Klebsiella,bacteria,Przondovirus,Autotranscriptaviridae,557,1.10e-27,0,1,1,none,0,no,94.81,High-quality,,,,未知,0.038,CRKP/PA/AB 临床重点菌,0.6254
PQ299796_42,depolymerase,Klebsiella,bacteria,Unclassified,Unclassified,557,1.10e-27,0,1,1,none,0,no,95.91,High-quality,,,,未知,0.038,CRKP/PA/AB 临床重点菌,0.6254
PV854181_42,depolymerase,Klebsiella,bacteria,Unclassified,Unclassified,557,1.10e-27,0,1,1,none,0,no,94.46,High-quality,,,,未知,0.038,CRKP/PA/AB 临床重点菌,0.6254
PX437820.1_43,lysin,Aeromonas,bacteria,Teseptimavirus,Autotranscriptaviridae,160,1.40e-97,,,,none,0,no,98.62,High-quality,AF-A0A7X9S2H2-F1,44.2,26,未知,0.361,其他革兰阴性/细菌,0.6254
NC_070675_22,lysin,Streptococcus,bacteria,Moineauvirus,Aliceevansviridae,282,1.70e-18,2,0,1,"CAZy(lytic_exoenzyme,class待定);GH(class)",0,no,75.1,Medium-quality,AF-A0A3G6JJY4-F1,83.2,16,肽聚糖（推断）,0.114,革兰阳性,0.6254
NC_070658_22,lysin,Streptococcus,bacteria,Moineauvirus,Aliceevansviridae,201,1.70e-18,2,0,1,"CAZy(lytic_exoenzyme,class待定);GH(class)",0,no,68.28,Medium-quality,AF-A0A0E2Q2U3-F1,86.1,14,肽聚糖（推断）,0.085,革兰阳性,0.6254
MF580775_22,lysin,Streptococcus,bacteria,Moineauvirus,Aliceevansviridae,282,1.70e-18,2,0,1,"CAZy(lytic_exoenzyme,class待定);GH(class)",0,no,65.36,Medium-quality,AF-A0A0E2Q2U3-F1,86.1,14,肽聚糖（推断）,0.085,革兰阳性,0.6254
NC_070721_23,lysin,Streptococcus,bacteria,Moineauvirus,Aliceevansviridae,282,1.70e-18,2,0,1,"CAZy(lytic_exoenzyme,class待定);GH(class)",0,no,68.51,Medium-quality,AF-A0A0E2Q2U3-F1,86.1,14,肽聚糖（推断）,0.085,革兰阳性,0.6254
ON287372_227,lysin,Serratia,bacteria,Moabitevirus,Chimalliviridae,2214,8.40e-22,1,0,1,GH23,3,no,94.89,High-quality,,,,肽聚糖（推断）,0.565,其他革兰阴性/细菌,0.6253
PP915726_7,depolymerase,Klebsiella,bacteria,Przondovirus,Autotranscriptaviridae,597,1.20e-25,0,0,1,none,0,no,94.15,High-quality,,,,未知,0.527,CRKP/PA/AB 临床重点菌,0.6252
PP738800_35,depolymerase,Klebsiella,bacteria,Unclassified,Unclassified,597,1.20e-25,0,0,1,none,0,no,96.42,High-quality,,,,未知,0.527,CRKP/PA/AB 临床重点菌,0.6252
PV389083_61,lysin,Mammaliicoccus,bacteria,Unclassified,Unclassified,610,7.30e-08,4,1,2,none,0,no,81.88,Medium-quality,AF-A0A509LUR4-F1,84.6,33,未知,0.437,其他革兰阴性/细菌,0.625
PX694432_38,depolymerase,Klebsiella,bacteria,Unclassified,Unclassified,672,5.70e-20,1,0,0,none,0,yes,95.29,High-quality,,,,未知,0.644,CRKP/PA/AB 临床重点菌,0.6249
PX138268.1_22,lysin,Streptococcus,bacteria,Moineauvirus,Aliceevansviridae,282,1.70e-18,2,0,1,"CAZy(lytic_exoenzyme,class待定);GH(class)",0,no,63.74,Medium-quality,AF-A0A0E2Q2U3-F1,86.1,14,肽聚糖（推断）,0.082,革兰阳性,0.6249
PX138263.1_22,lysin,Streptococcus,bacteria,Moineauvirus,Aliceevansviridae,282,1.70e-18,2,0,1,"CAZy(lytic_exoenzyme,class待定);GH(class)",0,no,67.03,Medium-quality,AF-A0A0E2Q2U3-F1,86.1,14,肽聚糖（推断）,0.082,革兰阳性,0.6249
OP620756_17,depolymerase,Klebsiella,bacteria,Przondovirus,Autotranscriptaviridae,557,1.10e-27,0,1,1,none,0,no,91.72,High-quality,,,,未知,0.034,CRKP/PA/AB 临床重点菌,0.6248
PQ505476_43,depolymerase,Klebsiella,bacteria,Przondovirus,Autotranscriptaviridae,256,1.10e-27,0,0,1,none,0,no,95.33,High-quality,,,,未知,0.033,CRKP/PA/AB 临床重点菌,0.6247
NC_092456_35,depolymerase,Klebsiella,bacteria,Przondovirus,Autotranscriptaviridae,597,1.20e-25,0,0,1,none,0,yes,100.0,Complete,,,,未知,0.524,CRKP/PA/AB 临床重点菌,0.6247
NC_011043_42,depolymerase,Klebsiella,bacteria,Przondovirus,Autotranscriptaviridae,597,1.20e-25,0,0,1,none,0,yes,100.0,Complete,,,,未知,0.524,CRKP/PA/AB 临床重点菌,0.6247
PV854169_43,depolymerase,Klebsiella,bacteria,Unclassified,Unclassified,557,1.10e-27,0,1,1,none,0,no,91.94,High-quality,,,,未知,0.032,CRKP/PA/AB 临床重点菌,0.6245
OR645408_39,depolymerase,Klebsiella,bacteria,Przondovirus,Autotranscriptaviridae,557,1.10e-27,0,1,1,none,0,no,100.0,Complete,,,,未知,0.031,CRKP/PA/AB 临床重点菌,0.6244
PV854168_43,depolymerase,Klebsiella,bacteria,Unclassified,Unclassified,557,1.10e-27,0,1,1,none,0,no,92.0,High-quality,,,,未知,0.031,CRKP/PA/AB 临床重点菌,0.6244
MN715150_37,lysin,Citrobacter,bacteria,Kayfunavirus,Autotranscriptaviridae,1282,9.80e-254,,,,none,0,no,91.25,High-quality,,,,未知,0.296,其他革兰阴性/细菌,0.6244
PP739164_40,depolymerase,Klebsiella,bacteria,Przondovirus,Autotranscriptaviridae,383,1.10e-27,0,0,1,none,0,no,100.0,Complete,,,,未知,0.029,CRKP/PA/AB 临床重点菌,0.6241
PV615262_3,lysin,Escherichia,bacteria,Kayfunavirus,Autotranscriptaviridae,638,2.40e-297,,,,none,0,no,93.46,High-quality,,,,未知,0.293,其他革兰阴性/细菌,0.624
NC_070900_20,lysin,Streptococcus,bacteria,Piorkowskivirus,Unclassified,201,2.50e-17,2,0,1,"CAZy(lytic_exoenzyme,class待定);GH(class)",0,no,61.5,Medium-quality,AF-A0A2X3UWW3-F1,86.8,18,肽聚糖（推断）,0.12,革兰阳性,0.6239
OR532818_41,depolymerase,Klebsiella,bacteria,Unclassified,Unclassified,557,1.10e-27,0,1,1,none,0,no,93.37,High-quality,,,,未知,0.027,CRKP/PA/AB 临床重点菌,0.6238
OR290782_8,lysin,Salmonella,bacteria,Kayfunavirus,Autotranscriptaviridae,1299,1.60e-288,,,,none,0,no,100.0,Complete,,,,未知,0.291,其他革兰阴性/细菌,0.6236
PV854179_41,depolymerase,Klebsiella,bacteria,Unclassified,Unclassified,557,1.10e-27,0,1,1,none,0,no,94.72,High-quality,,,,未知,0.025,CRKP/PA/AB 临床重点菌,0.6235
OR513093_8,lysin,Salmonella,bacteria,Kayfunavirus,Autotranscriptaviridae,1299,1.60e-288,,,,none,0,no,92.84,High-quality,,,,未知,0.29,其他革兰阴性/细菌,0.6235
OR464142_8,lysin,Salmonella,bacteria,Kayfunavirus,Autotranscriptaviridae,1299,1.60e-288,,,,none,0,no,100.0,Complete,,,,未知,0.29,其他革兰阴性/细菌,0.6235
NC_047808_50,lysin,Escherichia,bacteria,Kayfunavirus,Autotranscriptaviridae,1102,2.40e-297,,,,none,0,no,92.39,High-quality,,,,未知,0.29,其他革兰阴性/细菌,0.6235
PV874198_43,lysin,Enterobacter,bacteria,Unclassified,Unclassified,1299,4.90e-299,,,,none,0,no,100.0,Complete,,,,未知,0.289,其他革兰阴性/细菌,0.6233
PQ226820.1_49,lysin,Escherichia,bacteria,Unclassified,Unclassified,1102,2.40e-297,,,,none,0,no,92.39,High-quality,,,,未知,0.289,其他革兰阴性/细菌,0.6233
OY976565_46,depolymerase,Klebsiella,bacteria,Przondovirus,Autotranscriptaviridae,557,1.10e-27,0,1,1,none,0,no,94.96,High-quality,,,,未知,0.023,CRKP/PA/AB 临床重点菌,0.6232
NC_071131_32,depolymerase,Klebsiella,bacteria,Mascletvirus,Unclassified,823,6.60e-22,1,0,0,none,0,no,79.81,Medium-quality,,,,未知,0.146,CRKP/PA/AB 临床重点菌,0.6231
MH892365_21,lysin,Streptococcus,bacteria,Piorkowskivirus,Unclassified,201,2.50e-17,2,0,1,"CAZy(lytic_exoenzyme,class待定);GH(class)",0,no,64.25,Medium-quality,AF-A0A2X3UWW3-F1,86.8,18,肽聚糖（推断）,0.115,革兰阳性,0.6231
NC_070715_23,lysin,Streptococcus,bacteria,Moineauvirus,Aliceevansviridae,201,4.30e-17,2,0,1,"CAZy(lytic_exoenzyme,class待定);GH(class)",0,no,67.14,Medium-quality,AF-A0A2X3UWW3-F1,86.8,18,肽聚糖（推断）,0.125,革兰阳性,0.6231
PV854180_38,depolymerase,Klebsiella,bacteria,Unclassified,Unclassified,557,1.10e-27,0,1,1,none,0,no,93.65,High-quality,,,,未知,0.022,CRKP/PA/AB 临床重点菌,0.623
PP856017_42,lysin,Burkholderia,bacteria,Unclassified,Unclassified,2063,8.80e-20,1,0,1,GH18/19,2,no,77.38,Medium-quality,,,,肽聚糖（推断）,0.24,其他革兰阴性/细菌,0.623
MK416010_8,depolymerase,Klebsiella,bacteria,Unclassified,Unclassified,804,5.60e-16,1,0,0,none,0,no,71.26,Medium-quality,AF-A0AAW3G0T4-F1,87.6,47,未知,0.031,CRKP/PA/AB 临床重点菌,0.6227
NC_071073_25,lysin,Streptococcus,bacteria,Brussowvirus,Aliceevansviridae,201,2.50e-17,2,0,1,"CAZy(lytic_exoenzyme,class待定);GH(class)",0,no,73.85,Medium-quality,AF-A0A2X3UWW3-F1,86.8,18,肽聚糖（推断）,0.11,革兰阳性,0.6224
NC_070901_21,lysin,Streptococcus,bacteria,Piorkowskivirus,Unclassified,201,4.30e-17,2,0,1,"CAZy(lytic_exoenzyme,class待定);GH(class)",0,no,68.91,Medium-quality,AF-A0A2X3UWW3-F1,86.8,18,肽聚糖（推断）,0.12,革兰阳性,0.6223
MW394390_157,depolymerase,Klebsiella,bacteria,Unclassified,Unclassified,1200,9.50e-06,2,1,0,none,1,no,86.0,Medium-quality,AF-A0A8B4TWT2-F1,74.8,81,未知,0.477,CRKP/PA/AB 临床重点菌,0.6222
KU678390_21,lysin,Streptococcus,bacteria,Piorkowskivirus,Unclassified,201,2.50e-17,2,0,1,"CAZy(lytic_exoenzyme,class待定);GH(class)",0,no,66.01,Medium-quality,AF-A0A0E2Q2U3-F1,86.1,14,肽聚糖（推断）,0.115,革兰阳性,0.6221
NC_070679_22,lysin,Streptococcus,bacteria,Moineauvirus,Aliceevansviridae,201,2.50e-17,2,0,1,"CAZy(lytic_exoenzyme,class待定);GH(class)",0,no,70.83,Medium-quality,AF-A0A0E2Q2U3-F1,86.1,14,肽聚糖（推断）,0.115,革兰阳性,0.6221
NC_004303_52,lysin,Streptococcus,bacteria,Brussowvirus,Aliceevansviridae,282,9.30e-16,2,0,1,"CAZy(lytic_exoenzyme,class待定);GH(class)",0,no,78.64,Medium-quality,AF-A0A9X1BC64-F1,86.7,16,肽聚糖（推断）,0.178,革兰阳性,0.622
PV540240_22,lysin,Escherichia,bacteria,Unclassified,Unclassified,1296,1.60e-288,,,,none,0,no,100.0,Complete,,,,未知,0.28,其他革兰阴性/细菌,0.622
MH375594_23,lysin,Streptococcus,bacteria,Moineauvirus,Aliceevansviridae,282,2.50e-17,2,0,1,"CAZy(lytic_exoenzyme,class待定);GH(class)",0,no,68.92,Medium-quality,AF-A0A2X3UWW3-F1,86.8,18,肽聚糖（推断）,0.107,革兰阳性,0.6219
NC_070710_21,lysin,Streptococcus,bacteria,Moineauvirus,Aliceevansviridae,282,2.50e-17,2,0,1,"CAZy(lytic_exoenzyme,class待定);GH(class)",0,no,70.03,Medium-quality,AF-A0A0E2Q2U3-F1,86.1,14,肽聚糖（推断）,0.114,革兰阳性,0.6219
NC_070688_22,lysin,Streptococcus,bacteria,Moineauvirus,Aliceevansviridae,282,2.50e-17,2,0,1,"CAZy(lytic_exoenzyme,class待定);GH(class)",0,no,64.97,Medium-quality,AF-A0A0E2Q2U3-F1,86.1,14,肽聚糖（推断）,0.114,革兰阳性,0.6219
NC_070719_25,lysin,Streptococcus,bacteria,Moineauvirus,Aliceevansviridae,282,2.50e-17,2,0,1,"CAZy(lytic_exoenzyme,class待定);GH(class)",0,no,72.47,Medium-quality,AF-A0A0E2Q2U3-F1,86.1,14,肽聚糖（推断）,0.114,革兰阳性,0.6219
NC_023503_59,lysin,Streptococcus,bacteria,Brussowvirus,Aliceevansviridae,282,9.80e-20,2,0,1,"CAZy(lytic_exoenzyme,class待定);GH(class)",0,no,77.74,Medium-quality,AF-A0A2X3UWW3-F1,86.8,18,肽聚糖（推断）,0.0,革兰阳性,0.6219
OP125547_2,depolymerase,Klebsiella,bacteria,Citrovirus,Zobellviridae,791,2.20e-19,,,,none,0,yes,100.0,Complete,,,,未知,0.383,CRKP/PA/AB 临床重点菌,0.6218
ON212266_31,depolymerase,Enterobacter,bacteria,Kuttervirus,Ackermannviridae,999,2.00e-154,2,0,1,none,0,yes,92.65,High-quality,,,,未知,0.277,其他革兰阴性/细菌,0.6216
NC_070694_22,lysin,Streptococcus,bacteria,Moineauvirus,Aliceevansviridae,201,4.30e-17,2,0,1,"CAZy(lytic_exoenzyme,class待定);GH(class)",0,no,65.61,Medium-quality,AF-A0A2X3UWW3-F1,86.8,18,肽聚糖（推断）,0.115,革兰阳性,0.6216
NC_070720_23,lysin,Streptococcus,bacteria,Moineauvirus,Aliceevansviridae,201,4.30e-17,2,0,1,"CAZy(lytic_exoenzyme,class待定);GH(class)",0,no,62.79,Medium-quality,AF-A0A2X3UWW3-F1,86.8,18,肽聚糖（推断）,0.115,革兰阳性,0.6216
NC_071081_26,lysin,Streptococcus,bacteria,Brussowvirus,Aliceevansviridae,201,4.30e-17,2,0,1,"CAZy(lytic_exoenzyme,class待定);GH(class)",0,no,63.03,Medium-quality,AF-A0A2X3UWW3-F1,86.8,18,肽聚糖（推断）,0.115,革兰阳性,0.6216
MW258709_50,lysin,Kosakonia,bacteria,Kayfunavirus,Autotranscriptaviridae,1465,9.90e-281,,,,none,0,no,95.69,High-quality,,,,未知,0.276,其他革兰阴性/细菌,0.6214
NC_070700_23,lysin,Streptococcus,bacteria,Moineauvirus,Aliceevansviridae,282,2.50e-17,2,0,1,"CAZy(lytic_exoenzyme,class待定);GH(class)",0,no,65.43,Medium-quality,AF-A0A2X3UWW3-F1,86.8,18,肽聚糖（推断）,0.103,革兰阳性,0.6213
NC_070724_22,lysin,Streptococcus,bacteria,Moineauvirus,Aliceevansviridae,282,2.50e-17,2,0,1,"CAZy(lytic_exoenzyme,class待定);GH(class)",0,no,66.79,Medium-quality,AF-A0A2X3UWW3-F1,86.8,18,肽聚糖（推断）,0.103,革兰阳性,0.6213
PX283040_21,lysin,Streptococcus,bacteria,Unclassified,Unclassified,282,2.50e-17,2,0,1,"CAZy(lytic_exoenzyme,class待定);GH(class)",0,no,62.01,Medium-quality,AF-A0A0E2Q2U3-F1,86.1,14,肽聚糖（推断）,0.11,革兰阳性,0.6213
KU678391_21,lysin,Streptococcus,bacteria,Piorkowskivirus,Unclassified,201,2.50e-17,2,0,1,"CAZy(lytic_exoenzyme,class待定);GH(class)",0,no,65.88,Medium-quality,AF-A0A0E2Q2U3-F1,86.1,14,肽聚糖（推断）,0.11,革兰阳性,0.6213
NC_070678_22,lysin,Streptococcus,bacteria,Moineauvirus,Aliceevansviridae,201,4.30e-17,2,0,1,"CAZy(lytic_exoenzyme,class待定);GH(class)",0,no,69.05,Medium-quality,AF-A0A0E2Q2U3-F1,86.1,14,肽聚糖（推断）,0.12,革兰阳性,0.6213
PP869411_49,lysin,Enterobacter,bacteria,Unclassified,Unclassified,1297,2.50e-294,,,,none,0,no,100.0,Complete,,,,未知,0.275,其他革兰阴性/细菌,0.6212
PX138278.1_22,lysin,Streptococcus,bacteria,Moineauvirus,Aliceevansviridae,201,4.30e-17,2,0,1,"CAZy(lytic_exoenzyme,class待定);GH(class)",0,no,62.48,Medium-quality,AF-A0A2X3UWW3-F1,86.8,18,肽聚糖（推断）,0.111,革兰阳性,0.621
MH892381_22,lysin,Streptococcus,bacteria,Moineauvirus,Aliceevansviridae,282,2.50e-17,2,0,1,"CAZy(lytic_exoenzyme,class待定);GH(class)",0,no,69.31,Medium-quality,AF-A0A2X3UWW3-F1,86.8,18,肽聚糖（推断）,0.1,革兰阳性,0.6209
KU678392_22,lysin,Streptococcus,bacteria,Piorkowskivirus,Unclassified,201,2.50e-17,2,0,1,"CAZy(lytic_exoenzyme,class待定);GH(class)",0,no,65.55,Medium-quality,AF-A0A2X3UWW3-F1,86.8,18,肽聚糖（推断）,0.1,革兰阳性,0.6209
NC_070707_21,lysin,Streptococcus,bacteria,Moineauvirus,Aliceevansviridae,282,2.50e-17,2,0,1,"CAZy(lytic_exoenzyme,class待定);GH(class)",0,no,67.91,Medium-quality,AF-A0A0E2Q2U3-F1,86.1,14,肽聚糖（推断）,0.107,革兰阳性,0.6209
NC_070690_21,lysin,Streptococcus,bacteria,Moineauvirus,Aliceevansviridae,282,2.50e-17,2,0,1,"CAZy(lytic_exoenzyme,class待定);GH(class)",0,no,69.7,Medium-quality,AF-A0A0E2Q2U3-F1,86.1,14,肽聚糖（推断）,0.107,革兰阳性,0.6209
PX138288.1_22,lysin,Streptococcus,bacteria,Moineauvirus,Aliceevansviridae,282,2.50e-17,2,0,1,"CAZy(lytic_exoenzyme,class待定);GH(class)",0,no,92.48,High-quality,AF-A0A2X3UWW3-F1,86.8,18,肽聚糖（推断）,0.1,革兰阳性,0.6209
MH375596_21,lysin,Streptococcus,bacteria,Moineauvirus,Aliceevansviridae,201,4.30e-17,2,0,1,"CAZy(lytic_exoenzyme,class待定);GH(class)",0,no,80.99,Medium-quality,AF-A0A2X3UWW3-F1,86.8,18,肽聚糖（推断）,0.11,革兰阳性,0.6208
NC_071068_26,lysin,Streptococcus,bacteria,Brussowvirus,Aliceevansviridae,201,4.30e-17,2,0,1,"CAZy(lytic_exoenzyme,class待定);GH(class)",0,no,74.39,Medium-quality,AF-A0A2X3UWW3-F1,86.8,18,肽聚糖（推断）,0.11,革兰阳性,0.6208
NC_070670_22,lysin,Streptococcus,bacteria,Moineauvirus,Aliceevansviridae,201,2.50e-17,2,0,1,"CAZy(lytic_exoenzyme,class待定);GH(class)",0,no,67.84,Medium-quality,AF-A0A0E2Q2U3-F1,86.1,14,肽聚糖（推断）,0.105,革兰阳性,0.6206
NC_013598_24,lysin,Streptococcus,bacteria,Brussowvirus,Aliceevansviridae,201,2.50e-17,2,0,1,"CAZy(lytic_exoenzyme,class待定);GH(class)",0,no,64.41,Medium-quality,AF-A0A0E2Q2U3-F1,86.1,14,肽聚糖（推断）,0.105,革兰阳性,0.6206
KU678389_21,lysin,Streptococcus,bacteria,Piorkowskivirus,Unclassified,201,2.50e-17,2,0,1,"CAZy(lytic_exoenzyme,class待定);GH(class)",0,no,66.93,Medium-quality,AF-A0A0E2Q2U3-F1,86.1,14,肽聚糖（推断）,0.105,革兰阳性,0.6206
NC_070898_21,lysin,Streptococcus,bacteria,Piorkowskivirus,Unclassified,201,2.50e-17,2,0,1,"CAZy(lytic_exoenzyme,class待定);GH(class)",0,no,63.77,Medium-quality,AF-A0A0E2Q2U3-F1,86.1,14,肽聚糖（推断）,0.105,革兰阳性,0.6206
NC_048161_1,lysin,Cronobacter,bacteria,Kayfunavirus,Autotranscriptaviridae,1239,4.90e-299,,,,none,0,yes,100.0,Complete,,,,未知,0.271,其他革兰阴性/细菌,0.6206
PX138296.1_22,lysin,Streptococcus,bacteria,Moineauvirus,Aliceevansviridae,201,4.30e-17,2,0,1,"CAZy(lytic_exoenzyme,class待定);GH(class)",0,no,90.85,High-quality,AF-A0A0E2Q2U3-F1,86.1,14,肽聚糖（推断）,0.115,革兰阳性,0.6205
MN871453_72,depolymerase,Serratia,bacteria,Unclassified,Unclassified,756,7.50e-31,1,0,0,none,0,yes,99.25,High-quality,,,,未知,0.669,其他革兰阴性/细菌,0.6203
OL979479_38,depolymerase,Klebsiella,bacteria,Drulisvirus,Autoscriptoviridae,1267,9.50e-06,2,1,0,none,0,no,91.06,High-quality,AF-A0A193SCY5-F1,74.3,91,未知,0.469,CRKP/PA/AB 临床重点菌,0.6203
PX138271.1_21,lysin,Streptococcus,bacteria,Moineauvirus,Aliceevansviridae,282,2.50e-17,2,0,1,"CAZy(lytic_exoenzyme,class待定);GH(class)",0,no,67.33,Medium-quality,AF-A0A0E2Q2U3-F1,86.1,14,肽聚糖（推断）,0.103,革兰阳性,0.6203
NC_071071_26,lysin,Streptococcus,bacteria,Brussowvirus,Aliceevansviridae,282,2.50e-17,2,0,1,"CAZy(lytic_exoenzyme,class待定);GH(class)",0,no,67.92,Medium-quality,AF-A0A0E2Q2U3-F1,86.1,14,肽聚糖（推断）,0.103,革兰阳性,0.6203
KY705283_23,lysin,Streptococcus,bacteria,Moineauvirus,Aliceevansviridae,282,2.50e-17,2,0,1,"CAZy(lytic_exoenzyme,class待定);GH(class)",0,no,65.43,Medium-quality,AF-A0A2X3UWW3-F1,86.8,18,肽聚糖（推断）,0.096,革兰阳性,0.6203
PX138297.1_23,lysin,Streptococcus,bacteria,Moineauvirus,Aliceevansviridae,282,2.50e-17,2,0,1,"CAZy(lytic_exoenzyme,class待定);GH(class)",0,no,65.98,Medium-quality,AF-A0A0E2Q2U3-F1,86.1,14,肽聚糖（推断）,0.103,革兰阳性,0.6203
MH375600_21,lysin,Streptococcus,bacteria,Moineauvirus,Aliceevansviridae,282,2.50e-17,2,0,1,"CAZy(lytic_exoenzyme,class待定);GH(class)",0,no,66.83,Medium-quality,AF-A0A2X3UWW3-F1,86.8,18,肽聚糖（推断）,0.096,革兰阳性,0.6203
PV615263_54,lysin,Escherichia,bacteria,Kayfunavirus,Autotranscriptaviridae,677,2.40e-297,,,,none,0,no,93.44,High-quality,,,,未知,0.269,其他革兰阴性/细菌,0.6203
MZ223858_44,lysin,Enterobacter,bacteria,Kayfunavirus,Autotranscriptaviridae,1299,4.90e-299,,,,none,0,no,93.11,High-quality,,,,未知,0.268,其他革兰阴性/细菌,0.6202
KY705261_22,lysin,Streptococcus,bacteria,Moineauvirus,Aliceevansviridae,201,2.50e-17,2,0,1,"CAZy(lytic_exoenzyme,class待定);GH(class)",0,no,62.15,Medium-quality,AF-A0A2X3UWW3-F1,86.8,18,肽聚糖（推断）,0.095,革兰阳性,0.6201
KY705282_22,lysin,Streptococcus,bacteria,Moineauvirus,Aliceevansviridae,201,4.30e-17,2,0,1,"CAZy(lytic_exoenzyme,class待定);GH(class)",0,no,64.13,Medium-quality,AF-A0A2X3UWW3-F1,86.8,18,肽聚糖（推断）,0.105,革兰阳性,0.6201
MH375595_23,lysin,Streptococcus,bacteria,Moineauvirus,Aliceevansviridae,201,4.30e-17,2,0,1,"CAZy(lytic_exoenzyme,class待定);GH(class)",0,no,69.09,Medium-quality,AF-A0A2X3UWW3-F1,86.8,18,肽聚糖（推断）,0.105,革兰阳性,0.6201
PX283046_22,lysin,Streptococcus,bacteria,Unclassified,Unclassified,282,2.50e-17,2,0,1,"CAZy(lytic_exoenzyme,class待定);GH(class)",0,no,65.44,Medium-quality,AF-A0A0E2Q2U3-F1,86.1,14,肽聚糖（推断）,0.1,革兰阳性,0.6198
NC_071053_21,lysin,Streptococcus,bacteria,Vansinderenvirus,Aliceevansviridae,201,2.50e-17,2,0,1,"CAZy(lytic_exoenzyme,class待定);GH(class)",0,no,65.01,Medium-quality,AF-A0A0E2Q2U3-F1,86.1,14,肽聚糖（推断）,0.1,革兰阳性,0.6198
NC_070706_24,lysin,Streptococcus,bacteria,Moineauvirus,Aliceevansviridae,282,2.50e-17,2,0,1,"CAZy(lytic_exoenzyme,class待定);GH(class)",0,no,65.69,Medium-quality,AF-A0A0E2Q2U3-F1,86.1,14,肽聚糖（推断）,0.1,革兰阳性,0.6198
NC_070703_24,lysin,Streptococcus,bacteria,Moineauvirus,Aliceevansviridae,282,2.50e-17,2,0,1,"CAZy(lytic_exoenzyme,class待定);GH(class)",0,no,65.64,Medium-quality,AF-A0A0E2Q2U3-F1,86.1,14,肽聚糖（推断）,0.1,革兰阳性,0.6198
PX283051_25,lysin,Streptococcus,bacteria,Unclassified,Unclassified,282,2.50e-17,2,0,1,"CAZy(lytic_exoenzyme,class待定);GH(class)",0,no,61.36,Medium-quality,AF-A0A0E2Q2U3-F1,86.1,14,肽聚糖（推断）,0.1,革兰阳性,0.6198
NC_070899_21,lysin,Streptococcus,bacteria,Piorkowskivirus,Unclassified,282,4.30e-17,2,0,1,"CAZy(lytic_exoenzyme,class待定);GH(class)",0,no,64.77,Medium-quality,AF-A0A2X3UWW3-F1,86.8,18,肽聚糖（推断）,0.103,革兰阳性,0.6198
NC_047842_43,depolymerase,Klebsiella,bacteria,Przondovirus,Autotranscriptaviridae,557,1.10e-27,0,1,1,none,0,no,100.0,Complete,,,,未知,0.0,CRKP/PA/AB 临床重点菌,0.6197
PP889494_53,depolymerase,Klebsiella,bacteria,Unclassified,Unclassified,1267,9.50e-06,2,1,0,none,1,no,96.29,High-quality,AF-A0A193SCY5-F1,74.3,91,未知,0.464,CRKP/PA/AB 临床重点菌,0.6195
OP869850_52,lysin,Lacticaseibacillus,bacteria,Pleetrevirus,Unclassified,374,1.40e-21,1,0,1,GH25,0,yes,67.66,Medium-quality,AF-A0AB33XSY3-F1,90.3,13,肽聚糖（推断）,0.0,革兰阳性,0.6195
MZ090946_22,lysin,Streptococcus,bacteria,Moineauvirus,Aliceevansviridae,201,2.50e-17,2,0,1,"CAZy(lytic_exoenzyme,class待定);GH(class)",0,no,71.5,Medium-quality,AF-A0A2X3UWW3-F1,86.8,18,肽聚糖（推断）,0.09,革兰阳性,0.6194
NC_071085_26,lysin,Streptococcus,bacteria,Brussowvirus,Aliceevansviridae,201,4.30e-17,2,0,1,"CAZy(lytic_exoenzyme,class待定);GH(class)",0,no,61.35,Medium-quality,AF-A0A2X3UWW3-F1,86.8,18,肽聚糖（推断）,0.1,革兰阳性,0.6193
NC_070722_23,lysin,Streptococcus,bacteria,Moineauvirus,Aliceevansviridae,201,4.30e-17,2,0,1,"CAZy(lytic_exoenzyme,class待定);GH(class)",0,no,61.7,Medium-quality,AF-A0A2X3UWW3-F1,86.8,18,肽聚糖（推断）,0.1,革兰阳性,0.6193
MH375598_24,lysin,Streptococcus,bacteria,Moineauvirus,Aliceevansviridae,282,2.50e-17,2,0,1,"CAZy(lytic_exoenzyme,class待定);GH(class)",0,no,69.22,Medium-quality,AF-A0A0E2Q2U3-F1,86.1,14,肽聚糖（推断）,0.096,革兰阳性,0.6192
NC_070666_22,lysin,Streptococcus,bacteria,Moineauvirus,Aliceevansviridae,282,2.50e-17,2,0,1,"CAZy(lytic_exoenzyme,class待定);GH(class)",0,no,69.74,Medium-quality,AF-A0A0E2Q2U3-F1,86.1,14,肽聚糖（推断）,0.096,革兰阳性,0.6192
MH892378_23,lysin,Streptococcus,bacteria,Moineauvirus,Aliceevansviridae,282,2.50e-17,2,0,1,"CAZy(lytic_exoenzyme,class待定);GH(class)",0,no,69.8,Medium-quality,AF-A0A0E2Q2U3-F1,86.1,14,肽聚糖（推断）,0.096,革兰阳性,0.6192
PX138269.1_22,lysin,Streptococcus,bacteria,Moineauvirus,Aliceevansviridae,282,2.50e-17,2,0,1,"CAZy(lytic_exoenzyme,class待定);GH(class)",0,no,61.67,Medium-quality,AF-A0A0E2Q2U3-F1,86.1,14,肽聚糖（推断）,0.096,革兰阳性,0.6192
NC_070662_21,lysin,Streptococcus,bacteria,Moineauvirus,Aliceevansviridae,282,2.50e-17,2,0,1,"CAZy(lytic_exoenzyme,class待定);GH(class)",0,no,65.92,Medium-quality,AF-A0A2X3UWW3-F1,86.8,18,肽聚糖（推断）,0.089,革兰阳性,0.6192
NC_002072_23,lysin,Streptococcus,bacteria,Moineauvirus,Aliceevansviridae,201,2.50e-17,2,0,1,"CAZy(lytic_exoenzyme,class待定);GH(class)",0,no,69.09,Medium-quality,AF-A0A0E2Q2U3-F1,86.1,14,肽聚糖（推断）,0.095,革兰阳性,0.6191
NC_070685_21,lysin,Streptococcus,bacteria,Moineauvirus,Aliceevansviridae,201,2.50e-17,2,0,1,"CAZy(lytic_exoenzyme,class待定);GH(class)",0,no,60.78,Medium-quality,AF-A0A0E2Q2U3-F1,86.1,14,肽聚糖（推断）,0.095,革兰阳性,0.6191
NC_007055_27,lysin,Staphylococcus,bacteria,Phietavirus,Unclassified,482,1.30e-78,3,1,2,none,0,no,89.84,Medium-quality,AF-A0A517KMF6-F1,85.4,25,未知,0.173,革兰阳性,0.619
NC_071051_21,lysin,Streptococcus,bacteria,Vansinderenvirus,Aliceevansviridae,201,4.30e-17,2,0,1,"CAZy(lytic_exoenzyme,class待定);GH(class)",0,no,66.79,Medium-quality,AF-A0A0E2Q2U3-F1,86.1,14,肽聚糖（推断）,0.105,革兰阳性,0.619
OM457002_30,lysin,Enterobacter,bacteria,Kayfunavirus,Autotranscriptaviridae,1299,4.90e-299,,,,none,0,no,93.63,High-quality,,,,未知,0.26,其他革兰阴性/细菌,0.619
NC_049502_5,depolymerase,Salmonella,bacteria,Kuttervirus,Ackermannviridae,948,3.10e-140,0,0,1,none,0,no,94.54,High-quality,,,,未知,0.259,其他革兰阴性/细菌,0.6189
PX131137.1_72,depolymerase,Acinetobacter,bacteria,Unclassified,Unclassified,778,4.60e-18,1,0,0,none,0,yes,74.14,Medium-quality,,,,未知,0.289,CRKP/PA/AB 临床重点菌,0.6189
MK903277_41,lysin,Escherichia,bacteria,Kayfunavirus,Autotranscriptaviridae,1299,7.90e-298,,,,none,0,no,92.55,High-quality,,,,未知,0.259,其他革兰阴性/细菌,0.6189
NC_031943_48,lysin,Escherichia,bacteria,Kayfunavirus,Autotranscriptaviridae,1296,4.90e-299,,,,none,0,no,94.83,High-quality,,,,未知,0.259,其他革兰阴性/细菌,0.6189
PX138286.1_21,lysin,Streptococcus,bacteria,Moineauvirus,Aliceevansviridae,282,2.50e-17,2,0,1,"CAZy(lytic_exoenzyme,class待定);GH(class)",0,no,69.72,Medium-quality,AF-A0A0E2Q2U3-F1,86.1,14,肽聚糖（推断）,0.093,革兰阳性,0.6188
NC_070723_22,lysin,Streptococcus,bacteria,Moineauvirus,Aliceevansviridae,282,2.50e-17,2,0,1,"CAZy(lytic_exoenzyme,class待定);GH(class)",0,no,68.43,Medium-quality,AF-A0A0E2Q2U3-F1,86.1,14,肽聚糖（推断）,0.093,革兰阳性,0.6188
MH892372_21,lysin,Streptococcus,bacteria,Piorkowskivirus,Unclassified,282,2.50e-17,2,0,1,"CAZy(lytic_exoenzyme,class待定);GH(class)",0,no,62.8,Medium-quality,AF-A0A0E2Q2U3-F1,86.1,14,肽聚糖（推断）,0.093,革兰阳性,0.6188
PX138280.1_22,lysin,Streptococcus,bacteria,Vansinderenvirus,Aliceevansviridae,282,2.50e-17,2,0,1,"CAZy(lytic_exoenzyme,class待定);GH(class)",0,no,64.62,Medium-quality,AF-A0A0E2Q2U3-F1,86.1,14,肽聚糖（推断）,0.093,革兰阳性,0.6188
NC_070687_23,lysin,Streptococcus,bacteria,Moineauvirus,Aliceevansviridae,282,2.50e-17,2,0,1,"CAZy(lytic_exoenzyme,class待定);GH(class)",0,no,73.12,Medium-quality,AF-A0A0E2Q2U3-F1,86.1,14,肽聚糖（推断）,0.093,革兰阳性,0.6188
MH892359_22,lysin,Streptococcus,bacteria,Moineauvirus,Aliceevansviridae,282,2.50e-17,2,0,1,"CAZy(lytic_exoenzyme,class待定);GH(class)",0,no,65.21,Medium-quality,AF-A0A0E2Q2U3-F1,86.1,14,肽聚糖（推断）,0.093,革兰阳性,0.6188
NC_070712_22,lysin,Streptococcus,bacteria,Moineauvirus,Aliceevansviridae,282,2.50e-17,2,0,1,"CAZy(lytic_exoenzyme,class待定);GH(class)",0,no,71.04,Medium-quality,AF-A0A0E2Q2U3-F1,86.1,14,肽聚糖（推断）,0.093,革兰阳性,0.6188
NC_070681_21,lysin,Streptococcus,bacteria,Moineauvirus,Aliceevansviridae,282,2.50e-17,2,0,1,"CAZy(lytic_exoenzyme,class待定);GH(class)",0,no,70.51,Medium-quality,AF-A0A0E2Q2U3-F1,86.1,14,肽聚糖（推断）,0.093,革兰阳性,0.6188
PQ336901_8,lysin,Salmonella,bacteria,Kayfunavirus,Autotranscriptaviridae,1296,2.40e-297,,,,none,0,no,100.0,Complete,,,,未知,0.258,其他革兰阴性/细菌,0.6187
NC_047857_46,depolymerase,Klebsiella,bacteria,Drulisvirus,Autoscriptoviridae,947,5.60e-12,2,0,1,none,3,no,94.55,High-quality,,,,未知,0.423,CRKP/PA/AB 临床重点菌,0.6185
OQ884026_46,depolymerase,Klebsiella,bacteria,Drulisvirus,Autoscriptoviridae,947,5.60e-12,2,0,1,none,2,no,92.81,High-quality,,,,未知,0.423,CRKP/PA/AB 临床重点菌,0.6185
NC_048071_43,lysin,Escherichia,bacteria,Kayfunavirus,Autotranscriptaviridae,1297,7.90e-298,,,,none,0,no,100.0,Complete,,,,未知,0.257,其他革兰阴性/细菌,0.6185
PQ227829_1,lysin,Enterobacter,bacteria,Kayfunavirus,Autotranscriptaviridae,1189,4.90e-299,,,,none,0,no,100.0,Complete,,,,未知,0.257,其他革兰阴性/细菌,0.6185
PX759569.1_40,lysin,Salmonella,bacteria,Unclassified,Unclassified,1299,4.90e-299,,,,none,0,no,100.0,Complete,,,,未知,0.257,其他革兰阴性/细菌,0.6185
NC_023558_40,lysin,Cronobacter,bacteria,Kayfunavirus,Autotranscriptaviridae,1299,4.90e-299,,,,none,0,no,91.53,High-quality,,,,未知,0.257,其他革兰阴性/细菌,0.6185
MN067430_43,lysin,Escherichia,bacteria,Kayfunavirus,Autotranscriptaviridae,1299,7.90e-298,,,,none,0,no,100.0,Complete,,,,未知,0.256,其他革兰阴性/细菌,0.6184
ON528733_3,lysin,Shigella,bacteria,Kayfunavirus,Autotranscriptaviridae,1299,4.90e-299,,,,none,0,no,94.39,High-quality,,,,未知,0.256,其他革兰阴性/细菌,0.6184
PX283056_26,lysin,Streptococcus,bacteria,Unclassified,Unclassified,201,4.30e-17,2,0,1,"CAZy(lytic_exoenzyme,class待定);GH(class)",0,no,74.19,Medium-quality,AF-A0A0E2Q2U3-F1,86.1,14,肽聚糖（推断）,0.1,革兰阳性,0.6183
NC_070709_23,lysin,Streptococcus,bacteria,Moineauvirus,Aliceevansviridae,201,4.30e-17,2,0,1,"CAZy(lytic_exoenzyme,class待定);GH(class)",0,no,70.05,Medium-quality,AF-A0A0E2Q2U3-F1,86.1,14,肽聚糖（推断）,0.1,革兰阳性,0.6183
OL362279_46,depolymerase,Klebsiella,bacteria,Drulisvirus,Autoscriptoviridae,947,5.60e-12,2,0,1,none,2,no,92.03,High-quality,,,,未知,0.421,CRKP/PA/AB 临床重点菌,0.6182
MW748991_42,lysin,Enterobacter,bacteria,Kayfunavirus,Autotranscriptaviridae,1299,7.90e-298,,,,none,0,no,94.09,High-quality,,,,未知,0.255,其他革兰阴性/细菌,0.6182
MH892356_22,lysin,Streptococcus,bacteria,Moineauvirus,Aliceevansviridae,282,2.50e-17,2,0,1,"CAZy(lytic_exoenzyme,class待定);GH(class)",0,no,69.04,Medium-quality,AF-A0A0E2Q2U3-F1,86.1,14,肽聚糖（推断）,0.089,革兰阳性,0.6182
PX283055_21,lysin,Streptococcus,bacteria,Unclassified,Unclassified,282,2.50e-17,2,0,1,"CAZy(lytic_exoenzyme,class待定);GH(class)",0,no,70.32,Medium-quality,AF-A0A0E2Q2U3-F1,86.1,14,肽聚糖（推断）,0.089,革兰阳性,0.6182
PX138293.1_24,lysin,Streptococcus,bacteria,Moineauvirus,Aliceevansviridae,282,2.50e-17,2,0,1,"CAZy(lytic_exoenzyme,class待定);GH(class)",0,no,68.28,Medium-quality,AF-A0A0E2Q2U3-F1,86.1,14,肽聚糖（推断）,0.089,革兰阳性,0.6182
KU687351_41,lysin,Citrobacter,bacteria,Kayfunavirus,Autotranscriptaviridae,1299,4.90e-299,,,,none,0,no,100.0,Complete,,,,未知,0.255,其他革兰阴性/细菌,0.6182
NC_031018_41,lysin,Citrobacter,bacteria,Kayfunavirus,Autotranscriptaviridae,1299,4.90e-299,,,,none,0,no,100.0,Complete,,,,未知,0.255,其他革兰阴性/细菌,0.6182
OQ031073_8,lysin,Shigella,bacteria,Kayfunavirus,Autotranscriptaviridae,1299,4.90e-299,,,,none,0,no,91.99,High-quality,,,,未知,0.255,其他革兰阴性/细菌,0.6182
OQ031076_8,lysin,Shigella,bacteria,Kayfunavirus,Autotranscriptaviridae,1299,7.40e-296,,,,none,0,no,92.62,High-quality,,,,未知,0.254,其他革兰阴性/细菌,0.6181
PQ411323_6,lysin,Enterobacter,bacteria,Kayfunavirus,Autotranscriptaviridae,1301,4.90e-299,,,,none,0,no,94.31,High-quality,,,,未知,0.254,其他革兰阴性/细菌,0.6181
ON755175_46,depolymerase,Klebsiella,bacteria,Drulisvirus,Autoscriptoviridae,947,5.60e-12,2,0,1,none,2,no,93.05,High-quality,,,,未知,0.419,CRKP/PA/AB 临床重点菌,0.6179
OL362278_46,depolymerase,Klebsiella,bacteria,Drulisvirus,Autoscriptoviridae,947,5.60e-12,2,0,1,none,2,no,96.25,High-quality,,,,未知,0.419,CRKP/PA/AB 临床重点菌,0.6179
NC_070698_23,lysin,Streptococcus,bacteria,Moineauvirus,Aliceevansviridae,201,2.50e-17,2,0,1,"CAZy(lytic_exoenzyme,class待定);GH(class)",0,no,67.26,Medium-quality,AF-A0A2X3UWW3-F1,86.8,18,肽聚糖（推断）,0.08,革兰阳性,0.6179
PZ099261.1_24,lysin,Shigella,bacteria,Unclassified,Autotranscriptaviridae,1296,7.40e-296,,,,none,0,no,100.0,Complete,,,,未知,0.253,其他革兰阴性/细菌,0.6179
PQ122694_43,lysin,Enterobacter,bacteria,Teseptimavirus,Autotranscriptaviridae,1299,4.90e-299,,,,none,0,no,92.78,High-quality,,,,未知,0.253,其他革兰阴性/细菌,0.6179
PX787854.1_45,lysin,Enterobacter,bacteria,Unclassified,Unclassified,1299,4.90e-299,,,,none,0,no,93.93,High-quality,,,,未知,0.253,其他革兰阴性/细菌,0.6179
NC_048136_42,lysin,Escherichia,bacteria,Kayfunavirus,Autotranscriptaviridae,1299,1.10e-297,,,,none,0,no,100.0,Complete,,,,未知,0.252,其他革兰阴性/细菌,0.6178
ON637250_42,lysin,Escherichia,bacteria,Kayfunavirus,Autotranscriptaviridae,1296,1.70e-295,,,,none,0,no,91.87,High-quality,,,,未知,0.252,其他革兰阴性/细菌,0.6178
PX283057_24,lysin,Streptococcus,bacteria,Unclassified,Unclassified,201,4.30e-17,2,0,1,"CAZy(lytic_exoenzyme,class待定);GH(class)",0,no,72.78,Medium-quality,AF-A0A2X3UWW3-F1,86.8,18,肽聚糖（推断）,0.09,革兰阳性,0.6178
NC_070668_22,lysin,Streptococcus,bacteria,Moineauvirus,Aliceevansviridae,201,4.30e-17,2,0,1,"CAZy(lytic_exoenzyme,class待定);GH(class)",0,no,65.22,Medium-quality,AF-A0A2X3UWW3-F1,86.8,18,肽聚糖（推断）,0.09,革兰阳性,0.6178
OQ031074_7,lysin,Shigella,bacteria,Kayfunavirus,Autotranscriptaviridae,1299,4.90e-299,,,,none,0,no,91.61,High-quality,,,,未知,0.251,其他革兰阴性/细菌,0.6177
PQ336907_48,lysin,Salmonella,bacteria,Kayfunavirus,Autotranscriptaviridae,1296,2.40e-297,,,,none,0,no,100.0,Complete,,,,未知,0.251,其他革兰阴性/细菌,0.6177
MW344056_126,holin,Vibrio,bacteria,Thalassavirus,Demerecviridae,224,4.10e-13,1,0,0,none,2,yes,100.0,Complete,,,,膜成孔（内溶素协同，推断）,1.0,其他革兰阴性/细菌,0.6176
PQ768830_125,holin,Vibrio,bacteria,Unclassified,Unclassified,224,4.10e-13,1,0,0,none,2,yes,100.0,Complete,,,,膜成孔（内溶素协同，推断）,1.0,其他革兰阴性/细菌,0.6176
PQ768828_124,holin,Vibrio,bacteria,Unclassified,Unclassified,224,4.10e-13,1,0,0,none,2,yes,100.0,Complete,,,,膜成孔（内溶素协同，推断）,1.0,其他革兰阴性/细菌,0.6176
PX283045_23,lysin,Streptococcus,bacteria,Unclassified,Unclassified,282,2.50e-17,2,0,1,"CAZy(lytic_exoenzyme,class待定);GH(class)",0,no,63.55,Medium-quality,AF-A0A0E2Q2U3-F1,86.1,14,肽聚糖（推断）,0.085,革兰阳性,0.6176
PX138300.1_21,lysin,Streptococcus,bacteria,Moineauvirus,Aliceevansviridae,282,2.50e-17,2,0,1,"CAZy(lytic_exoenzyme,class待定);GH(class)",0,no,67.93,Medium-quality,AF-A0A0E2Q2U3-F1,86.1,14,肽聚糖（推断）,0.085,革兰阳性,0.6176
NC_071063_27,lysin,Streptococcus,bacteria,Brussowvirus,Aliceevansviridae,282,2.50e-17,2,0,1,"CAZy(lytic_exoenzyme,class待定);GH(class)",0,no,65.35,Medium-quality,AF-A0A0E2Q2U3-F1,86.1,14,肽聚糖（推断）,0.085,革兰阳性,0.6176
NC_070692_22,lysin,Streptococcus,bacteria,Moineauvirus,Aliceevansviridae,282,2.50e-17,2,0,1,"CAZy(lytic_exoenzyme,class待定);GH(class)",0,no,68.06,Medium-quality,AF-A0A0E2Q2U3-F1,86.1,14,肽聚糖（推断）,0.085,革兰阳性,0.6176
OR594184_43,lysin,Escherichia,bacteria,Kayfunavirus,Autotranscriptaviridae,1296,1.10e-296,,,,none,0,no,92.58,High-quality,,,,未知,0.25,其他革兰阴性/细菌,0.6175
OL362276_44,lysin,Escherichia,bacteria,Kayfunavirus,Autotranscriptaviridae,1296,1.10e-295,,,,none,0,no,93.08,High-quality,,,,未知,0.25,其他革兰阴性/细菌,0.6175
NC_071074_25,lysin,Streptococcus,bacteria,Brussowvirus,Aliceevansviridae,201,4.30e-17,2,0,1,"CAZy(lytic_exoenzyme,class待定);GH(class)",0,no,64.01,Medium-quality,AF-A0A0E2Q2U3-F1,86.1,14,肽聚糖（推断）,0.095,革兰阳性,0.6175
NC_048025_15,lysin,Shigella,bacteria,Kayfunavirus,Autotranscriptaviridae,1299,4.90e-299,,,,none,0,no,94.44,High-quality,,,,未知,0.25,其他革兰阴性/细菌,0.6175
MW345254_11,lysin,Cronobacter,bacteria,Kayfunavirus,Autotranscriptaviridae,1296,2.40e-297,,,,none,0,no,100.0,Complete,,,,未知,0.25,其他革兰阴性/细菌,0.6175
OL362275_45,lysin,Escherichia,bacteria,Kayfunavirus,Autotranscriptaviridae,1296,2.40e-297,,,,none,0,no,92.06,High-quality,,,,未知,0.25,其他革兰阴性/细菌,0.6175
PV714130_42,lysin,Escherichia,bacteria,Unclassified,Unclassified,1299,6.70e-293,,,,none,0,no,95.01,High-quality,,,,未知,0.249,其他革兰阴性/细菌,0.6173
MZ234009_1,lysin,Escherichia,bacteria,Kayfunavirus,Autotranscriptaviridae,1101,2.40e-297,,,,none,0,yes,92.03,High-quality,,,,未知,0.249,其他革兰阴性/细菌,0.6173
MZ234024_1,lysin,Escherichia,bacteria,Kayfunavirus,Autotranscriptaviridae,1101,2.40e-297,,,,none,0,yes,92.49,High-quality,,,,未知,0.249,其他革兰阴性/细菌,0.6173
MN414250_44,lysin,Escherichia,bacteria,Kayfunavirus,Autotranscriptaviridae,1296,2.40e-297,,,,none,0,no,100.0,Complete,,,,未知,0.249,其他革兰阴性/细菌,0.6173
MZ311861_39,lysin,Escherichia,bacteria,Kayfunavirus,Autotranscriptaviridae,1296,2.40e-297,,,,none,0,no,100.0,Complete,,,,未知,0.249,其他革兰阴性/细菌,0.6173
PP541512_5,lysin,Escherichia,bacteria,Unclassified,Unclassified,1296,2.40e-297,,,,none,0,no,100.0,Complete,,,,未知,0.249,其他革兰阴性/细菌,0.6173
NC_048023_46,lysin,Escherichia,bacteria,Kayfunavirus,Autotranscriptaviridae,1296,2.90e-297,,,,none,0,no,100.0,Complete,,,,未知,0.249,其他革兰阴性/细菌,0.6173
OQ870567_2,lysin,Escherichia,bacteria,Kayfunavirus,Autotranscriptaviridae,1296,1.50e-296,,,,none,0,no,100.0,Complete,,,,未知,0.248,其他革兰阴性/细菌,0.6172
NC_070653_21,lysin,Streptococcus,bacteria,Moineauvirus,Aliceevansviridae,282,2.50e-17,2,0,1,"CAZy(lytic_exoenzyme,class待定);GH(class)",0,no,74.5,Medium-quality,AF-A0A0E2Q2U3-F1,86.1,14,肽聚糖（推断）,0.082,革兰阳性,0.6171
PX138275.1_21,lysin,Streptococcus,bacteria,Moineauvirus,Aliceevansviridae,282,2.50e-17,2,0,1,"CAZy(lytic_exoenzyme,class待定);GH(class)",0,no,64.06,Medium-quality,AF-A0A0E2Q2U3-F1,86.1,14,肽聚糖（推断）,0.082,革兰阳性,0.6171
NC_071084_27,lysin,Streptococcus,bacteria,Brussowvirus,Aliceevansviridae,282,2.50e-17,2,0,1,"CAZy(lytic_exoenzyme,class待定);GH(class)",0,no,64.53,Medium-quality,AF-A0A0E2Q2U3-F1,86.1,14,肽聚糖（推断）,0.082,革兰阳性,0.6171
NC_070717_25,lysin,Streptococcus,bacteria,Moineauvirus,Aliceevansviridae,282,2.50e-17,2,0,1,"CAZy(lytic_exoenzyme,class待定);GH(class)",0,no,74.11,Medium-quality,AF-A0A0E2Q2U3-F1,86.1,14,肽聚糖（推断）,0.082,革兰阳性,0.6171
NC_070699_21,lysin,Streptococcus,bacteria,Moineauvirus,Aliceevansviridae,201,4.30e-17,2,0,1,"CAZy(lytic_exoenzyme,class待定);GH(class)",0,no,69.48,Medium-quality,AF-A0A2X3UWW3-F1,86.8,18,肽聚糖（推断）,0.085,革兰阳性,0.6171
NC_070667_21,lysin,Streptococcus,bacteria,Moineauvirus,Aliceevansviridae,282,4.30e-17,2,0,1,"CAZy(lytic_exoenzyme,class待定);GH(class)",0,no,71.14,Medium-quality,AF-A0A2X3UWW3-F1,86.8,18,肽聚糖（推断）,0.085,革兰阳性,0.6171
PQ585404_6,lysin,Escherichia,bacteria,Unclassified,Unclassified,1299,6.10e-293,,,,none,0,no,56.13,Medium-quality,,,,未知,0.247,其他革兰阴性/细菌,0.617
OQ860968_49,lysin,Salmonella,bacteria,Kayfunavirus,Autotranscriptaviridae,1296,7.90e-298,,,,none,0,no,100.0,Complete,,,,未知,0.247,其他革兰阴性/细菌,0.617
OQ860985_2,lysin,Salmonella,bacteria,Kayfunavirus,Autotranscriptaviridae,1296,7.90e-298,,,,none,0,no,100.0,Complete,,,,未知,0.247,其他革兰阴性/细菌,0.617
OQ860984_3,lysin,Salmonella,bacteria,Kayfunavirus,Autotranscriptaviridae,1296,7.90e-298,,,,none,0,no,100.0,Complete,,,,未知,0.247,其他革兰阴性/细菌,0.617
NC_070680_22,lysin,Streptococcus,bacteria,Moineauvirus,Aliceevansviridae,282,2.50e-17,2,0,1,"CAZy(lytic_exoenzyme,class待定);GH(class)",0,no,58.6,Medium-quality,AF-A0A3G6JJY4-F1,83.2,16,肽聚糖（推断）,0.11,革兰阳性,0.617
NC_019529_83,holin,Vibrio,bacteria,Vipunavirus,Demerecviridae,224,5.20e-13,1,0,0,none,2,yes,83.17,Medium-quality,,,,膜成孔（内溶素协同，推断）,1.0,其他革兰阴性/细菌,0.6169
PQ768829_125,holin,Vibrio,bacteria,Unclassified,Unclassified,224,5.20e-13,1,0,0,none,2,yes,100.0,Complete,,,,膜成孔（内溶素协同，推断）,1.0,其他革兰阴性/细菌,0.6169
NC_042094_125,holin,Vibrio,bacteria,Cetovirus,Demerecviridae,224,5.20e-13,1,0,0,none,2,yes,100.0,Complete,,,,膜成孔（内溶素协同，推断）,1.0,其他革兰阴性/细菌,0.6169
LC811684_65,holin,Vibrio,bacteria,Unclassified,Unclassified,224,5.20e-13,1,0,0,none,2,yes,100.0,Complete,,,,膜成孔（内溶素协同，推断）,1.0,其他革兰阴性/细菌,0.6169
OQ095917_124,holin,Vibrio,bacteria,Thalassavirus,Demerecviridae,224,5.20e-13,1,0,0,none,2,yes,100.0,Complete,,,,膜成孔（内溶素协同，推断）,1.0,其他革兰阴性/细菌,0.6169
PV833354_38,lysin,Escherichia,bacteria,Unclassified,Unclassified,1296,7.50e-297,,,,none,0,no,92.36,High-quality,,,,未知,0.246,其他革兰阴性/细菌,0.6169
MK903281_40,lysin,Escherichia,bacteria,Kayfunavirus,Autotranscriptaviridae,1297,4.90e-299,,,,none,0,no,91.81,High-quality,,,,未知,0.246,其他革兰阴性/细菌,0.6169
PQ593108_8,lysin,Escherichia,bacteria,Kayfunavirus,Autotranscriptaviridae,1299,4.90e-299,,,,none,0,no,100.0,Complete,,,,未知,0.246,其他革兰阴性/细菌,0.6169
OQ860987_37,lysin,Salmonella,bacteria,Kayfunavirus,Autotranscriptaviridae,1296,1.00e-291,,,,none,0,no,100.0,Complete,,,,未知,0.245,其他革兰阴性/细菌,0.6168
NC_019542_43,lysin,Pectobacterium,bacteria,Axomammavirus,Autosignataviridae,992,6.20e-155,0,0,1,none,0,no,92.67,High-quality,,,,未知,0.645,其他革兰阴性/细菌,0.6168
NC_047927_38,lysin,Escherichia,bacteria,Kayfunavirus,Autotranscriptaviridae,1296,4.90e-299,,,,none,0,no,91.05,High-quality,,,,未知,0.245,其他革兰阴性/细菌,0.6168
NC_022776_48,lysin,Streptococcus,bacteria,Brussowvirus,Aliceevansviridae,282,4.30e-16,2,0,1,"CAZy(lytic_exoenzyme,class待定);GH(class)",0,yes,76.25,Medium-quality,AF-A0A2X3UWW3-F1,86.8,18,肽聚糖（推断）,0.128,革兰阳性,0.6168
NC_070676_22,lysin,Streptococcus,bacteria,Moineauvirus,Aliceevansviridae,282,4.30e-17,2,0,1,"CAZy(lytic_exoenzyme,class待定);GH(class)",0,no,71.1,Medium-quality,AF-A0A2X3UWW3-F1,86.8,18,肽聚糖（推断）,0.082,革兰阳性,0.6166
MT808983_45,lysin,Escherichia,bacteria,Kayfunavirus,Autotranscriptaviridae,1296,2.40e-297,,,,none,0,no,100.0,Complete,,,,未知,0.244,其他革兰阴性/细菌,0.6166
PQ179042_46,lysin,Escherichia,bacteria,Kayfunavirus,Autotranscriptaviridae,1296,2.40e-297,,,,none,0,no,94.66,High-quality,,,,未知,0.244,其他革兰阴性/细菌,0.6166
PX138264.1_21,lysin,Streptococcus,bacteria,Moineauvirus,Aliceevansviridae,282,2.50e-17,2,0,1,"CAZy(lytic_exoenzyme,class待定);GH(class)",0,no,67.82,Medium-quality,AF-A0A0E2Q2U3-F1,86.1,14,肽聚糖（推断）,0.078,革兰阳性,0.6165
PX283047_26,lysin,Streptococcus,bacteria,Unclassified,Unclassified,282,2.50e-17,2,0,1,"CAZy(lytic_exoenzyme,class待定);GH(class)",0,no,72.69,Medium-quality,AF-A0A0E2Q2U3-F1,86.1,14,肽聚糖（推断）,0.078,革兰阳性,0.6165
MH937489_22,lysin,Streptococcus,bacteria,Moineauvirus,Aliceevansviridae,282,2.50e-17,2,0,1,"CAZy(lytic_exoenzyme,class待定);GH(class)",0,no,63.23,Medium-quality,AF-A0A3G6JJY4-F1,83.2,16,肽聚糖（推断）,0.107,革兰阳性,0.6165
MF580761_22,lysin,Streptococcus,bacteria,Moineauvirus,Aliceevansviridae,282,2.50e-17,2,0,1,"CAZy(lytic_exoenzyme,class待定);GH(class)",0,no,69.79,Medium-quality,AF-A0A3G6JJY4-F1,83.2,16,肽聚糖（推断）,0.107,革兰阳性,0.6165
OQ860983_42,lysin,Salmonella,bacteria,Kayfunavirus,Autotranscriptaviridae,1296,2.70e-294,,,,none,0,no,100.0,Complete,,,,未知,0.243,其他革兰阴性/细菌,0.6164
OR204650_43,lysin,Escherichia,bacteria,Kayfunavirus,Autotranscriptaviridae,1296,6.20e-294,,,,none,0,no,92.9,High-quality,,,,未知,0.243,其他革兰阴性/细菌,0.6164
OQ860978_48,lysin,Salmonella,bacteria,Lederbergvirus,Unclassified,1296,3.70e-292,,,,none,0,no,100.0,Complete,,,,未知,0.243,其他革兰阴性/细菌,0.6164
PQ336910_2,lysin,Salmonella,bacteria,Kayfunavirus,Autotranscriptaviridae,1296,4.90e-299,,,,none,0,no,94.3,High-quality,,,,未知,0.243,其他革兰阴性/细菌,0.6164
MT446394_13,lysin,Escherichia,bacteria,Kayfunavirus,Autotranscriptaviridae,1296,2.40e-297,,,,none,0,no,100.0,Complete,,,,未知,0.243,其他革兰阴性/细菌,0.6164
PX375235_42,lysin,Escherichia,bacteria,Kayfunavirus,Autotranscriptaviridae,1296,2.40e-297,,,,none,0,no,93.15,High-quality,,,,未知,0.243,其他革兰阴性/细菌,0.6164
NC_007636_43,lysin,Escherichia,bacteria,Kayfunavirus,Autotranscriptaviridae,1296,2.40e-297,,,,none,0,no,100.0,Complete,,,,未知,0.243,其他革兰阴性/细菌,0.6164
NC_020197_54,lysin,Streptococcus,bacteria,Brussowvirus,Aliceevansviridae,282,4.30e-16,2,0,1,"CAZy(lytic_exoenzyme,class待定);GH(class)",0,no,85.83,Medium-quality,AF-A0A2X3UWW3-F1,86.8,18,肽聚糖（推断）,0.125,革兰阳性,0.6164
OR228483_7,lysin,Escherichia,bacteria,Kayfunavirus,Autotranscriptaviridae,1296,2.90e-296,,,,none,0,no,91.66,High-quality,,,,未知,0.242,其他革兰阴性/细菌,0.6163
PP766721_16,lysin,Escherichia,bacteria,Kayfunavirus,Autotranscriptaviridae,1296,2.10e-295,,,,none,0,no,92.92,High-quality,,,,未知,0.242,其他革兰阴性/细菌,0.6163
OQ860974_42,lysin,Salmonella,bacteria,Kayfunavirus,Autotranscriptaviridae,1296,2.10e-294,,,,none,0,no,88.68,Medium-quality,,,,未知,0.242,其他革兰阴性/细菌,0.6163
PQ464628_45,lysin,Escherichia,bacteria,Kayfunavirus,Autotranscriptaviridae,1299,1.00e-293,,,,none,0,no,100.0,Complete,,,,未知,0.242,其他革兰阴性/细菌,0.6163
OQ870568_2,lysin,Escherichia,bacteria,Kayfunavirus,Autotranscriptaviridae,1296,1.40e-292,,,,none,0,no,100.0,Complete,,,,未知,0.242,其他革兰阴性/细菌,0.6163
MZ311862_6,lysin,Escherichia,bacteria,Kayfunavirus,Autotranscriptaviridae,1296,1.50e-296,,,,none,0,no,93.09,High-quality,,,,未知,0.242,其他革兰阴性/细菌,0.6163
NC_070725_30,lysin,Streptococcus,bacteria,Moineauvirus,Aliceevansviridae,201,4.30e-17,2,0,1,"CAZy(lytic_exoenzyme,class待定);GH(class)",0,no,76.15,Medium-quality,AF-A0A2X3UWW3-F1,86.8,18,肽聚糖（推断）,0.08,革兰阳性,0.6163
OR978128_43,lysin,Salmonella,bacteria,Kayfunavirus,Autotranscriptaviridae,1296,4.90e-299,,,,none,0,no,100.0,Complete,,,,未知,0.242,其他革兰阴性/细菌,0.6163
PQ336903_18,lysin,Salmonella,bacteria,Kayfunavirus,Autotranscriptaviridae,1296,4.90e-299,,,,none,0,no,89.14,Medium-quality,,,,未知,0.242,其他革兰阴性/细菌,0.6163
PQ336912_8,lysin,Salmonella,bacteria,Kayfunavirus,Autotranscriptaviridae,1296,4.90e-299,,,,none,0,no,93.46,High-quality,,,,未知,0.242,其他革兰阴性/细菌,0.6163
MN812686_45,lysin,Dickeya,bacteria,Kayfunavirus,Autotranscriptaviridae,1297,4.90e-299,,,,none,1,no,90.6,High-quality,,,,未知,0.242,其他革兰阴性/细菌,0.6163
PX682545_47,lysin,Escherichia,bacteria,Unclassified,Unclassified,1296,2.40e-297,,,,none,0,no,93.65,High-quality,,,,未知,0.242,其他革兰阴性/细菌,0.6163
MZ726794_42,lysin,Escherichia,bacteria,Kayfunavirus,Autotranscriptaviridae,1296,2.40e-297,,,,none,0,no,94.06,High-quality,,,,未知,0.242,其他革兰阴性/细菌,0.6163
OY978775_59,depolymerase,Klebsiella,bacteria,Drulisvirus,Autoscriptoviridae,794,4.20e-13,1,0,0,none,0,no,95.32,High-quality,,,,未知,0.491,CRKP/PA/AB 临床重点菌,0.6162
MW876471_48,lysin,Escherichia,bacteria,Kayfunavirus,Autotranscriptaviridae,1296,2.30e-295,,,,none,0,no,100.0,Complete,,,,未知,0.241,其他革兰阴性/细菌,0.6161
MT446393_19,lysin,Escherichia,bacteria,Kayfunavirus,Autotranscriptaviridae,1296,4.60e-295,,,,none,0,no,100.0,Complete,,,,未知,0.241,其他革兰阴性/细菌,0.6161
PX138294.1_21,lysin,Streptococcus,bacteria,Moineauvirus,Aliceevansviridae,282,2.50e-17,2,0,1,"CAZy(lytic_exoenzyme,class待定);GH(class)",0,no,63.9,Medium-quality,AF-A0A0E2Q2U3-F1,86.1,14,肽聚糖（推断）,0.075,革兰阳性,0.6161
NC_070654_21,lysin,Streptococcus,bacteria,Moineauvirus,Aliceevansviridae,282,2.50e-17,2,0,1,"CAZy(lytic_exoenzyme,class待定);GH(class)",0,no,70.89,Medium-quality,AF-A0A0E2Q2U3-F1,86.1,14,肽聚糖（推断）,0.075,革兰阳性,0.6161
PX138276.1_22,lysin,Streptococcus,bacteria,Moineauvirus,Aliceevansviridae,282,2.50e-17,2,0,1,"CAZy(lytic_exoenzyme,class待定);GH(class)",0,no,64.27,Medium-quality,AF-A0A0E2Q2U3-F1,86.1,14,肽聚糖（推断）,0.075,革兰阳性,0.6161
OQ860981_2,lysin,Salmonella,bacteria,Kayfunavirus,Autotranscriptaviridae,1296,4.90e-299,,,,none,0,no,100.0,Complete,,,,未知,0.241,其他革兰阴性/细菌,0.6161
MN510331_41,lysin,Escherichia,bacteria,Kayfunavirus,Autotranscriptaviridae,1296,2.40e-297,,,,none,0,no,100.0,Complete,,,,未知,0.241,其他革兰阴性/细菌,0.6161
OZ335957.1_44,lysin,Escherichia,bacteria,Unclassified,Unclassified,1296,1.20e-295,,,,none,0,no,94.54,High-quality,,,,未知,0.24,其他革兰阴性/细菌,0.616
OQ860970_2,lysin,Salmonella,bacteria,Kayfunavirus,Autotranscriptaviridae,1296,2.60e-295,,,,none,0,no,100.0,Complete,,,,未知,0.24,其他革兰阴性/细菌,0.616
PQ336911_38,lysin,Salmonella,bacteria,Kayfunavirus,Autotranscriptaviridae,1296,1.30e-294,,,,none,0,no,93.26,High-quality,,,,未知,0.24,其他革兰阴性/细菌,0.616
OQ860980_40,lysin,Salmonella,bacteria,Kayfunavirus,Autotranscriptaviridae,1296,2.10e-294,,,,none,0,no,88.51,Medium-quality,,,,未知,0.24,其他革兰阴性/细菌,0.616
MZ234021_1,lysin,Escherichia,bacteria,Kayfunavirus,Autotranscriptaviridae,1101,2.40e-297,,,,none,0,yes,94.57,High-quality,,,,未知,0.24,其他革兰阴性/细菌,0.616
OQ860977_1,lysin,Salmonella,bacteria,Kayfunavirus,Autotranscriptaviridae,1244,2.40e-297,,,,none,0,no,100.0,Complete,,,,未知,0.24,其他革兰阴性/细菌,0.616
PP079212_41,lysin,Escherichia,bacteria,Unclassified,Unclassified,1241,2.40e-297,,,,none,0,no,91.85,High-quality,,,,未知,0.24,其他革兰阴性/细菌,0.616
OQ860976_40,lysin,Salmonella,bacteria,Lederbergvirus,Unclassified,1296,2.40e-297,,,,none,0,no,100.0,Complete,,,,未知,0.24,其他革兰阴性/细菌,0.616
OQ860967_11,lysin,Salmonella,bacteria,Kayfunavirus,Autotranscriptaviridae,1296,2.40e-297,,,,none,0,no,100.0,Complete,,,,未知,0.24,其他革兰阴性/细菌,0.616
PV695553_4,lysin,Salmonella,bacteria,Unclassified,Unclassified,1296,2.90e-297,,,,none,0,no,91.91,High-quality,,,,未知,0.24,其他革兰阴性/细菌,0.616
PQ336909_30,lysin,Salmonella,bacteria,Kayfunavirus,Autotranscriptaviridae,1296,8.90e-296,,,,none,0,no,89.12,Medium-quality,,,,未知,0.239,其他革兰阴性/细菌,0.6159
PP856269_44,lysin,Escherichia,bacteria,Kayfunavirus,Autotranscriptaviridae,1296,9.10e-296,,,,none,0,no,100.0,Complete,,,,未知,0.239,其他革兰阴性/细菌,0.6159
OQ703102_8,lysin,Escherichia,bacteria,Kayfunavirus,Autotranscriptaviridae,1296,6.00e-295,,,,none,0,no,95.49,High-quality,,,,未知,0.239,其他革兰阴性/细菌,0.6159
NC_070671_22,lysin,Streptococcus,bacteria,Moineauvirus,Aliceevansviridae,282,2.50e-17,2,0,1,"CAZy(lytic_exoenzyme,class待定);GH(class)",0,no,71.9,Medium-quality,AF-A0A3G6JJY4-F1,83.2,16,肽聚糖（推断）,0.103,革兰阳性,0.6159
PX116593_32,lysin,Citrobacter,bacteria,Unclassified,Unclassified,1296,1.10e-292,,,,none,0,no,92.32,High-quality,,,,未知,0.239,其他革兰阴性/细菌,0.6159
PP079211_43,lysin,Escherichia,bacteria,Unclassified,Unclassified,1296,4.90e-299,,,,none,0,no,93.85,High-quality,,,,未知,0.239,其他革兰阴性/细菌,0.6159
MZ648215_42,lysin,Escherichia,bacteria,Kayfunavirus,Autotranscriptaviridae,1296,4.90e-299,,,,none,0,no,100.0,Complete,,,,未知,0.239,其他革兰阴性/细菌,0.6159
MZ234046_1,lysin,Escherichia,bacteria,Kayfunavirus,Autotranscriptaviridae,1101,2.40e-297,,,,none,0,yes,94.44,High-quality,,,,未知,0.239,其他革兰阴性/细菌,0.6159
OM908436_15,lysin,Escherichia,bacteria,Kayfunavirus,Autotranscriptaviridae,1299,2.90e-297,,,,none,0,no,100.0,Complete,,,,未知,0.239,其他革兰阴性/细菌,0.6159
NC_047777_41,lysin,Escherichia,bacteria,Kayfunavirus,Autotranscriptaviridae,1296,2.90e-297,,,,none,0,no,100.0,Complete,,,,未知,0.239,其他革兰阴性/细菌,0.6159
PP328844_40,lysin,Escherichia,bacteria,Kayfunavirus,Autotranscriptaviridae,1296,1.90e-297,,,,none,0,no,100.0,Complete,,,,未知,0.238,其他革兰阴性/细菌,0.6157
PQ850601_45,lysin,Escherichia,bacteria,Unclassified,Unclassified,1463,1.30e-289,,,,none,0,no,93.07,High-quality,,,,未知,0.238,其他革兰阴性/细菌,0.6157
MK903279_44,lysin,Escherichia,bacteria,Kayfunavirus,Autotranscriptaviridae,1296,4.90e-299,,,,none,0,no,92.48,High-quality,,,,未知,0.238,其他革兰阴性/细菌,0.6157
NC_024379_42,lysin,Escherichia,bacteria,Kayfunavirus,Autotranscriptaviridae,1296,4.90e-299,,,,none,0,no,92.05,High-quality,,,,未知,0.238,其他革兰阴性/细菌,0.6157
OK210074_9,lysin,Enterobacter,bacteria,Kayfunavirus,Autotranscriptaviridae,1296,4.90e-299,,,,none,0,no,92.7,High-quality,,,,未知,0.238,其他革兰阴性/细菌,0.6157
MZ234011_1,lysin,Escherichia,bacteria,Kayfunavirus,Autotranscriptaviridae,1101,2.40e-297,,,,none,0,yes,94.92,High-quality,,,,未知,0.238,其他革兰阴性/细菌,0.6157
MZ234045_1,lysin,Escherichia,bacteria,Kayfunavirus,Autotranscriptaviridae,1101,2.40e-297,,,,none,0,yes,94.44,High-quality,,,,未知,0.238,其他革兰阴性/细菌,0.6157
PP079210_41,lysin,Escherichia,bacteria,Unclassified,Unclassified,1296,2.40e-297,,,,none,0,no,94.91,High-quality,,,,未知,0.238,其他革兰阴性/细菌,0.6157
PV935351_39,lysin,Escherichia,bacteria,Unclassified,Unclassified,1296,2.40e-297,,,,none,0,no,100.0,Complete,,,,未知,0.238,其他革兰阴性/细菌,0.6157
NC_011042_41,lysin,Escherichia,bacteria,Kayfunavirus,Autotranscriptaviridae,1296,5.10e-295,,,,none,0,no,100.0,Complete,,,,未知,0.237,其他革兰阴性/细菌,0.6156
MT682707_40,lysin,Escherichia,bacteria,Kayfunavirus,Autotranscriptaviridae,1296,3.40e-294,,,,none,0,no,92.32,High-quality,,,,未知,0.237,其他革兰阴性/细菌,0.6156
PQ476010_47,lysin,Escherichia,bacteria,Unclassified,Unclassified,1299,4.90e-299,,,,none,0,no,94.96,High-quality,,,,未知,0.237,其他革兰阴性/细菌,0.6156
PQ226821.1_42,lysin,Escherichia,bacteria,Unclassified,Unclassified,1296,4.90e-299,,,,none,0,no,94.06,High-quality,,,,未知,0.237,其他革兰阴性/细菌,0.6156
MZ234047_1,lysin,Escherichia,bacteria,Kayfunavirus,Autotranscriptaviridae,1101,2.40e-297,,,,none,0,yes,94.44,High-quality,,,,未知,0.237,其他革兰阴性/细菌,0.6156
OM256482_42,lysin,Providencia,bacteria,Kayfunavirus,Autotranscriptaviridae,1296,2.40e-297,,,,none,0,no,100.0,Complete,,,,未知,0.237,其他革兰阴性/细菌,0.6156
NC_023576_39,lysin,Citrobacter,bacteria,Kayfunavirus,Autotranscriptaviridae,1296,2.40e-297,,,,none,0,no,92.13,High-quality,,,,未知,0.237,其他革兰阴性/细菌,0.6156
PQ336914_8,lysin,Salmonella,bacteria,Kayfunavirus,Autotranscriptaviridae,1296,2.90e-297,,,,none,0,no,93.43,High-quality,,,,未知,0.237,其他革兰阴性/细菌,0.6156
NC_070674_23,lysin,Streptococcus,bacteria,Moineauvirus,Aliceevansviridae,282,2.50e-17,2,0,1,"CAZy(lytic_exoenzyme,class待定);GH(class)",0,no,73.23,Medium-quality,AF-A0A0E2Q2U3-F1,86.1,14,肽聚糖（推断）,0.071,革兰阳性,0.6155
PX138274.1_21,lysin,Streptococcus,bacteria,Moineauvirus,Aliceevansviridae,282,2.50e-17,2,0,1,"CAZy(lytic_exoenzyme,class待定);GH(class)",0,no,63.62,Medium-quality,AF-A0A0E2Q2U3-F1,86.1,14,肽聚糖（推断）,0.071,革兰阳性,0.6155
NC_070691_24,lysin,Streptococcus,bacteria,Moineauvirus,Aliceevansviridae,282,2.50e-17,2,0,1,"CAZy(lytic_exoenzyme,class待定);GH(class)",0,no,66.68,Medium-quality,AF-A0A0E2Q2U3-F1,86.1,14,肽聚糖（推断）,0.071,革兰阳性,0.6155
NC_070718_23,lysin,Streptococcus,bacteria,Moineauvirus,Aliceevansviridae,282,2.50e-17,2,0,1,"CAZy(lytic_exoenzyme,class待定);GH(class)",0,no,72.52,Medium-quality,AF-A0A0E2Q2U3-F1,86.1,14,肽聚糖（推断）,0.071,革兰阳性,0.6155
NC_028870_47,depolymerase,Klebsiella,bacteria,Drulisvirus,Autoscriptoviridae,794,4.20e-13,1,0,0,none,0,no,94.12,High-quality,,,,未知,0.486,CRKP/PA/AB 临床重点菌,0.6154
MT862763_20,lysin,Escherichia,bacteria,Kayfunavirus,Autotranscriptaviridae,1296,5.10e-296,,,,none,0,no,94.86,High-quality,,,,未知,0.236,其他革兰阴性/细菌,0.6154
OR594182_43,lysin,Escherichia,bacteria,Kayfunavirus,Autotranscriptaviridae,1296,5.80e-296,,,,none,0,no,93.51,High-quality,,,,未知,0.236,其他革兰阴性/细菌,0.6154
PX655591_38,lysin,Escherichia,bacteria,Unclassified,Unclassified,1299,2.40e-297,,,,none,0,no,91.16,High-quality,,,,未知,0.236,其他革兰阴性/细菌,0.6154
PP856711_5,lysin,Salmonella,bacteria,Kayfunavirus,Autotranscriptaviridae,1296,2.40e-297,,,,none,0,no,100.0,Complete,,,,未知,0.236,其他革兰阴性/细菌,0.6154
MW416012_22,lysin,Salmonella,bacteria,Kayfunavirus,Autotranscriptaviridae,1296,2.40e-297,,,,none,0,no,92.85,High-quality,,,,未知,0.236,其他革兰阴性/细菌,0.6154
NC_071083_26,lysin,Streptococcus,bacteria,Brussowvirus,Aliceevansviridae,201,4.30e-17,2,0,1,"CAZy(lytic_exoenzyme,class待定);GH(class)",0,no,64.58,Medium-quality,AF-A0A0E2Q2U3-F1,86.1,14,肽聚糖（推断）,0.08,革兰阳性,0.6153
NC_071058_21,lysin,Streptococcus,bacteria,Vansinderenvirus,Aliceevansviridae,201,4.30e-17,2,0,1,"CAZy(lytic_exoenzyme,class待定);GH(class)",0,no,65.43,Medium-quality,AF-A0A0E2Q2U3-F1,86.1,14,肽聚糖（推断）,0.08,革兰阳性,0.6153
PV991107_7,lysin,Escherichia,bacteria,Unclassified,Unclassified,1296,1.30e-295,,,,none,0,no,92.37,High-quality,,,,未知,0.235,其他革兰阴性/细菌,0.6152
LC799501_40,lysin,Morganella,bacteria,Unclassified,Unclassified,1296,4.90e-295,,,,none,0,no,100.0,Complete,,,,未知,0.235,其他革兰阴性/细菌,0.6152
PP001500_1,depolymerase,Salmonella,bacteria,Agtrevirus,Ackermannviridae,273,1.20e-132,,,,none,0,no,92.01,High-quality,,,,未知,0.234,其他革兰阴性/细菌,0.6151
MN187550_6,depolymerase,Escherichia,bacteria,Uetakevirus,Unclassified,710,1.10e-09,1,0,1,PL4,0,no,67.73,Medium-quality,,,,荚膜多糖（推断）,0.536,其他革兰阴性/细菌,0.6151
MK610268_43,lysin,Hafnia,bacteria,Kayfunavirus,Autotranscriptaviridae,1296,2.40e-297,,,,none,0,no,100.0,Complete,,,,未知,0.234,其他革兰阴性/细菌,0.6151
NC_031123_42,lysin,Citrobacter,bacteria,Kayfunavirus,Autotranscriptaviridae,1296,2.40e-297,,,,none,0,no,100.0,Complete,,,,未知,0.234,其他革兰阴性/细菌,0.6151
PP856716_2,lysin,Salmonella,bacteria,Kayfunavirus,Autotranscriptaviridae,1296,2.90e-297,,,,none,0,no,89.68,Medium-quality,,,,未知,0.234,其他革兰阴性/细菌,0.6151
PX138284.1_24,lysin,Streptococcus,bacteria,Moineauvirus,Aliceevansviridae,282,4.30e-17,2,0,1,"CAZy(lytic_exoenzyme,class待定);GH(class)",0,no,71.95,Medium-quality,AF-A0A0E2Q2U3-F1,86.1,14,肽聚糖（推断）,0.078,革兰阳性,0.615
PX946180.1_52,lysin,Escherichia,bacteria,Unclassified,Unclassified,1296,1.00e-296,,,,none,0,no,100.0,Complete,,,,未知,0.233,其他革兰阴性/细菌,0.6149
NC_070660_21,lysin,Streptococcus,bacteria,Moineauvirus,Aliceevansviridae,282,2.50e-17,2,0,1,"CAZy(lytic_exoenzyme,class待定);GH(class)",0,no,74.09,Medium-quality,AF-A0A3G6JJY4-F1,83.2,16,肽聚糖（推断）,0.096,革兰阳性,0.6149
MT701589_46,depolymerase,Klebsiella,bacteria,Drulisvirus,Autoscriptoviridae,794,4.20e-13,1,0,0,none,0,no,95.94,High-quality,,,,未知,0.482,CRKP/PA/AB 临床重点菌,0.6148
PQ821641_42,lysin,Escherichia,bacteria,Kayfunavirus,Autotranscriptaviridae,1296,1.80e-293,,,,none,0,no,93.94,High-quality,,,,未知,0.232,其他革兰阴性/细菌,0.6148
PP468606_8,lysin,Staphylococcus,bacteria,Sextaecvirus,Unclassified,266,9.00e-18,2,0,1,none,0,no,75.97,Medium-quality,AF-A0A5R9B6M7-F1,96.8,9,未知,0.34,革兰阳性,0.6148
PQ217616_64,lysin,Bacillus,bacteria,Wphvirus,Herelleviridae,278,7.20e-19,2,1,1,none,0,no,100.0,Complete,AF-A0A1Q4L0N2-F1,88.7,17,未知,0.37,革兰阳性,0.6145
NC_071057_22,lysin,Streptococcus,bacteria,Vansinderenvirus,Aliceevansviridae,201,4.30e-17,2,0,1,"CAZy(lytic_exoenzyme,class待定);GH(class)",0,no,66.8,Medium-quality,AF-A0A0E2Q2U3-F1,86.1,14,肽聚糖（推断）,0.075,革兰阳性,0.6145
MN038179_66,lysin,Bacillus,bacteria,Wphvirus,Herelleviridae,278,7.20e-19,2,1,1,none,0,no,100.0,Complete,AF-A0A1Q4L0N2-F1,88.7,17,未知,0.366,革兰阳性,0.6139
KU847400_3,lysin,Bacillus,bacteria,Wphvirus,Herelleviridae,278,7.20e-19,2,1,1,none,0,no,93.74,High-quality,AF-A0A1Q4L0N2-F1,88.7,17,未知,0.366,革兰阳性,0.6139
KX961632_66,lysin,Bacillus,bacteria,Wphvirus,Herelleviridae,278,7.20e-19,2,1,1,none,0,no,100.0,Complete,AF-A0A1Q4L0N2-F1,88.7,17,未知,0.366,革兰阳性,0.6139
PV615263_57,lysin,Escherichia,bacteria,Kayfunavirus,Autotranscriptaviridae,306,7.50e-291,,,,none,0,no,93.44,High-quality,,,,未知,0.226,其他革兰阴性/细菌,0.6139
PQ358941_46,depolymerase,Klebsiella,bacteria,Unclassified,Unclassified,794,4.20e-13,1,0,0,none,0,no,94.26,High-quality,,,,未知,0.475,CRKP/PA/AB 临床重点菌,0.6138
NC_031070_67,lysin,Bacillus,bacteria,Wphvirus,Herelleviridae,276,7.20e-19,2,1,1,none,0,no,100.0,Complete,AF-A0A1Q4L0N2-F1,88.7,17,未知,0.365,革兰阳性,0.6138
NC_071070_26,lysin,Streptococcus,bacteria,Brussowvirus,Aliceevansviridae,201,4.30e-16,2,0,1,"CAZy(lytic_exoenzyme,class待定);GH(class)",0,no,66.99,Medium-quality,AF-A0A0E2Q2U3-F1,86.1,14,肽聚糖（推断）,0.115,革兰阳性,0.6138
MH937473_27,lysin,Streptococcus,bacteria,Brussowvirus,Aliceevansviridae,201,4.30e-16,2,0,1,"CAZy(lytic_exoenzyme,class待定);GH(class)",0,no,74.04,Medium-quality,AF-A0A0E2Q2U3-F1,86.1,14,肽聚糖（推断）,0.115,革兰阳性,0.6138
PP445227_37,depolymerase,Escherichia,bacteria,Unclassified,Unclassified,625,1.10e-09,1,0,1,PL4,0,no,69.18,Medium-quality,,,,荚膜多糖（推断）,0.526,其他革兰阴性/细菌,0.6136
NC_031024_65,lysin,Bacillus,bacteria,Wphvirus,Herelleviridae,277,7.20e-19,2,1,1,none,0,no,100.0,Complete,AF-A0A1Q4L0N2-F1,88.7,17,未知,0.364,革兰阳性,0.6136
NC_070727_65,lysin,Staphylococcus,bacteria,Zhangqianvirus,Unclassified,479,9.90e-47,3,1,2,none,0,no,96.81,High-quality,AF-A0A9D1CZF5-F1,83.4,35,未知,0.155,革兰阳性,0.6134
NC_070656_24,lysin,Streptococcus,bacteria,Moineauvirus,Aliceevansviridae,201,4.30e-16,2,0,1,"CAZy(lytic_exoenzyme,class待定);GH(class)",0,no,68.5,Medium-quality,AF-A0A2X3UWW3-F1,86.8,18,肽聚糖（推断）,0.105,革兰阳性,0.6134
NC_070704_21,lysin,Streptococcus,bacteria,Moineauvirus,Aliceevansviridae,282,1.50e-15,2,0,1,"CAZy(lytic_exoenzyme,class待定);GH(class)",0,no,70.04,Medium-quality,AF-A0A0E2Q2U3-F1,86.1,14,肽聚糖（推断）,0.135,革兰阳性,0.6132
MH538193_71,lysin,Bacillus,bacteria,Wphvirus,Herelleviridae,277,7.20e-19,2,1,1,none,0,no,86.69,Medium-quality,AF-A0A1Q4L0N2-F1,88.7,17,未知,0.36,革兰阳性,0.613
MH937491_22,lysin,Streptococcus,bacteria,Moineauvirus,Aliceevansviridae,282,1.50e-15,2,0,1,"CAZy(lytic_exoenzyme,class待定);GH(class)",0,no,66.82,Medium-quality,AF-A0A0E2Q2U3-F1,86.1,14,肽聚糖（推断）,0.132,革兰阳性,0.6128
NC_016563_1,lysin,Bacillus,bacteria,Wphvirus,Herelleviridae,277,7.20e-19,2,1,1,none,0,no,95.61,High-quality,AF-A0A1Q4L0N2-F1,88.7,17,未知,0.358,革兰阳性,0.6127
NC_031006_65,lysin,Bacillus,bacteria,Wphvirus,Herelleviridae,276,7.20e-19,2,1,1,none,0,no,100.0,Complete,AF-A0A1Q4L0N2-F1,88.7,17,未知,0.357,革兰阳性,0.6126
NC_031116_66,lysin,Bacillus,bacteria,Wphvirus,Herelleviridae,276,7.20e-19,2,1,1,none,0,no,100.0,Complete,AF-A0A1Q4L0N2-F1,88.7,17,未知,0.357,革兰阳性,0.6126
MG763894_69,lysin,Bacillus,bacteria,Wphvirus,Herelleviridae,277,7.20e-19,2,1,1,none,0,no,100.0,Complete,AF-A0A1Q4L0N2-F1,88.7,17,未知,0.356,革兰阳性,0.6124
KX961629_67,lysin,Bacillus,bacteria,Wphvirus,Herelleviridae,277,7.20e-19,2,1,1,none,0,no,100.0,Complete,AF-A0A1Q4L0N2-F1,88.7,17,未知,0.356,革兰阳性,0.6124
NC_071069_26,lysin,Streptococcus,bacteria,Brussowvirus,Aliceevansviridae,201,4.30e-16,2,0,1,"CAZy(lytic_exoenzyme,class待定);GH(class)",0,no,69.36,Medium-quality,AF-A0A0E2Q2U3-F1,86.1,14,肽聚糖（推断）,0.105,革兰阳性,0.6123
OY978792_23,depolymerase,Klebsiella,bacteria,Webervirus,Drexlerviridae,1172,6.80e-11,,,,none,0,no,93.71,High-quality,AF-A0A8B4TWT2-F1,74.8,81,未知,0.448,CRKP/PA/AB 临床重点菌,0.6122
ON165415_1,depolymerase,Klebsiella,bacteria,Drulisvirus,Autoscriptoviridae,222,3.70e-11,1,0,0,PL(class),0,no,93.05,High-quality,,,,荚膜多糖（推断）,0.05,CRKP/PA/AB 临床重点菌,0.612
NC_070677_21,lysin,Streptococcus,bacteria,Moineauvirus,Aliceevansviridae,282,6.20e-16,2,0,1,"CAZy(lytic_exoenzyme,class待定);GH(class)",0,no,71.16,Medium-quality,AF-A0A0E2Q2U3-F1,86.1,14,肽聚糖（推断）,0.11,革兰阳性,0.612
NC_000871_23,lysin,Streptococcus,bacteria,Moineauvirus,Aliceevansviridae,282,6.20e-16,2,0,1,"CAZy(lytic_exoenzyme,class待定);GH(class)",0,no,71.33,Medium-quality,AF-A0A0E2Q2U3-F1,86.1,14,肽聚糖（推断）,0.11,革兰阳性,0.612
NC_002214_28,lysin,Streptococcus,bacteria,Brussowvirus,Aliceevansviridae,282,6.20e-16,2,0,1,"CAZy(lytic_exoenzyme,class待定);GH(class)",0,no,73.71,Medium-quality,AF-A0A0E2Q2U3-F1,86.1,14,肽聚糖（推断）,0.107,革兰阳性,0.6116
NC_061421_312,depolymerase,Klebsiella,bacteria,Maaswegvirus,Chimalliviridae,680,3.50e-20,1,0,1,none,0,no,99.76,High-quality,,,,未知,0.144,CRKP/PA/AB 临床重点菌,0.6113
PX596819_40,lysin,Escherichia,bacteria,Unclassified,Unclassified,1463,7.50e-291,,,,none,0,no,95.42,High-quality,,,,未知,0.209,其他革兰阴性/细菌,0.6113
NC_028895_47,holin,Vibrio,bacteria,Jesfedecavirus,Demerecviridae,223,1.50e-16,1,0,0,none,1,yes,100.0,Complete,,,,膜成孔（内溶素协同，推断）,0.604,其他革兰阴性/细菌,0.6111
NC_047882_54,holin,Vibrio,bacteria,Jesfedecavirus,Demerecviridae,223,1.50e-16,1,0,0,none,1,yes,100.0,Complete,,,,膜成孔（内溶素协同，推断）,0.604,其他革兰阴性/细菌,0.6111
NC_070661_21,lysin,Streptococcus,bacteria,Moineauvirus,Aliceevansviridae,201,4.30e-16,2,0,1,"CAZy(lytic_exoenzyme,class待定);GH(class)",0,no,72.02,Medium-quality,AF-A0A2X3UWW3-F1,86.8,18,肽聚糖（推断）,0.09,革兰阳性,0.6111
OM355495_2,lysin,Escherichia,bacteria,Kayfunavirus,Autotranscriptaviridae,1463,2.70e-289,,,,none,0,no,100.0,Complete,,,,未知,0.207,其他革兰阴性/细菌,0.611
NC_000872_21,lysin,Streptococcus,bacteria,Moineauvirus,Aliceevansviridae,282,6.20e-16,2,0,1,"CAZy(lytic_exoenzyme,class待定);GH(class)",0,no,77.85,Medium-quality,AF-A0A0E2Q2U3-F1,86.1,14,肽聚糖（推断）,0.103,革兰阳性,0.611
OQ680138_37,lysin,Escherichia,bacteria,Kayfunavirus,Autotranscriptaviridae,1463,2.70e-289,,,,none,0,no,100.0,Complete,,,,未知,0.206,其他革兰阴性/细菌,0.6109
NC_071060_21,lysin,Streptococcus,bacteria,Vansinderenvirus,Aliceevansviridae,201,4.30e-16,2,0,1,"CAZy(lytic_exoenzyme,class待定);GH(class)",0,no,69.03,Medium-quality,AF-A0A0E2Q2U3-F1,86.1,14,肽聚糖（推断）,0.095,革兰阳性,0.6108
NC_047829_40,lysin,Escherichia,bacteria,Kayfunavirus,Autotranscriptaviridae,1463,2.40e-293,,,,none,0,no,93.35,High-quality,,,,未知,0.202,其他革兰阴性/细菌,0.6103
NC_091964_87,lysin,Serratia,bacteria,Unclassified,Unclassified,2275,2.10e-16,1,0,1,GH23,0,no,72.42,Medium-quality,,,,肽聚糖（推断）,0.705,其他革兰阴性/细菌,0.6103
OP272492_22,lysin,Enterobacter,bacteria,Kayfunavirus,Autotranscriptaviridae,91,1.60e-293,,,,none,0,no,91.55,High-quality,,,,未知,0.202,其他革兰阴性/细菌,0.6103
NC_002185_45,lysin,Streptococcus,bacteria,Moineauvirus,Aliceevansviridae,282,4.30e-17,2,0,1,"CAZy(lytic_exoenzyme,class待定);GH(class)",0,no,68.98,Medium-quality,AF-A0A0E2Q2U3-F1,86.1,14,肽聚糖（推断）,0.046,革兰阳性,0.6102
PV662128_265,lysin,Raoultella,bacteria,Unclassified,Unclassified,2269,1.10e-25,1,0,1,GH18/19,2,no,87.85,Medium-quality,AF-A0A966HDQ7-F1,35.7,37,肽聚糖（推断）,0.035,其他革兰阴性/细菌,0.6102
OM937123_2,lysin,Escherichia,bacteria,Kayfunavirus,Autotranscriptaviridae,1464,7.50e-291,,,,none,1,no,100.0,Complete,,,,未知,0.201,其他革兰阴性/细菌,0.6101
PX997131.1_43,depolymerase,Klebsiella,bacteria,Unclassified,Unclassified,672,1.30e-19,,,,none,0,no,83.42,Medium-quality,,,,未知,0.294,CRKP/PA/AB 临床重点菌,0.61
OQ790161_291,lysin,Xanthomonas,bacteria,Unclassified,Unclassified,2554,3.50e-14,1,0,1,GH23,4,no,99.93,High-quality,,,,肽聚糖（推断）,0.399,其他革兰阴性/细菌,0.6096
MN871449_117,depolymerase,Serratia,bacteria,Unclassified,Unclassified,662,3.20e-32,1,0,0,none,0,yes,99.65,High-quality,,,,未知,0.596,其他革兰阴性/细菌,0.6094
ON113345_14,lysin,Staphylococcus,bacteria,Unclassified,Unclassified,479,9.90e-47,3,1,2,none,0,no,85.38,Medium-quality,AF-A0A9D1CZF5-F1,83.4,35,未知,0.128,革兰阳性,0.6093
PP889495_21,depolymerase,Klebsiella,bacteria,Unclassified,Unclassified,1172,6.80e-11,,,,none,0,no,95.65,High-quality,AF-A0A8B4TWT2-F1,74.8,81,未知,0.428,CRKP/PA/AB 临床重点菌,0.6092
PP034389_45,lysin,Staphylococcus,bacteria,Sextaecvirus,Unclassified,230,1.10e-23,1,0,1,none,0,no,71.78,Medium-quality,AF-A0AAE5F0A1-F1,83.4,30,未知,0.307,革兰阳性,0.6092
MN871453_71,depolymerase,Serratia,bacteria,Unclassified,Unclassified,662,3.20e-32,1,0,0,none,0,yes,99.25,High-quality,,,,未知,0.594,其他革兰阴性/细菌,0.6091
PV615263_55,lysin,Escherichia,bacteria,Kayfunavirus,Autotranscriptaviridae,67,4.90e-299,,,,none,0,no,93.44,High-quality,,,,未知,0.194,其他革兰阴性/细菌,0.6091
PP034387_39,lysin,Staphylococcus,bacteria,Sextaecvirus,Unclassified,210,1.10e-23,1,0,1,none,0,yes,71.4,Medium-quality,AF-A0AAE5F0A1-F1,83.4,30,未知,0.306,革兰阳性,0.6091
OR354834_75,lysin,Staphylococcus,bacteria,Sextaecvirus,Unclassified,210,1.10e-23,1,0,1,none,0,yes,72.92,Medium-quality,AF-A0AAE5F0A1-F1,83.4,30,未知,0.306,革兰阳性,0.6091
OX461087_56,depolymerase,Escherichia,bacteria,Unclassified,Unclassified,260,3.30e-141,,,,none,2,yes,88.12,Medium-quality,,,,未知,0.192,其他革兰阴性/细菌,0.6088
PV112478_198,depolymerase,Klebsiella,bacteria,Unclassified,Unclassified,853,1.60e-08,3,0,2,none,0,no,100.0,Complete,,,,未知,0.378,CRKP/PA/AB 临床重点菌,0.6087
OP272491_14,lysin,Enterobacter,bacteria,Kayfunavirus,Autotranscriptaviridae,166,7.70e-34,,,,none,0,yes,93.21,High-quality,,,,未知,0.19,其他革兰阴性/细菌,0.6085
MT596499_14,lysin,Staphylococcus,bacteria,Sextaecvirus,Unclassified,230,1.10e-23,1,0,1,none,0,no,71.21,Medium-quality,AF-A0AAE5F0A1-F1,83.4,30,未知,0.302,革兰阳性,0.6085
OP558004_46,depolymerase,Klebsiella,bacteria,Webervirus,Drexlerviridae,743,5.10e-09,1,0,0,none,0,no,92.22,High-quality,AF-A0A422ZGC9-F1,86.9,35,未知,0.251,CRKP/PA/AB 临床重点菌,0.6083
OQ355701_116,lysin,Staphylococcus,bacteria,Sextaecvirus,Unclassified,210,1.10e-23,1,0,1,none,0,yes,70.38,Medium-quality,AF-A0AAE5F0A1-F1,83.4,30,未知,0.301,革兰阳性,0.6083
OR354839_87,lysin,Staphylococcus,bacteria,Sextaecvirus,Unclassified,210,1.10e-23,1,0,1,none,0,yes,70.72,Medium-quality,AF-A0AAE5F0A1-F1,83.4,30,未知,0.301,革兰阳性,0.6083
PX437820.1_26,lysin,Aeromonas,bacteria,Teseptimavirus,Autotranscriptaviridae,82,1.60e-42,,,,none,0,yes,98.62,High-quality,,,,未知,0.185,其他革兰阴性/细菌,0.6078
MZ417348_16,lysin,Staphylococcus,bacteria,Sextaecvirus,Unclassified,210,1.10e-23,1,0,1,none,0,yes,69.59,Medium-quality,AF-A0AAE5F0A1-F1,83.4,30,未知,0.297,革兰阳性,0.6077
MZ234011_51,lysin,Escherichia,bacteria,Kayfunavirus,Autotranscriptaviridae,195,1.60e-293,,,,none,0,no,94.92,High-quality,,,,未知,0.184,其他革兰阴性/细菌,0.6076
MG708273_10,lysin,Streptococcus,bacteria,Moineauvirus,Aliceevansviridae,282,3.50e-15,2,0,1,"CAZy(lytic_exoenzyme,class待定);GH(class)",0,no,58.89,Medium-quality,AF-A0A0E2Q2U3-F1,86.1,14,肽聚糖（推断）,0.114,革兰阳性,0.6076
NC_071072_26,lysin,Streptococcus,bacteria,Brussowvirus,Aliceevansviridae,282,3.50e-15,2,0,1,"CAZy(lytic_exoenzyme,class待定);GH(class)",0,no,67.74,Medium-quality,AF-A0A0E2Q2U3-F1,86.1,14,肽聚糖（推断）,0.114,革兰阳性,0.6076
MN813052_67,lysin,Dickeya,bacteria,Limestonevirus,Ackermannviridae,265,1.40e-16,2,0,1,CBM(class);GH(class),0,yes,90.11,High-quality,,,,肽聚糖（推断）,0.544,其他革兰阴性/细菌,0.6073
ON602749_14,depolymerase,Klebsiella,bacteria,Kaypoctavirus,Schitoviridae,839,8.90e-14,1,1,0,none,2,no,92.13,High-quality,,,,未知,0.401,CRKP/PA/AB 临床重点菌,0.6072
PQ374922_87,lysin,Escherichia,bacteria,Unclassified,Unclassified,265,1.40e-16,2,0,1,CBM(class);GH(class),0,yes,93.33,High-quality,,,,肽聚糖（推断）,0.542,其他革兰阴性/细菌,0.607
OQ973471_101,lysin,Escherichia,bacteria,Unclassified,Ackermannviridae,265,1.40e-16,2,0,1,CBM(class);GH(class),0,yes,94.65,High-quality,,,,肽聚糖（推断）,0.542,其他革兰阴性/细菌,0.607
NC_049503_96,lysin,Salmonella,bacteria,Kuttervirus,Ackermannviridae,265,1.40e-16,2,0,1,CBM(class);GH(class),0,yes,94.94,High-quality,,,,肽聚糖（推断）,0.542,其他革兰阴性/细菌,0.607
MZ234021_53,lysin,Escherichia,bacteria,Kayfunavirus,Autotranscriptaviridae,195,1.60e-293,,,,none,0,no,94.57,High-quality,,,,未知,0.179,其他革兰阴性/细菌,0.6069
OR529409_196,lysin,Stenotrophomonas,bacteria,Unclassified,Unclassified,2269,1.10e-25,1,0,1,GH18/19,2,no,86.15,Medium-quality,AF-A0A966HDQ7-F1,35.7,37,肽聚糖（推断）,0.012,其他革兰阴性/细菌,0.6067
PP738763_34,depolymerase,Klebsiella,bacteria,Unclassified,Unclassified,843,8.90e-14,1,1,0,none,2,no,95.4,High-quality,,,,未知,0.397,CRKP/PA/AB 临床重点菌,0.6066
NC_016571_271,lysin,Pseudomonas,bacteria,Petsuvirus,Chimalliviridae,2433,5.20e-18,0,0,1,none,0,no,96.66,High-quality,,,,未知,0.341,CRKP/PA/AB 临床重点菌,0.6064
OR776998_70,lysin,Escherichia,bacteria,Unclassified,Ackermannviridae,265,1.40e-16,2,0,1,CBM(class);GH(class),0,yes,93.5,High-quality,,,,肽聚糖（推断）,0.538,其他革兰阴性/细菌,0.6064
OL656110_77,lysin,Escherichia,bacteria,Unclassified,Ackermannviridae,265,1.40e-16,2,0,1,CBM(class);GH(class),0,yes,93.49,High-quality,,,,肽聚糖（推断）,0.538,其他革兰阴性/细菌,0.6064
ON602751_20,depolymerase,Klebsiella,bacteria,Kaypoctavirus,Schitoviridae,839,8.90e-14,1,1,0,none,2,no,100.0,Complete,,,,未知,0.395,CRKP/PA/AB 临床重点菌,0.6063
OR354840_69,lysin,Staphylococcus,bacteria,Sextaecvirus,Unclassified,126,1.10e-23,1,0,0,none,0,no,86.87,Medium-quality,AF-A0AAP6W3N7-F1,72.9,12,未知,0.392,革兰阳性,0.6062
NC_007056_28,lysin,Staphylococcus,bacteria,Phietavirus,Unclassified,483,6.60e-69,3,1,2,none,0,no,93.38,High-quality,AF-A0AAX0ZEP4-F1,84.2,26,未知,0.098,革兰阳性,0.606
MZ234047_51,lysin,Escherichia,bacteria,Kayfunavirus,Autotranscriptaviridae,195,1.60e-293,,,,none,0,no,94.44,High-quality,,,,未知,0.173,其他革兰阴性/细菌,0.6059
OL615013_115,lysin,Shigella,bacteria,Agtrevirus,Ackermannviridae,265,1.40e-16,2,0,1,CBM(class);GH(class),0,yes,96.32,High-quality,,,,肽聚糖（推断）,0.534,其他革兰阴性/细菌,0.6058
NC_049455_189,lysin,Shigella,bacteria,Agtrevirus,Ackermannviridae,265,1.40e-16,2,0,1,CBM(class);GH(class),0,yes,100.0,Complete,,,,肽聚糖（推断）,0.534,其他革兰阴性/细菌,0.6058
PP001500_111,lysin,Salmonella,bacteria,Agtrevirus,Ackermannviridae,265,1.40e-16,2,0,1,CBM(class);GH(class),0,yes,92.01,High-quality,,,,肽聚糖（推断）,0.534,其他革兰阴性/细菌,0.6058
PZ196028.1_80,lysin,Enterobacter,bacteria,Unclassified,Unclassified,265,1.40e-16,2,0,1,CBM(class);GH(class),0,yes,95.25,High-quality,,,,肽聚糖（推断）,0.534,其他革兰阴性/细菌,0.6058
NC_013693_84,lysin,Shigella,bacteria,Agtrevirus,Ackermannviridae,265,1.40e-16,2,0,1,CBM(class);GH(class),0,yes,95.69,High-quality,,,,肽聚糖（推断）,0.534,其他革兰阴性/细菌,0.6058
OR449012_124,lysin,Salmonella,bacteria,Kuttervirus,Ackermannviridae,265,1.40e-16,2,0,1,CBM(class);GH(class),0,yes,94.48,High-quality,,,,肽聚糖（推断）,0.534,其他革兰阴性/细菌,0.6058
OX335395_35,depolymerase,Klebsiella,bacteria,Webervirus,Drexlerviridae,748,2.30e-09,1,0,0,none,0,no,95.82,High-quality,AF-A0A844PSZ7-F1,86.0,55,未知,0.225,CRKP/PA/AB 临床重点菌,0.6053
MZ234009_52,lysin,Escherichia,bacteria,Kayfunavirus,Autotranscriptaviridae,195,1.60e-293,,,,none,0,no,92.03,High-quality,,,,未知,0.168,其他革兰阴性/细菌,0.6052
ON602735_8,depolymerase,Klebsiella,bacteria,Webervirus,Drexlerviridae,743,5.10e-09,1,0,0,none,0,no,92.01,High-quality,AF-A0A422ZGC9-F1,86.9,35,未知,0.23,CRKP/PA/AB 临床重点菌,0.6051
PV891801_156,depolymerase,Klebsiella,bacteria,Taipeivirus,Ackermannviridae,769,1.80e-17,0,0,1,none,0,yes,100.0,Complete,AF-A0A423A248-F1,76.9,38,未知,0.087,CRKP/PA/AB 临床重点菌,0.605
OL615011_171,depolymerase,Shigella,bacteria,Agtrevirus,Ackermannviridae,1001,3.10e-153,,,,none,1,yes,96.02,High-quality,,,,未知,0.166,其他革兰阴性/细菌,0.6049
PP848842_2,depolymerase,Klebsiella,bacteria,Unclassified,Unclassified,842,2.10e-15,,,,none,0,no,92.42,High-quality,,,,未知,0.446,CRKP/PA/AB 临床重点菌,0.6048
PP738791_23,depolymerase,Klebsiella,bacteria,Unclassified,Unclassified,743,5.10e-09,1,0,0,none,0,no,92.57,High-quality,AF-A0A422ZGC9-F1,86.9,35,未知,0.228,CRKP/PA/AB 临床重点菌,0.6048
PV683293_136,depolymerase,Klebsiella,bacteria,Unclassified,Ackermannviridae,769,1.80e-17,0,0,1,none,0,yes,93.88,High-quality,AF-A0A423A248-F1,76.9,38,未知,0.085,CRKP/PA/AB 临床重点菌,0.6047
MZ234024_52,lysin,Escherichia,bacteria,Kayfunavirus,Autotranscriptaviridae,195,1.60e-293,,,,none,0,no,92.49,High-quality,,,,未知,0.163,其他革兰阴性/细菌,0.6044
PX570736_39,lysin,Staphylococcus,bacteria,Unclassified,Unclassified,488,9.90e-34,3,1,2,none,0,no,85.23,Medium-quality,AF-A0A9X4R0S9-F1,84.7,32,未知,0.082,革兰阳性,0.6044
OP272490_96,lysin,Enterobacter,bacteria,Kayfunavirus,Autotranscriptaviridae,240,1.70e-68,,,,none,0,no,98.41,High-quality,,,,未知,0.162,其他革兰阴性/细菌,0.6043
PX531244_25,lysin,Staphylococcus,bacteria,Unclassified,Unclassified,475,4.70e-46,3,1,2,none,0,no,89.52,Medium-quality,AF-A0A0M2NT56-F1,86.2,27,未知,0.065,革兰阳性,0.604
PV615262_2,lysin,Escherichia,bacteria,Kayfunavirus,Autotranscriptaviridae,554,1.60e-293,,,,none,0,no,93.46,High-quality,,,,未知,0.159,其他革兰阴性/细菌,0.6038
NC_048680_57,lysin,Lactobacillus,bacteria,Junavirus,Unclassified,317,8.70e-21,1,0,1,GH(class),0,no,83.93,Medium-quality,AF-A0A422MD01-F1,80.7,16,肽聚糖（推断）,0.025,革兰阳性,0.6035
PP239276_107,depolymerase,Escherichia,bacteria,Justusliebigvirus,Unclassified,553,3.30e-141,,,,none,0,no,100.0,Complete,,,,未知,0.156,其他革兰阴性/细菌,0.6034
NC_012753_41,lysin,Streptococcus,bacteria,Vansinderenvirus,Aliceevansviridae,282,3.50e-15,2,0,1,"CAZy(lytic_exoenzyme,class待定);GH(class)",0,yes,75.53,Medium-quality,AF-A0A3G6JJY4-F1,83.2,16,肽聚糖（推断）,0.114,革兰阳性,0.6033
OP750248_261,holin,Unspecified,bacteria,Gaprivervirus,Straboviridae,218,5.50e-54,1,0,0,none,1,yes,94.95,High-quality,,,,膜成孔（内溶素协同，推断）,0.184,未知,0.6026
MG957431_1,lysin,Vibrio,bacteria,Chatterjeevirus,Autotranscriptaviridae,1128,1.90e-210,,,,none,0,no,88.58,Medium-quality,,,,未知,0.549,其他革兰阴性/细菌,0.6023
OP272490_15,lysin,Enterobacter,bacteria,Kayfunavirus,Autotranscriptaviridae,292,1.70e-68,,,,none,0,no,98.41,High-quality,,,,未知,0.149,其他革兰阴性/细菌,0.6023
NC_013651_42,lysin,Vibrio,bacteria,Chatterjeevirus,Autotranscriptaviridae,1128,1.90e-210,,,,none,0,no,91.43,High-quality,,,,未知,0.548,其他革兰阴性/细菌,0.6022
OR233736_4,lysin,Vibrio,bacteria,Chatterjeevirus,Autotranscriptaviridae,1128,1.90e-210,,,,none,0,no,91.44,High-quality,,,,未知,0.548,其他革兰阴性/细菌,0.6022
NC_021332_65,lysin,Staphylococcus,bacteria,Phietavirus,Unclassified,482,1.80e-95,3,1,2,none,0,no,85.92,Medium-quality,AF-A0A9P2Z032-F1,83.8,27,未知,0.077,革兰阳性,0.6022
JQ780163_45,lysin,Vibrio,bacteria,Chatterjeevirus,Autotranscriptaviridae,1125,1.90e-210,,,,none,0,no,93.22,High-quality,,,,未知,0.547,其他革兰阴性/细菌,0.602
NC_007149_47,lysin,Vibrio,bacteria,Chatterjeevirus,Autotranscriptaviridae,1125,1.90e-210,,,,none,0,no,93.25,High-quality,,,,未知,0.547,其他革兰阴性/细菌,0.602
NC_024391_63,lysin,Staphylococcus,bacteria,Phietavirus,Unclassified,482,1.80e-95,3,1,2,none,0,no,88.0,Medium-quality,AF-A0A517KMF6-F1,85.4,25,未知,0.058,革兰阳性,0.6018
KY883643_13,lysin,Vibrio,bacteria,Chatterjeevirus,Autotranscriptaviridae,1128,1.90e-210,,,,none,0,no,100.0,Complete,,,,未知,0.543,其他革兰阴性/细菌,0.6014
ON464735_42,lysin,Vibrio,bacteria,Chatterjeevirus,Autotranscriptaviridae,1128,1.90e-210,,,,none,0,no,91.05,High-quality,,,,未知,0.543,其他革兰阴性/细菌,0.6014
NC_028821_1,lysin,Staphylococcus,bacteria,Unclassified,Unclassified,488,9.90e-34,3,1,2,none,0,no,83.89,Medium-quality,AF-A0A9X4R0S9-F1,84.7,32,未知,0.062,革兰阳性,0.6014
NC_019915_63,lysin,Staphylococcus,bacteria,Unclassified,Unclassified,210,9.90e-34,1,0,1,none,0,no,83.07,Medium-quality,AF-A0A9X4R0S9-F1,84.7,32,未知,0.062,革兰阳性,0.6014
OQ939567_41,lysin,Pectobacterium,bacteria,Kayfunavirus,Autotranscriptaviridae,1489,8.70e-287,,,,none,0,no,95.05,High-quality,,,,未知,0.142,其他革兰阴性/细菌,0.6013
HQ641341_42,lysin,Vibrio,bacteria,Chatterjeevirus,Autotranscriptaviridae,1128,1.90e-210,,,,none,0,no,92.74,High-quality,,,,未知,0.542,其他革兰阴性/细菌,0.6013
MT215167_6,lysin,Vibrio,bacteria,Chatterjeevirus,Autotranscriptaviridae,1128,1.90e-210,,,,none,0,no,100.0,Complete,,,,未知,0.542,其他革兰阴性/细菌,0.6013
KY883653_11,lysin,Vibrio,bacteria,Chatterjeevirus,Autotranscriptaviridae,1128,1.90e-210,,,,none,0,no,93.41,High-quality,,,,未知,0.542,其他革兰阴性/细菌,0.6013
NC_015159_43,lysin,Vibrio,bacteria,Chatterjeevirus,Autotranscriptaviridae,1128,1.90e-210,,,,none,0,no,92.99,High-quality,,,,未知,0.542,其他革兰阴性/细菌,0.6013
NC_049384_197,lysin,Enterobacter,bacteria,Agtrevirus,Ackermannviridae,265,1.40e-16,2,0,1,CBM(class);GH(class),0,yes,97.31,High-quality,,,,肽聚糖（推断）,0.504,其他革兰阴性/细菌,0.6013
OL961820_244,holin,Unspecified,bacteria,Unclassified,Unclassified,218,5.50e-54,1,0,0,none,1,yes,95.49,High-quality,,,,膜成孔（内溶素协同，推断）,0.175,未知,0.6012
OP750247_271,holin,Unspecified,bacteria,Gaprivervirus,Straboviridae,218,5.50e-54,1,0,0,none,1,yes,96.02,High-quality,,,,膜成孔（内溶素协同，推断）,0.175,未知,0.6012
KY883644_49,lysin,Vibrio,bacteria,Chatterjeevirus,Autotranscriptaviridae,1128,1.90e-210,,,,none,0,no,90.46,High-quality,,,,未知,0.541,其他革兰阴性/细菌,0.6011
NC_022914_24,lysin,Staphylococcus,bacteria,Unclassified,Unclassified,475,4.70e-46,3,1,2,none,0,no,90.78,High-quality,AF-A0A0M2NT56-F1,86.2,27,未知,0.044,革兰阳性,0.6009
OL976437_1,depolymerase,Klebsiella,bacteria,Drulisvirus,Autoscriptoviridae,1189,9.50e-06,1,1,0,none,0,no,93.86,High-quality,AF-A0A193SCY5-F1,74.3,91,未知,0.469,CRKP/PA/AB 临床重点菌,0.6003
OR354821_172,lysin,Staphylococcus,bacteria,Unclassified,Herelleviridae,260,2.00e-16,2,0,1,none,0,no,92.69,High-quality,AF-A0A2T4PZB7-F1,89.2,26,未知,0.379,革兰阳性,0.6003
OR354823_59,lysin,Staphylococcus,bacteria,Unclassified,Herelleviridae,260,2.00e-16,2,0,1,none,0,no,93.86,High-quality,AF-A0A2T4PZB7-F1,89.2,26,未知,0.379,革兰阳性,0.6003
MZ417326_147,lysin,Staphylococcus,bacteria,Unclassified,Herelleviridae,256,2.00e-16,2,0,1,none,0,no,81.07,Medium-quality,AF-A0A2T4PZB7-F1,89.2,26,未知,0.379,革兰阳性,0.6003
NC_007065_28,lysin,Staphylococcus,bacteria,Phietavirus,Unclassified,207,1.80e-95,1,0,1,none,0,no,90.05,High-quality,AF-A0AB37XTY1-F1,81.5,31,未知,0.087,革兰阳性,0.6003
MZ398247_50,lysin,Enterobacteria,bacteria,Kayfunavirus,Autotranscriptaviridae,906,4.90e-299,,,,none,0,no,92.41,High-quality,,,,未知,0.135,其他革兰阴性/细菌,0.6002
NC_031077_25,depolymerase,Enterobacter,bacteria,Uetakevirus,Unclassified,853,2.00e-14,2,0,1,"CAZy(tailspike,class待定)",0,no,71.71,Medium-quality,,,,荚膜多糖（推断）,0.092,其他革兰阴性/细菌,0.6001
OP807345_11,lysin,Lacticaseibacillus,bacteria,Coetzeevirus,Unclassified,351,6.90e-53,1,1,1,none,0,yes,68.86,Medium-quality,AF-A0AAP9HHA2-F1,84.7,24,未知,0.054,革兰阳性,0.6001
ON602767_43,depolymerase,Klebsiella,bacteria,Drulisvirus,Autoscriptoviridae,849,5.70e-13,2,0,1,none,0,no,94.88,High-quality,,,,未知,0.255,CRKP/PA/AB 临床重点菌,0.5999
CAKLQH020000015_62,depolymerase,Acinetobacter,bacteria,Unclassified,Unclassified,937,7.20e-07,1,0,1,none,0,yes,73.26,Medium-quality,AF-A0A8B5UIK5-F1,85.2,49,未知,0.306,CRKP/PA/AB 临床重点菌,0.5997
PV472050_182,lysin,Pseudomonas,bacteria,Unclassified,Straboviridae,1373,2.30e-20,,,,none,0,no,71.82,Medium-quality,,,,未知,0.592,CRKP/PA/AB 临床重点菌,0.5997
PV768545_27,lysin,Staphylococcus,bacteria,Unclassified,Unclassified,482,1.80e-95,3,1,2,none,0,no,91.22,High-quality,AF-A0A517KG25-F1,85.3,31,未知,0.044,革兰阳性,0.5996
OR479082_38,lysin,Staphylococcus,bacteria,Unclassified,Unclassified,482,1.80e-95,3,1,2,none,0,no,74.63,Medium-quality,AF-A0A517KMF6-F1,85.4,25,未知,0.042,革兰阳性,0.5994
ON602743_13,depolymerase,Klebsiella,bacteria,Drulisvirus,Autoscriptoviridae,849,5.70e-13,2,0,1,none,0,no,93.88,High-quality,,,,未知,0.251,CRKP/PA/AB 临床重点菌,0.5993
OP807342_3,lysin,Lacticaseibacillus,bacteria,Iaduovirus,Unclassified,351,6.90e-53,1,1,1,none,0,yes,90.37,High-quality,AF-A0A5R8LKS6-F1,84.1,22,未知,0.054,革兰阳性,0.5992
OR354820_188,lysin,Staphylococcus,bacteria,Unclassified,Herelleviridae,260,2.00e-16,2,0,1,none,0,no,92.2,High-quality,AF-A0A2T4PZB7-F1,89.2,26,未知,0.371,革兰阳性,0.5991
OR354848_35,lysin,Staphylococcus,bacteria,Unclassified,Unclassified,122,9.90e-34,,,,none,0,no,80.9,Medium-quality,AF-A0A9X4R0S9-F1,84.7,32,未知,0.046,革兰阳性,0.5989
OR354847_32,lysin,Staphylococcus,bacteria,Unclassified,Unclassified,488,9.90e-34,3,1,2,none,0,no,82.68,Medium-quality,AF-A0A9X4R0S9-F1,84.7,32,未知,0.045,革兰阳性,0.5988
NC_007050_28,lysin,Staphylococcus,bacteria,Dubowvirus,Unclassified,214,1.80e-95,1,0,1,none,0,no,93.8,High-quality,AF-A0AAP7EGW1-F1,82.5,10,未知,0.066,革兰阳性,0.5987
NC_022756_21,lysin,Lactobacillus,bacteria,Junavirus,Unclassified,351,6.90e-53,1,1,1,none,0,yes,78.3,Medium-quality,AF-A0A5R8LKS6-F1,84.1,22,未知,0.049,革兰阳性,0.5985
PP554657_3,lysin,Staphylococcus,bacteria,Dubowvirus,Unclassified,482,1.80e-95,3,1,2,none,0,no,88.75,Medium-quality,AF-A0A517KMF6-F1,85.4,25,未知,0.035,革兰阳性,0.5984
NC_028862_24,lysin,Staphylococcus,bacteria,Triavirus,Unclassified,482,1.80e-95,3,1,2,none,0,no,88.45,Medium-quality,AF-A0A517KMF6-F1,85.4,25,未知,0.035,革兰阳性,0.5984
NC_048135_9,lysin,Enterobacter,bacteria,Kayfunavirus,Autotranscriptaviridae,1486,5.50e-284,,,,none,0,no,100.0,Complete,,,,未知,0.122,其他革兰阴性/细菌,0.5983
OQ578993_67,lysin,Staphylococcus,bacteria,Unclassified,Unclassified,482,1.80e-95,3,1,2,none,0,no,94.49,High-quality,AF-A0A9P2Z032-F1,83.8,27,未知,0.05,革兰阳性,0.5982
OR474483_60,lysin,Staphylococcus,bacteria,Dubowvirus,Unclassified,482,1.80e-95,3,1,2,none,0,no,88.97,Medium-quality,AF-A0A517KMF6-F1,85.4,25,未知,0.033,革兰阳性,0.598
NC_054982_3,lysin,Staphylococcus,bacteria,Phietavirus,Unclassified,482,1.80e-95,3,1,2,none,0,no,91.25,High-quality,AF-A0A517KMF6-F1,85.4,25,未知,0.033,革兰阳性,0.598
OP617745_442,depolymerase,Klebsiella,bacteria,Alcyoneusvirus,Unclassified,992,2.00e-12,,,,none,0,no,92.17,High-quality,,,,未知,0.532,CRKP/PA/AB 临床重点菌,0.5978
PQ227829_47,lysin,Enterobacter,bacteria,Kayfunavirus,Autotranscriptaviridae,151,1.60e-293,,,,none,0,no,100.0,Complete,,,,未知,0.119,其他革兰阴性/细菌,0.5978
PP952055.1_28,lysin,Staphylococcus,bacteria,Phietavirus,Unclassified,482,1.80e-95,3,1,2,none,0,no,91.67,High-quality,AF-A0A517KMF6-F1,85.4,25,未知,0.031,革兰阳性,0.5978
OQ860977_48,lysin,Salmonella,bacteria,Kayfunavirus,Autotranscriptaviridae,93,1.60e-293,,,,none,0,no,100.0,Complete,,,,未知,0.118,其他革兰阴性/细菌,0.5977
NC_028911_24,lysin,Lactobacillus,bacteria,Colunavirus,Unclassified,351,6.90e-53,1,1,1,none,0,yes,60.84,Medium-quality,AF-A0AAP4JI69-F1,83.5,22,未知,0.049,革兰阳性,0.5976
NC_004112_20,lysin,Lactobacillus,bacteria,Ashduovirus,Unclassified,351,6.90e-53,1,1,1,none,0,yes,83.22,Medium-quality,AF-S2NUT9-F1,84.4,18,未知,0.04,革兰阳性,0.5976
NC_021323_59,lysin,Staphylococcus,bacteria,Triavirus,Unclassified,482,1.80e-95,3,1,2,none,0,no,90.72,High-quality,AF-A0A517KMF6-F1,85.4,25,未知,0.029,革兰阳性,0.5975
OQ863049.1_24,lysin,Staphylococcus,bacteria,Unclassified,Unclassified,482,1.80e-95,3,1,2,none,0,no,92.79,High-quality,AF-A0A517KG25-F1,85.3,31,未知,0.029,革兰阳性,0.5973
NC_011614_63,lysin,Staphylococcus,bacteria,Dubowvirus,Unclassified,482,1.80e-95,3,1,2,none,0,no,90.31,High-quality,AF-A0A517KG25-F1,85.3,31,未知,0.029,革兰阳性,0.5973
ON911716_65,lysin,Staphylococcus,bacteria,Dubowvirus,Unclassified,482,1.80e-95,3,1,2,none,0,no,91.83,High-quality,AF-A0A517KG25-F1,85.3,31,未知,0.027,革兰阳性,0.597
KM209294_5,depolymerase,Dickeya,bacteria,Unclassified,Ackermannviridae,1020,6.40e-157,1,0,1,none,2,no,7.75,Low-quality,,,,未知,0.111,其他革兰阴性/细菌,0.5967
PV069681_53,lysin,Staphylococcus,bacteria,Unclassified,Unclassified,482,1.80e-95,3,1,2,none,0,no,88.39,Medium-quality,AF-A0A9P2Z032-F1,83.8,27,未知,0.04,革兰阳性,0.5967
OQ687052_23,lysin,Staphylococcus,bacteria,Peeveelvirus,Unclassified,482,1.80e-95,3,1,2,none,0,no,91.12,High-quality,AF-A0A9P2Z032-F1,83.8,27,未知,0.04,革兰阳性,0.5967
NC_062581_201,lysin,Pseudomonas,bacteria,Tepukevirus,Chimalliviridae,259,3.70e-07,1,0,2,CBM(class),0,yes,99.22,High-quality,,,,肽聚糖（推断）,0.624,CRKP/PA/AB 临床重点菌,0.5965
PQ039555_54,lysin,Enterobacter,bacteria,Unclassified,Unclassified,138,1.60e-293,,,,none,0,no,92.14,High-quality,,,,未知,0.11,其他革兰阴性/细菌,0.5965
NC_054981_47,lysin,Staphylococcus,bacteria,Phietavirus,Unclassified,482,1.80e-95,3,1,2,none,0,no,92.27,High-quality,AF-A0A517KG25-F1,85.3,31,未知,0.023,革兰阳性,0.5964
MT956952_23,lysin,Lactobacillus,bacteria,Unclassified,Unclassified,351,6.90e-53,1,1,1,none,0,yes,74.78,Medium-quality,AF-A0AAP4JI69-F1,83.5,22,未知,0.04,革兰阳性,0.5963
NC_028835_27,lysin,Lactobacillus,bacteria,Colunavirus,Unclassified,351,6.90e-53,1,1,1,none,0,yes,60.72,Medium-quality,AF-A0AAP4JI69-F1,83.5,22,未知,0.04,革兰阳性,0.5963
NC_028888_25,lysin,Lactobacillus,bacteria,Colunavirus,Unclassified,351,6.90e-53,1,1,1,none,0,yes,65.95,Medium-quality,AF-A0AAP4JI69-F1,83.5,22,未知,0.04,革兰阳性,0.5963
NC_007064_27,lysin,Staphylococcus,bacteria,Phietavirus,Unclassified,482,1.80e-95,3,1,2,none,0,no,88.38,Medium-quality,AF-A0A517KG25-F1,85.3,31,未知,0.021,革兰阳性,0.5961
LC819009_38,lysin,Ralstonia,bacteria,Unclassified,Unclassified,2040,2.00e-19,1,0,1,GH18/19,2,no,76.6,Medium-quality,,,,肽聚糖（推断）,0.076,其他革兰阴性/细菌,0.5961
LC819006_39,lysin,Ralstonia,bacteria,Unclassified,Unclassified,2040,2.00e-19,1,0,1,GH18/19,2,no,76.65,Medium-quality,,,,肽聚糖（推断）,0.076,其他革兰阴性/细菌,0.5961
LC592711_41,lysin,Burkholderia,bacteria,Chiangmaivirus,Chimalliviridae,2040,2.00e-19,1,0,1,GH18/19,2,no,77.11,Medium-quality,,,,肽聚糖（推断）,0.076,其他革兰阴性/细菌,0.5961
LC819008_38,lysin,Ralstonia,bacteria,Unclassified,Unclassified,2040,2.00e-19,1,0,1,GH18/19,3,no,76.47,Medium-quality,,,,肽聚糖（推断）,0.076,其他革兰阴性/细菌,0.5961
NC_025452_125,depolymerase,Dickeya,bacteria,Limestonevirus,Ackermannviridae,1020,6.40e-157,1,0,1,none,1,no,93.93,High-quality,,,,未知,0.106,其他革兰阴性/细菌,0.5959
MK202160_22,lysin,Streptococcus,bacteria,Unclassified,Aliceevansviridae,282,4.20e-13,2,0,1,"CAZy(lytic_exoenzyme,class待定);GH(class)",0,no,63.49,Medium-quality,AF-A0A0E2Q2U3-F1,86.1,14,肽聚糖（推断）,0.128,革兰阳性,0.5959
NC_028917_66,lysin,Staphylococcus,bacteria,Phietavirus,Unclassified,482,1.80e-95,3,1,2,none,0,no,88.54,Medium-quality,AF-A0A517KG25-F1,85.3,31,未知,0.019,革兰阳性,0.5958
NC_007065_26,lysin,Staphylococcus,bacteria,Phietavirus,Unclassified,214,1.80e-95,1,0,1,none,0,no,90.05,High-quality,AF-A0AAP7EGW1-F1,82.5,10,未知,0.047,革兰阳性,0.5958
NC_007060_27,lysin,Staphylococcus,bacteria,Phietavirus,Unclassified,482,1.80e-95,3,1,2,none,0,no,88.79,Medium-quality,AF-A0A517KG25-F1,85.3,31,未知,0.017,革兰阳性,0.5955
ON513432_28,lysin,Staphylococcus,bacteria,Phietavirus,Unclassified,482,1.80e-95,3,1,2,none,0,no,91.84,High-quality,AF-A0A517KG25-F1,85.3,31,未知,0.017,革兰阳性,0.5955
OM439673_72,lysin,Staphylococcus,bacteria,Phietavirus,Unclassified,482,1.80e-95,3,1,2,none,0,no,91.23,High-quality,AF-A0A517KG25-F1,85.3,31,未知,0.017,革兰阳性,0.5955
MW554488_19,lysin,Staphylococcus,bacteria,Dubowvirus,Unclassified,482,1.80e-95,3,1,2,none,0,no,91.56,High-quality,AF-A0A517KG25-F1,85.3,31,未知,0.017,革兰阳性,0.5955
NC_019526_540,depolymerase,Klebsiella,bacteria,Alcyoneusvirus,Unclassified,768,9.20e-22,0,0,1,none,0,no,89.93,Medium-quality,,,,未知,0.1,CRKP/PA/AB 临床重点菌,0.5952
OQ851348_60,lysin,Staphylococcus,bacteria,Dubowvirus,Unclassified,482,1.80e-95,3,1,2,none,0,no,92.48,High-quality,AF-A0A517KG25-F1,85.3,31,未知,0.015,革兰阳性,0.5952
NC_007048_28,lysin,Staphylococcus,bacteria,Dubowvirus,Unclassified,482,1.80e-95,3,1,2,none,0,no,90.27,High-quality,AF-A0A517KG25-F1,85.3,31,未知,0.015,革兰阳性,0.5952
NC_030652_60,lysin,Staphylococcus,bacteria,Phietavirus,Unclassified,482,1.80e-95,3,1,2,none,0,no,89.63,Medium-quality,AF-A0A517KG25-F1,85.3,31,未知,0.015,革兰阳性,0.5952
CP071049_60,lysin,Staphylococcus,bacteria,Phietavirus,Unclassified,482,1.80e-95,3,1,2,none,0,no,88.96,Medium-quality,AF-A0A517KG25-F1,85.3,31,未知,0.015,革兰阳性,0.5952
PP098622_62,lysin,Staphylococcus,bacteria,Phietavirus,Unclassified,482,1.80e-95,3,1,2,none,0,no,91.02,High-quality,AF-A0A517KG25-F1,85.3,31,未知,0.015,革兰阳性,0.5952
OR453398_69,lysin,Staphylococcus,bacteria,Dubowvirus,Unclassified,482,1.80e-95,3,1,2,none,0,no,93.72,High-quality,AF-A0A517KG25-F1,85.3,31,未知,0.015,革兰阳性,0.5952
OK583893_55,depolymerase,Klebsiella,bacteria,Drulisvirus,Autoscriptoviridae,593,4.00e-17,1,0,1,none,0,no,100.0,Complete,,,,未知,0.571,CRKP/PA/AB 临床重点菌,0.595
PX138291.1_24,lysin,Streptococcus,bacteria,Moineauvirus,Aliceevansviridae,282,4.20e-13,2,0,1,"CAZy(lytic_exoenzyme,class待定);GH(class)",0,no,69.58,Medium-quality,AF-A0A0E2Q2U3-F1,86.1,14,肽聚糖（推断）,0.121,革兰阳性,0.5948
NC_007061_27,lysin,Staphylococcus,bacteria,Phietavirus,Unclassified,482,1.80e-95,3,1,2,none,0,no,91.16,High-quality,AF-A0A517KG25-F1,85.3,31,未知,0.012,革兰阳性,0.5948
NC_031036_21,lysin,Lactobacillus,bacteria,Pleeduovirus,Unclassified,351,6.90e-53,1,1,1,none,0,yes,57.9,Medium-quality,AF-K0N732-F1,86.5,22,未知,0.0,革兰阳性,0.5948
NC_027399_540,depolymerase,Klebsiella,bacteria,Alcyoneusvirus,Unclassified,768,6.90e-24,0,0,1,none,0,yes,90.19,High-quality,,,,未知,0.0,CRKP/PA/AB 临床重点菌,0.5944
NC_019910_205,depolymerase,Salmonella,bacteria,Agtrevirus,Ackermannviridae,1020,6.40e-157,1,0,1,none,1,yes,96.59,High-quality,,,,未知,0.096,其他革兰阴性/细菌,0.5944
OR287808_55,depolymerase,Klebsiella,bacteria,Drulisvirus,Autoscriptoviridae,593,4.00e-17,1,0,1,none,0,no,100.0,Complete,,,,未知,0.566,CRKP/PA/AB 临床重点菌,0.5942
MW238767_16,lysin,Staphylococcus,bacteria,Phietavirus,Unclassified,482,1.80e-95,3,1,2,none,0,no,90.02,High-quality,AF-A0A517KG25-F1,85.3,31,未知,0.008,革兰阳性,0.5941
MN445183_153,lysin,Salmonella,bacteria,Unclassified,Unclassified,2217,4.20e-18,1,1,1,GH18/19,2,no,97.02,High-quality,,,,肽聚糖（推断）,0.521,其他革兰阴性/细菌,0.594
NC_028913_66,lysin,Staphylococcus,bacteria,Dubowvirus,Unclassified,482,1.80e-95,3,1,2,none,0,no,91.03,High-quality,AF-A0A517KG25-F1,85.3,31,未知,0.006,革兰阳性,0.5938
PV069682_14,lysin,Staphylococcus,bacteria,Unclassified,Unclassified,365,1.80e-95,2,1,1,none,0,no,91.33,High-quality,AF-A0A2C9TWP3-F1,85.5,29,未知,0.003,革兰阳性,0.5937
NC_019919_39,holin,Yersinia,bacteria,Epseptimavirus,Demerecviridae,219,5.80e-15,1,0,0,none,1,yes,100.0,Complete,,,,膜成孔（内溶素协同，推断）,0.158,其他革兰阴性/细菌,0.5936
OP947204_64,lysin,Staphylococcus,bacteria,Phietavirus,Unclassified,482,1.80e-95,3,1,2,none,0,no,91.63,High-quality,AF-A0A517KG25-F1,85.3,31,未知,0.004,革兰阳性,0.5936
MZ571832_12,lysin,Klebsiella,bacteria,Przondovirus,Autotranscriptaviridae,1509,0.00e+00,1,0,1,GH23,0,no,100.0,Complete,,,,肽聚糖（推断）,0.49,CRKP/PA/AB 临床重点菌,0.5935
MK693005_49,depolymerase,Klebsiella,bacteria,Drulisvirus,Autoscriptoviridae,937,2.10e-11,1,0,0,none,0,no,95.4,High-quality,,,,未知,0.412,CRKP/PA/AB 临床重点菌,0.593
PQ039555_53,lysin,Enterobacter,bacteria,Unclassified,Unclassified,306,1.60e-293,,,,none,0,no,92.14,High-quality,,,,未知,0.087,其他革兰阴性/细菌,0.593
OP272493_53,lysin,Enterobacter,bacteria,Kayfunavirus,Autotranscriptaviridae,242,1.60e-293,,,,none,0,no,92.39,High-quality,,,,未知,0.087,其他革兰阴性/细菌,0.593
OP272492_17,lysin,Enterobacter,bacteria,Kayfunavirus,Autotranscriptaviridae,235,1.60e-293,,,,none,0,no,91.55,High-quality,,,,未知,0.087,其他革兰阴性/细菌,0.593
PZ091928.1_13,lysin,Klebsiella,bacteria,Unclassified,Unclassified,1488,0.00e+00,1,0,1,GH23,0,no,100.0,Complete,,,,肽聚糖（推断）,0.487,CRKP/PA/AB 临床重点菌,0.593
PQ561523_40,lysin,Klebsiella,bacteria,Przondovirus,Autotranscriptaviridae,1509,0.00e+00,1,0,1,GH23,0,no,94.39,High-quality,,,,肽聚糖（推断）,0.486,CRKP/PA/AB 临床重点菌,0.5929
PP889467_37,lysin,Klebsiella,bacteria,Unclassified,Unclassified,1489,0.00e+00,1,0,1,GH23,0,no,94.29,High-quality,,,,肽聚糖（推断）,0.486,CRKP/PA/AB 临床重点菌,0.5929
PP889475_40,lysin,Klebsiella,bacteria,Unclassified,Unclassified,1488,0.00e+00,1,0,1,GH23,0,no,95.76,High-quality,,,,肽聚糖（推断）,0.486,CRKP/PA/AB 临床重点菌,0.5929
NC_010808_68,lysin,Staphylococcus,bacteria,Dubowvirus,Unclassified,482,1.80e-95,3,1,2,none,0,no,93.8,High-quality,AF-A0A9P2Z032-F1,83.8,27,未知,0.015,革兰阳性,0.5929
PQ505476_41,lysin,Klebsiella,bacteria,Przondovirus,Autotranscriptaviridae,1488,0.00e+00,1,0,1,GH23,0,no,95.33,High-quality,,,,肽聚糖（推断）,0.485,CRKP/PA/AB 临床重点菌,0.5927
MN871444_115,depolymerase,Serratia,bacteria,Unclassified,Unclassified,821,2.20e-61,0,0,1,none,0,no,91.55,High-quality,,,,未知,0.083,其他革兰阴性/细菌,0.5925
PQ039553_93,lysin,Enterobacter,bacteria,Unclassified,Unclassified,171,4.40e-48,,,,none,0,no,99.1,High-quality,,,,未知,0.083,其他革兰阴性/细菌,0.5925
OP272492_18,lysin,Enterobacter,bacteria,Kayfunavirus,Autotranscriptaviridae,266,1.60e-293,,,,none,0,no,91.55,High-quality,,,,未知,0.083,其他革兰阴性/细菌,0.5925
OR901656_35,lysin,Staphylococcus,bacteria,Phietavirus,Unclassified,482,1.80e-95,3,1,2,none,0,no,80.22,Medium-quality,AF-A0A9P2Z032-F1,83.8,27,未知,0.01,革兰阳性,0.5922
PP098623_67,lysin,Staphylococcus,bacteria,Dubowvirus,Unclassified,482,1.80e-95,3,1,2,none,0,no,91.61,High-quality,AF-A0A9P2Z032-F1,83.8,27,未知,0.01,革兰阳性,0.5922
OQ718882_47,depolymerase,Klebsiella,bacteria,Unclassified,Unclassified,695,9.70e-18,0,0,1,none,0,no,83.04,Medium-quality,,,,未知,0.256,CRKP/PA/AB 临床重点菌,0.5918
PV231330_10,depolymerase,Klebsiella,bacteria,Unclassified,Unclassified,937,2.10e-11,1,0,0,none,0,no,100.0,Complete,,,,未知,0.404,CRKP/PA/AB 临床重点菌,0.5918
NC_048161_49,lysin,Cronobacter,bacteria,Kayfunavirus,Autotranscriptaviridae,101,1.60e-293,,,,none,0,no,100.0,Complete,,,,未知,0.079,其他革兰阴性/细菌,0.5918
NC_071146_46,depolymerase,Klebsiella,bacteria,Unclassified,Unclassified,695,9.70e-18,0,0,1,none,0,no,83.67,Medium-quality,,,,未知,0.253,CRKP/PA/AB 临床重点菌,0.5914
NC_013693_173,depolymerase,Shigella,bacteria,Agtrevirus,Ackermannviridae,1020,6.40e-157,1,0,1,none,1,yes,95.69,High-quality,,,,未知,0.076,其他革兰阴性/细菌,0.5914
OR290821_45,lysin,Klebsiella,bacteria,Przondovirus,Autotranscriptaviridae,527,0.00e+00,1,0,1,GH23,0,no,100.0,Complete,,,,肽聚糖（推断）,0.476,CRKP/PA/AB 临床重点菌,0.5914
NC_007050_30,lysin,Staphylococcus,bacteria,Dubowvirus,Unclassified,238,1.80e-95,2,1,1,none,0,no,93.8,High-quality,AF-A0A9P2Z032-F1,83.8,27,未知,0.004,革兰阳性,0.5913
PQ133612_5,depolymerase,Klebsiella,bacteria,Unclassified,Unclassified,763,1.70e-08,1,0,0,none,0,no,100.0,Complete,AF-A0AAW3G0T4-F1,87.6,47,未知,0.152,CRKP/PA/AB 临床重点菌,0.591
PP098624_73,lysin,Staphylococcus,bacteria,Phietavirus,Unclassified,482,1.80e-95,3,1,2,none,0,no,93.61,High-quality,AF-A0A9P2Z032-F1,83.8,27,未知,0.002,革兰阳性,0.591
NC_010147_67,lysin,Staphylococcus,bacteria,Phietavirus,Unclassified,482,1.80e-95,3,1,2,none,0,no,89.51,Medium-quality,AF-A0A9P2Z032-F1,83.8,27,未知,0.002,革兰阳性,0.591
MZ041098_14,lysin,Staphylococcus,bacteria,Phietavirus,Unclassified,482,1.80e-95,3,1,2,none,0,no,90.04,High-quality,AF-A0A9P2Z032-F1,83.8,27,未知,0.0,革兰阳性,0.5907
KX452697_10,depolymerase,Serratia,bacteria,Miltonvirus,Ackermannviridae,959,1.90e-70,,,,none,0,no,95.63,High-quality,,,,未知,0.07,其他革兰阴性/细菌,0.5905
PX060903.1_50,depolymerase,Klebsiella,bacteria,Unclassified,Unclassified,870,1.60e-11,2,0,1,none,0,no,95.37,High-quality,,,,未知,0.257,CRKP/PA/AB 临床重点菌,0.5905
PV615264_66,depolymerase,Klebsiella,bacteria,Webervirus,Drexlerviridae,763,1.70e-08,1,0,0,none,0,no,92.32,High-quality,AF-A0AAW3G0T4-F1,87.6,47,未知,0.149,CRKP/PA/AB 临床重点菌,0.5905
PX563682.1_51,lysin,Yersinia,bacteria,Unclassified,Unclassified,919,2.40e-29,,,,none,1,no,89.48,Medium-quality,,,,未知,0.131,其他革兰阴性/细菌,0.5904
OY979414_11,depolymerase,Klebsiella,bacteria,Gansuvirus,Autosignataviridae,651,3.00e-13,1,0,0,none,0,no,95.51,High-quality,,,,未知,0.31,CRKP/PA/AB 临床重点菌,0.59
OP272490_13,lysin,Enterobacter,bacteria,Kayfunavirus,Autotranscriptaviridae,115,1.60e-293,,,,none,0,yes,98.41,High-quality,,,,未知,0.067,其他革兰阴性/细菌,0.59
PQ197424_39,depolymerase,Raoultella,bacteria,Unclassified,Unclassified,292,3.70e-29,2,0,1,none,0,no,100.0,Complete,,,,未知,0.065,其他革兰阴性/细菌,0.5897
NC_048170_232,lysin,Escherichia,bacteria,Goslarvirus,Chimalliviridae,2253,2.40e-43,0,0,1,none,2,no,100.0,Complete,,,,未知,0.065,其他革兰阴性/细菌,0.5897
OR896824_114,holin,Escherichia,bacteria,Epseptimavirus,Demerecviridae,219,5.80e-15,1,0,0,none,1,yes,87.38,Medium-quality,,,,膜成孔（内溶素协同，推断）,0.129,其他革兰阴性/细菌,0.5893
PQ182779_225,depolymerase,Klebsiella,bacteria,Unclassified,Unclassified,1020,6.80e-12,1,0,1,none,0,yes,99.41,High-quality,,,,未知,0.365,CRKP/PA/AB 临床重点菌,0.5892
ON489264_3,depolymerase,Klebsiella,bacteria,Webervirus,Drexlerviridae,777,1.70e-08,1,0,0,none,0,no,95.86,High-quality,AF-A0AAW3G0T4-F1,87.6,47,未知,0.14,CRKP/PA/AB 临床重点菌,0.5892
NC_049844_2,depolymerase,Klebsiella,bacteria,Webervirus,Drexlerviridae,763,1.70e-08,1,0,0,none,0,no,80.62,Medium-quality,AF-A0AAW3G0T4-F1,87.6,47,未知,0.14,CRKP/PA/AB 临床重点菌,0.5892
OK583892_54,depolymerase,Klebsiella,bacteria,Drulisvirus,Autoscriptoviridae,591,6.10e-17,1,0,1,none,0,yes,100.0,Complete,,,,未知,0.54,CRKP/PA/AB 临床重点菌,0.5891
OP413830_48,depolymerase,Klebsiella,bacteria,Gansuvirus,Autosignataviridae,651,3.00e-13,1,0,0,none,0,no,100.0,Complete,,,,未知,0.304,CRKP/PA/AB 临床重点菌,0.5891
OP272490_14,lysin,Enterobacter,bacteria,Kayfunavirus,Autotranscriptaviridae,125,1.60e-293,,,,none,0,no,98.41,High-quality,,,,未知,0.06,其他革兰阴性/细菌,0.589
MT939252_61,depolymerase,Klebsiella,bacteria,Drulisvirus,Autoscriptoviridae,556,9.70e-23,0,0,1,none,0,no,100.0,Complete,,,,未知,0.014,CRKP/PA/AB 临床重点菌,0.5889
OM032871_36,depolymerase,Klebsiella,bacteria,Webervirus,Drexlerviridae,763,1.70e-08,1,0,0,none,0,no,100.0,Complete,AF-A0AAW3G0T4-F1,87.6,47,未知,0.138,CRKP/PA/AB 临床重点菌,0.5889
MZ571833_1,depolymerase,Klebsiella,bacteria,Webervirus,Drexlerviridae,749,1.70e-08,1,0,0,none,0,yes,91.4,High-quality,AF-A0AAW3G0T4-F1,87.6,47,未知,0.138,CRKP/PA/AB 临床重点菌,0.5889
PP341282_21,depolymerase,Klebsiella,bacteria,Unclassified,Unclassified,763,1.70e-08,1,0,0,none,0,no,91.7,High-quality,AF-A0AAW3G0T4-F1,87.6,47,未知,0.138,CRKP/PA/AB 临床重点菌,0.5889
OP272491_15,lysin,Enterobacter,bacteria,Kayfunavirus,Autotranscriptaviridae,193,1.60e-293,,,,none,0,no,93.21,High-quality,,,,未知,0.059,其他革兰阴性/细菌,0.5888
NC_061418_329,depolymerase,Klebsiella,bacteria,Siatvirus,Chimalliviridae,740,6.90e-16,1,0,2,none,0,no,98.94,High-quality,,,,未知,0.184,CRKP/PA/AB 临床重点菌,0.5887
OM439674_70,lysin,Staphylococcus,bacteria,Phietavirus,Unclassified,214,1.80e-95,1,0,1,none,0,no,90.75,High-quality,AF-A0AAP7EGW1-F1,82.5,10,未知,0.0,革兰阳性,0.5887
PV357744_95,depolymerase,Klebsiella,bacteria,Unclassified,Unclassified,768,9.20e-22,0,0,1,none,0,no,100.0,Complete,,,,未知,0.056,CRKP/PA/AB 临床重点菌,0.5886
OY978791_43,lysin,Klebsiella,bacteria,Przondovirus,Autotranscriptaviridae,446,0.00e+00,1,0,1,GH23,0,no,95.44,High-quality,,,,肽聚糖（推断）,0.457,CRKP/PA/AB 临床重点菌,0.5886
PX123545_2,lysin,Escherichia,bacteria,Unclassified,Unclassified,1489,1.60e-293,,,,none,0,no,92.62,High-quality,,,,未知,0.057,其他革兰阴性/细菌,0.5886
PX670405.1_51,depolymerase,Klebsiella,bacteria,Unclassified,Unclassified,859,1.40e-13,2,0,0,none,0,no,95.38,High-quality,,,,未知,0.152,CRKP/PA/AB 临床重点菌,0.5885
MW057854_1,lysin,Providencia,bacteria,Solymavirus,Autotranscriptaviridae,857,2.40e-29,,,,none,0,no,90.54,High-quality,,,,未知,0.118,其他革兰阴性/细菌,0.5885
OP272490_12,lysin,Enterobacter,bacteria,Kayfunavirus,Autotranscriptaviridae,112,1.60e-293,,,,none,0,no,98.41,High-quality,,,,未知,0.056,其他革兰阴性/细菌,0.5884
MZ417325_46,lysin,Staphylococcus,bacteria,Sepunavirus,Herelleviridae,258,5.90e-15,2,0,1,none,0,no,90.19,High-quality,AF-A0A2T4PZB7-F1,89.2,26,未知,0.364,革兰阳性,0.5883
MN871453_94,lysin,Serratia,bacteria,Unclassified,Unclassified,2195,1.00e-19,1,0,1,GH23,2,no,99.25,High-quality,,,,肽聚糖（推断）,0.011,其他革兰阴性/细菌,0.5883
PX563682.1_1,lysin,Yersinia,bacteria,Unclassified,Unclassified,367,3.80e-50,,,,none,0,no,89.48,Medium-quality,,,,未知,0.055,其他革兰阴性/细菌,0.5882
OP272490_94,lysin,Enterobacter,bacteria,Kayfunavirus,Autotranscriptaviridae,138,1.60e-293,,,,none,0,no,98.41,High-quality,,,,未知,0.055,其他革兰阴性/细菌,0.5882
MT857002_108,depolymerase,Salmonella,bacteria,Agtrevirus,Ackermannviridae,1012,1.00e-158,1,0,1,none,0,no,97.23,High-quality,,,,未知,0.054,其他革兰阴性/细菌,0.5881
MK448730_48,lysin,Streptococcus,bacteria,Unclassified,Unclassified,282,1.30e-13,2,0,1,"CAZy(lytic_exoenzyme,class待定);GH(class)",0,no,78.47,Medium-quality,AF-A0A943DDG0-F1,85.4,21,肽聚糖（推断）,0.06,革兰阳性,0.588
PX061015_42,holin,Salmonella,bacteria,Epseptimavirus,Demerecviridae,219,5.80e-15,1,0,0,none,1,yes,90.47,High-quality,,,,膜成孔（内溶素协同，推断）,0.119,其他革兰阴性/细菌,0.5878
PP779479_137,holin,Salmonella,bacteria,Epseptimavirus,Demerecviridae,219,5.80e-15,1,0,0,none,1,yes,100.0,Complete,,,,膜成孔（内溶素协同，推断）,0.119,其他革兰阴性/细菌,0.5878
AY692264_44,holin,Escherichia,bacteria,Tequintavirus,Demerecviridae,219,5.80e-15,1,0,0,none,1,yes,89.11,Medium-quality,,,,膜成孔（内溶素协同，推断）,0.119,其他革兰阴性/细菌,0.5878
OR850873_84,holin,Salmonella,bacteria,Unclassified,Unclassified,219,5.80e-15,1,0,0,none,1,yes,100.0,Complete,,,,膜成孔（内溶素协同，推断）,0.119,其他革兰阴性/细菌,0.5878
PZ020098.1_118,holin,Salmonella,bacteria,Unclassified,Unclassified,219,5.80e-15,1,0,0,none,1,yes,88.21,Medium-quality,,,,膜成孔（内溶素协同，推断）,0.119,其他革兰阴性/细菌,0.5878
NC_105114_120,holin,Escherichia,bacteria,Epseptimavirus,Demerecviridae,219,5.80e-15,1,0,0,none,1,yes,89.66,Medium-quality,,,,膜成孔（内溶素协同，推断）,0.119,其他革兰阴性/细菌,0.5878
LC788711_27,holin,Escherichia,bacteria,Epseptimavirus,Demerecviridae,219,5.80e-15,1,0,0,none,1,yes,100.0,Complete,,,,膜成孔（内溶素协同，推断）,0.119,其他革兰阴性/细菌,0.5878
PQ039553_92,lysin,Enterobacter,bacteria,Unclassified,Unclassified,168,1.60e-293,,,,none,0,no,99.1,High-quality,,,,未知,0.049,其他革兰阴性/细菌,0.5874
PV615263_56,lysin,Escherichia,bacteria,Kayfunavirus,Autotranscriptaviridae,245,1.60e-293,,,,none,0,yes,93.44,High-quality,,,,未知,0.049,其他革兰阴性/细菌,0.5874
MN871447_212,lysin,Serratia,bacteria,Unclassified,Unclassified,2198,1.00e-19,1,0,1,GH23,2,no,99.7,High-quality,,,,肽聚糖（推断）,0.005,其他革兰阴性/细菌,0.5874
OM439674_72,lysin,Staphylococcus,bacteria,Phietavirus,Unclassified,202,1.80e-95,1,0,1,none,0,no,90.75,High-quality,AF-A0AB37XTY1-F1,81.5,31,未知,0.0,革兰阳性,0.5873
MF580772_21,lysin,Streptococcus,bacteria,Moineauvirus,Aliceevansviridae,83,4.30e-17,1,0,0,GH(class),0,no,65.28,Medium-quality,AF-A0A3G6JJY4-F1,83.2,16,肽聚糖（推断）,0.055,革兰阳性,0.5872
MT701589_54,depolymerase,Klebsiella,bacteria,Drulisvirus,Autoscriptoviridae,556,9.70e-23,0,0,1,none,0,no,95.94,High-quality,,,,未知,0.0,CRKP/PA/AB 临床重点菌,0.5868
MN871451_155,lysin,Serratia,bacteria,Unclassified,Unclassified,2198,1.00e-19,1,0,1,GH23,2,no,99.54,High-quality,,,,肽聚糖（推断）,0.001,其他革兰阴性/细菌,0.5868
PX879978.1_183,lysin,Aeromonas,bacteria,Unclassified,Unclassified,2352,6.10e-15,1,0,1,GH18/19,2,no,100.0,Complete,,,,肽聚糖（推断）,0.212,其他革兰阴性/细菌,0.5866
NC_042100_9,lysin,Vibrio,bacteria,Aphroditevirus,Chimalliviridae,2352,1.30e-14,1,0,1,GH18/19,0,no,100.0,Complete,,,,肽聚糖（推断）,0.627,其他革兰阴性/细菌,0.5866
PQ287567_1,depolymerase,Klebsiella,bacteria,Drulisvirus,Autoscriptoviridae,578,1.10e-10,1,0,0,none,0,yes,100.0,Complete,,,,未知,1.0,CRKP/PA/AB 临床重点菌,0.5864
NC_092900_141,holin,Salmonella,bacteria,Epseptimavirus,Demerecviridae,219,5.80e-15,1,0,0,none,1,yes,87.03,Medium-quality,,,,膜成孔（内溶素协同，推断）,0.109,其他革兰阴性/细菌,0.5863
NC_048011_116,holin,Salmonella,bacteria,Epseptimavirus,Demerecviridae,219,5.80e-15,1,0,0,none,1,yes,86.94,Medium-quality,,,,膜成孔（内溶素协同，推断）,0.109,其他革兰阴性/细菌,0.5863
NC_102106_142,holin,Salmonella,bacteria,Epseptimavirus,Demerecviridae,219,5.80e-15,1,0,0,none,1,yes,89.34,Medium-quality,,,,膜成孔（内溶素协同，推断）,0.109,其他革兰阴性/细菌,0.5863
PV804860_88,holin,Salmonella,bacteria,Epseptimavirus,Demerecviridae,219,5.80e-15,1,0,0,none,1,yes,87.62,Medium-quality,,,,膜成孔（内溶素协同，推断）,0.109,其他革兰阴性/细菌,0.5863
MT653146_44,holin,Salmonella,bacteria,Tequintavirus,Demerecviridae,228,5.80e-15,1,0,0,none,1,yes,86.98,Medium-quality,,,,膜成孔（内溶素协同，推断）,0.109,其他革兰阴性/细菌,0.5863
NC_005859_45,holin,Escherichia,bacteria,Tequintavirus,Demerecviridae,219,5.80e-15,1,0,0,none,1,yes,100.0,Complete,,,,膜成孔（内溶素协同，推断）,0.109,其他革兰阴性/细菌,0.5863
NC_048779_195,lysin,Vibrio,bacteria,Aphroditevirus,Chimalliviridae,2327,1.30e-14,1,0,1,GH18/19,0,no,100.0,Complete,,,,肽聚糖（推断）,0.623,其他革兰阴性/细菌,0.586
NC_049499_8,depolymerase,Salmonella,bacteria,Kuttervirus,Ackermannviridae,602,7.50e-138,,,,none,0,no,86.41,Medium-quality,,,,未知,0.038,其他革兰阴性/细菌,0.5857
NC_049848_53,depolymerase,Klebsiella,bacteria,Webervirus,Drexlerviridae,936,7.90e-09,1,1,0,none,0,no,100.0,Complete,,,,未知,0.477,CRKP/PA/AB 临床重点菌,0.5856
ON602754_51,depolymerase,Klebsiella,bacteria,Drulisvirus,Autoscriptoviridae,799,2.80e-12,1,0,0,none,0,no,100.0,Complete,,,,未知,0.323,CRKP/PA/AB 临床重点菌,0.5855
PX725530.1_2,depolymerase,Klebsiella,bacteria,Unclassified,Unclassified,931,7.90e-09,1,1,0,none,0,no,94.67,High-quality,,,,未知,0.476,CRKP/PA/AB 临床重点菌,0.5854
PQ039553_91,lysin,Enterobacter,bacteria,Unclassified,Unclassified,850,4.90e-299,,,,none,0,no,99.1,High-quality,,,,未知,0.036,其他革兰阴性/细菌,0.5854
PQ039553_42,lysin,Enterobacter,bacteria,Unclassified,Unclassified,1150,4.90e-299,,,,none,0,no,99.1,High-quality,,,,未知,0.036,其他革兰阴性/细菌,0.5854
OQ579028_42,lysin,Klebsiella,bacteria,Przondovirus,Autotranscriptaviridae,1322,0.00e+00,1,0,1,GH23,0,no,100.0,Complete,,,,肽聚糖（推断）,0.434,CRKP/PA/AB 临床重点菌,0.5851
OY978816_46,lysin,Klebsiella,bacteria,Apdecimavirus,Autotranscriptaviridae,1326,0.00e+00,1,0,1,GH23,0,no,92.14,High-quality,,,,肽聚糖（推断）,0.434,CRKP/PA/AB 临床重点菌,0.5851
NC_071144_85,depolymerase,Klebsiella,bacteria,Unclassified,Unclassified,217,1.60e-18,,,,none,0,yes,86.85,Medium-quality,,,,未知,0.176,CRKP/PA/AB 临床重点菌,0.585
PV588650_47,depolymerase,Klebsiella,bacteria,Unclassified,Unclassified,799,2.80e-12,1,0,0,none,0,no,100.0,Complete,,,,未知,0.32,CRKP/PA/AB 临床重点菌,0.585
PX969080.1_44,lysin,Klebsiella,bacteria,Unclassified,Unclassified,1323,0.00e+00,1,0,1,GH23,0,no,100.0,Complete,,,,肽聚糖（推断）,0.433,CRKP/PA/AB 临床重点菌,0.5849
OR855706_44,lysin,Klebsiella,bacteria,Przondovirus,Autotranscriptaviridae,1322,0.00e+00,1,0,1,GH23,0,no,100.0,Complete,,,,肽聚糖（推断）,0.433,CRKP/PA/AB 临床重点菌,0.5849
OQ579026_43,lysin,Klebsiella,bacteria,Przondovirus,Autotranscriptaviridae,1322,0.00e+00,1,0,1,GH23,0,no,100.0,Complete,,,,肽聚糖（推断）,0.433,CRKP/PA/AB 临床重点菌,0.5849
OQ579027_40,lysin,Klebsiella,bacteria,Przondovirus,Autotranscriptaviridae,1322,0.00e+00,1,0,1,GH23,0,no,100.0,Complete,,,,肽聚糖（推断）,0.433,CRKP/PA/AB 临床重点菌,0.5849
OP103923_1,lysin,Klebsiella,bacteria,Przondovirus,Autotranscriptaviridae,757,0.00e+00,1,0,1,GH23,0,no,100.0,Complete,,,,肽聚糖（推断）,0.433,CRKP/PA/AB 临床重点菌,0.5849
NC_102113_143,holin,Salmonella,bacteria,Epseptimavirus,Demerecviridae,219,5.80e-15,1,0,0,none,1,yes,89.59,Medium-quality,,,,膜成孔（内溶素协同，推断）,0.099,其他革兰阴性/细菌,0.5848
NC_047754_25,holin,Escherichia,bacteria,Tequintavirus,Demerecviridae,219,5.80e-15,1,0,0,none,1,yes,81.65,Medium-quality,,,,膜成孔（内溶素协同，推断）,0.099,其他革兰阴性/细菌,0.5848
NC_111487_36,holin,Salmonella,bacteria,Epseptimavirus,Demerecviridae,219,5.80e-15,1,0,0,none,1,yes,89.67,Medium-quality,,,,膜成孔（内溶素协同，推断）,0.099,其他革兰阴性/细菌,0.5848
NC_048013_117,holin,Salmonella,bacteria,Epseptimavirus,Demerecviridae,219,5.80e-15,1,0,0,none,1,yes,88.31,Medium-quality,,,,膜成孔（内溶素协同，推断）,0.099,其他革兰阴性/细菌,0.5848
NC_111398_104,holin,Salmonella,bacteria,Epseptimavirus,Demerecviridae,219,5.80e-15,1,0,0,none,1,yes,88.73,Medium-quality,,,,膜成孔（内溶素协同，推断）,0.099,其他革兰阴性/细菌,0.5848
PX944709.1_117,holin,Salmonella,bacteria,Unclassified,Unclassified,219,5.80e-15,1,0,0,none,1,yes,88.09,Medium-quality,,,,膜成孔（内溶素协同，推断）,0.099,其他革兰阴性/细菌,0.5848
OP617747_2,lysin,Klebsiella,bacteria,Teetrevirus,Autotranscriptaviridae,1323,0.00e+00,1,0,1,GH23,0,no,91.58,High-quality,,,,肽聚糖（推断）,0.432,CRKP/PA/AB 临床重点菌,0.5848
PX060898.1_38,lysin,Klebsiella,bacteria,Unclassified,Unclassified,1323,0.00e+00,1,0,1,GH23,0,no,88.16,Medium-quality,,,,肽聚糖（推断）,0.432,CRKP/PA/AB 临床重点菌,0.5848
OX335437_40,lysin,Klebsiella,bacteria,Teetrevirus,Autotranscriptaviridae,1323,0.00e+00,1,0,1,GH23,0,no,100.0,Complete,,,,肽聚糖（推断）,0.432,CRKP/PA/AB 临床重点菌,0.5848
MN149904_40,lysin,Klebsiella,bacteria,Teetrevirus,Autotranscriptaviridae,1323,0.00e+00,1,0,1,GH23,0,no,91.99,High-quality,,,,肽聚糖（推断）,0.432,CRKP/PA/AB 临床重点菌,0.5848
PX275746_43,lysin,Klebsiella,bacteria,Teetrevirus,Autotranscriptaviridae,1323,0.00e+00,1,0,1,GH23,0,no,88.33,Medium-quality,,,,肽聚糖（推断）,0.432,CRKP/PA/AB 临床重点菌,0.5848
MZ398247_1,lysin,Enterobacteria,bacteria,Kayfunavirus,Autotranscriptaviridae,409,1.60e-293,,,,none,0,no,92.41,High-quality,,,,未知,0.032,其他革兰阴性/细菌,0.5848
PV854180_36,lysin,Klebsiella,bacteria,Unclassified,Unclassified,1322,0.00e+00,1,0,1,GH23,0,no,93.65,High-quality,,,,肽聚糖（推断）,0.431,CRKP/PA/AB 临床重点菌,0.5847
PX670390.1_46,lysin,Klebsiella,bacteria,Unclassified,Unclassified,1323,0.00e+00,1,1,1,GH23,0,no,93.83,High-quality,,,,肽聚糖（推断）,0.431,CRKP/PA/AB 临床重点菌,0.5847
PP357482_1,lysin,Klebsiella,bacteria,Przondovirus,Autotranscriptaviridae,1323,0.00e+00,1,0,1,GH23,0,no,100.0,Complete,,,,肽聚糖（推断）,0.431,CRKP/PA/AB 临床重点菌,0.5847
PX908297.1_43,lysin,Klebsiella,bacteria,Unclassified,Unclassified,1322,0.00e+00,1,0,1,GH23,0,no,100.0,Complete,,,,肽聚糖（推断）,0.431,CRKP/PA/AB 临床重点菌,0.5847
OR532854_40,lysin,Klebsiella,bacteria,Unclassified,Unclassified,1322,0.00e+00,1,0,1,GH23,0,no,91.64,High-quality,,,,肽聚糖（推断）,0.431,CRKP/PA/AB 临床重点菌,0.5847
PV854175_40,lysin,Klebsiella,bacteria,Unclassified,Unclassified,1323,0.00e+00,1,0,1,GH23,0,no,92.1,High-quality,,,,肽聚糖（推断）,0.431,CRKP/PA/AB 临床重点菌,0.5847
PQ434564_13,lysin,Klebsiella,bacteria,Przondovirus,Autotranscriptaviridae,1322,0.00e+00,1,0,1,GH23,0,no,93.76,High-quality,,,,肽聚糖（推断）,0.431,CRKP/PA/AB 临床重点菌,0.5847
PP646059_45,lysin,Klebsiella,bacteria,Unclassified,Unclassified,1322,0.00e+00,1,0,1,GH23,0,no,94.66,High-quality,,,,肽聚糖（推断）,0.431,CRKP/PA/AB 临床重点菌,0.5847
OY978813_45,lysin,Klebsiella,bacteria,Przondovirus,Autotranscriptaviridae,1322,0.00e+00,1,0,1,GH23,0,no,95.61,High-quality,,,,肽聚糖（推断）,0.431,CRKP/PA/AB 临床重点菌,0.5847
PP357471_43,lysin,Klebsiella,bacteria,Przondovirus,Autotranscriptaviridae,1322,0.00e+00,1,0,1,GH23,0,no,100.0,Complete,,,,肽聚糖（推断）,0.431,CRKP/PA/AB 临床重点菌,0.5847
PP357479_42,lysin,Klebsiella,bacteria,Przondovirus,Autotranscriptaviridae,517,0.00e+00,1,0,1,GH23,0,no,100.0,Complete,,,,肽聚糖（推断）,0.431,CRKP/PA/AB 临床重点菌,0.5847
PP848843_41,lysin,Klebsiella,bacteria,Unclassified,Unclassified,1322,0.00e+00,1,0,1,GH23,0,no,93.54,High-quality,,,,肽聚糖（推断）,0.431,CRKP/PA/AB 临床重点菌,0.5847
NC_092455_39,lysin,Klebsiella,bacteria,Przondovirus,Autotranscriptaviridae,1322,0.00e+00,1,0,1,GH23,0,no,100.0,Complete,,,,肽聚糖（推断）,0.431,CRKP/PA/AB 临床重点菌,0.5847
OP103919_39,lysin,Klebsiella,bacteria,Przondovirus,Autotranscriptaviridae,1323,0.00e+00,1,0,1,GH23,0,no,100.0,Complete,,,,肽聚糖（推断）,0.431,CRKP/PA/AB 临床重点菌,0.5847
PX915674.1_41,lysin,Klebsiella,bacteria,Przondovirus,Autotranscriptaviridae,1323,0.00e+00,1,0,1,GH23,0,no,100.0,Complete,,,,肽聚糖（推断）,0.431,CRKP/PA/AB 临床重点菌,0.5847
NC_047773_43,lysin,Klebsiella,bacteria,Przondovirus,Autotranscriptaviridae,1322,0.00e+00,1,0,1,GH23,0,no,100.0,Complete,,,,肽聚糖（推断）,0.431,CRKP/PA/AB 临床重点菌,0.5847
PV173013_7,lysin,Klebsiella,bacteria,Przondovirus,Autotranscriptaviridae,1322,0.00e+00,1,0,1,GH23,0,no,100.0,Complete,,,,肽聚糖（推断）,0.431,CRKP/PA/AB 临床重点菌,0.5847
NC_028950_42,lysin,Ralstonia,bacteria,Chiangmaivirus,Chimalliviridae,2040,2.00e-19,1,0,1,GH18/19,2,no,76.19,Medium-quality,,,,肽聚糖（推断）,0.0,其他革兰阴性/细菌,0.5847
PZ055536.1_43,lysin,Klebsiella,bacteria,Unclassified,Unclassified,1322,0.00e+00,1,0,1,GH23,0,no,91.87,High-quality,,,,肽聚糖（推断）,0.43,CRKP/PA/AB 临床重点菌,0.5845
PP542034_39,lysin,Klebsiella,bacteria,Przondovirus,Autotranscriptaviridae,1322,0.00e+00,1,0,1,GH23,0,no,100.0,Complete,,,,肽聚糖（推断）,0.43,CRKP/PA/AB 临床重点菌,0.5845
OX335431_9,lysin,Klebsiella,bacteria,Teetrevirus,Autotranscriptaviridae,1323,0.00e+00,1,0,1,GH23,0,no,100.0,Complete,,,,肽聚糖（推断）,0.43,CRKP/PA/AB 临床重点菌,0.5845
OL691920_8,lysin,Klebsiella,bacteria,Teetrevirus,Autotranscriptaviridae,1323,0.00e+00,1,0,1,GH23,0,no,100.0,Complete,,,,肽聚糖（推断）,0.43,CRKP/PA/AB 临床重点菌,0.5845
OY979392_46,lysin,Klebsiella,bacteria,Przondovirus,Autotranscriptaviridae,1322,0.00e+00,1,0,1,GH23,0,no,91.06,High-quality,,,,肽聚糖（推断）,0.43,CRKP/PA/AB 临床重点菌,0.5845
PP889485_38,lysin,Klebsiella,bacteria,Unclassified,Unclassified,1323,0.00e+00,1,0,1,GH23,0,no,92.0,High-quality,,,,肽聚糖（推断）,0.43,CRKP/PA/AB 临床重点菌,0.5845
NC_092456_33,lysin,Klebsiella,bacteria,Przondovirus,Autotranscriptaviridae,1322,0.00e+00,1,0,1,GH23,0,no,100.0,Complete,,,,肽聚糖（推断）,0.43,CRKP/PA/AB 临床重点菌,0.5845
OR532863_40,lysin,Klebsiella,bacteria,Unclassified,Unclassified,1322,0.00e+00,1,0,1,GH23,0,no,94.33,High-quality,,,,肽聚糖（推断）,0.43,CRKP/PA/AB 临床重点菌,0.5845
PP357454_46,lysin,Klebsiella,bacteria,Przondovirus,Autotranscriptaviridae,1323,0.00e+00,1,0,1,GH23,0,no,100.0,Complete,,,,肽聚糖（推断）,0.43,CRKP/PA/AB 临床重点菌,0.5845
NC_111672_39,lysin,Klebsiella,bacteria,Przondovirus,Autotranscriptaviridae,1322,0.00e+00,1,0,1,GH23,0,no,100.0,Complete,,,,肽聚糖（推断）,0.43,CRKP/PA/AB 临床重点菌,0.5845
NC_047780_41,lysin,Klebsiella,bacteria,Przondovirus,Autotranscriptaviridae,1322,0.00e+00,1,0,1,GH23,0,no,94.99,High-quality,,,,肽聚糖（推断）,0.43,CRKP/PA/AB 临床重点菌,0.5845
PV838179_34,lysin,Klebsiella,bacteria,Przondovirus,Autotranscriptaviridae,1322,0.00e+00,1,0,1,GH23,0,no,100.0,Complete,,,,肽聚糖（推断）,0.43,CRKP/PA/AB 临床重点菌,0.5845
NC_047782_44,lysin,Klebsiella,bacteria,Przondovirus,Autotranscriptaviridae,1322,0.00e+00,1,0,1,GH23,0,no,95.9,High-quality,,,,肽聚糖（推断）,0.43,CRKP/PA/AB 临床重点菌,0.5845
PV854169_41,lysin,Klebsiella,bacteria,Unclassified,Unclassified,1322,0.00e+00,1,0,1,GH23,0,no,91.94,High-quality,,,,肽聚糖（推断）,0.43,CRKP/PA/AB 临床重点菌,0.5845
MW042799_1,lysin,Klebsiella,bacteria,Przondovirus,Autotranscriptaviridae,765,0.00e+00,1,0,1,GH23,0,no,100.0,Complete,,,,肽聚糖（推断）,0.43,CRKP/PA/AB 临床重点菌,0.5845
PX694416.1_40,lysin,Klebsiella,bacteria,Przondovirus,Autotranscriptaviridae,1322,0.00e+00,1,0,1,GH23,0,no,100.0,Complete,,,,肽聚糖（推断）,0.43,CRKP/PA/AB 临床重点菌,0.5845
PP848847_43,lysin,Klebsiella,bacteria,Unclassified,Unclassified,1322,0.00e+00,1,0,1,GH23,0,no,96.0,High-quality,,,,肽聚糖（推断）,0.43,CRKP/PA/AB 临床重点菌,0.5845
PV173014_7,lysin,Klebsiella,bacteria,Przondovirus,Autotranscriptaviridae,1317,0.00e+00,1,0,1,GH23,0,no,100.0,Complete,,,,肽聚糖（推断）,0.43,CRKP/PA/AB 临床重点菌,0.5845
PX120905_7,lysin,Klebsiella,bacteria,Unclassified,Autotranscriptaviridae,1322,0.00e+00,1,0,1,GH23,0,no,100.0,Complete,,,,肽聚糖（推断）,0.43,CRKP/PA/AB 临床重点菌,0.5845
PP357480_23,lysin,Klebsiella,bacteria,Przondovirus,Autotranscriptaviridae,1322,0.00e+00,1,0,1,GH23,0,no,100.0,Complete,,,,肽聚糖（推断）,0.43,CRKP/PA/AB 临床重点菌,0.5845
PX670395.1_41,lysin,Klebsiella,bacteria,Unclassified,Unclassified,1322,0.00e+00,1,0,1,GH23,0,no,94.14,High-quality,,,,肽聚糖（推断）,0.43,CRKP/PA/AB 临床重点菌,0.5845
LC487410_65,holin,Vibrio,bacteria,Unclassified,Demerecviridae,225,1.90e-11,1,0,0,none,2,yes,85.11,Medium-quality,,,,膜成孔（内溶素协同，推断）,0.653,其他革兰阴性/细菌,0.5844
ON602753_39,lysin,Klebsiella,bacteria,Przondovirus,Autotranscriptaviridae,1322,0.00e+00,1,0,1,GH23,0,no,94.56,High-quality,,,,肽聚糖（推断）,0.429,CRKP/PA/AB 临床重点菌,0.5844
OP620754_50,lysin,Klebsiella,bacteria,Przondovirus,Autotranscriptaviridae,1323,0.00e+00,1,0,1,GH23,0,no,93.46,High-quality,,,,肽聚糖（推断）,0.429,CRKP/PA/AB 临床重点菌,0.5844
NC_092457_37,lysin,Klebsiella,bacteria,Przondovirus,Autotranscriptaviridae,1322,0.00e+00,1,0,1,GH23,0,no,100.0,Complete,,,,肽聚糖（推断）,0.429,CRKP/PA/AB 临床重点菌,0.5844
OY977469_44,lysin,Klebsiella,bacteria,Przondovirus,Autotranscriptaviridae,1322,0.00e+00,1,0,1,GH23,0,no,96.13,High-quality,,,,肽聚糖（推断）,0.429,CRKP/PA/AB 临床重点菌,0.5844
OP256047_7,lysin,Klebsiella,bacteria,Przondovirus,Autotranscriptaviridae,1323,0.00e+00,1,0,1,GH23,0,no,100.0,Complete,,,,肽聚糖（推断）,0.429,CRKP/PA/AB 临床重点菌,0.5844
PX872919.1_49,lysin,Klebsiella,bacteria,Przondovirus,Autotranscriptaviridae,1323,0.00e+00,1,0,1,GH23,0,no,95.85,High-quality,,,,肽聚糖（推断）,0.429,CRKP/PA/AB 临床重点菌,0.5844
OP103920_8,lysin,Klebsiella,bacteria,Przondovirus,Autotranscriptaviridae,1323,0.00e+00,1,0,1,GH23,0,no,100.0,Complete,,,,肽聚糖（推断）,0.429,CRKP/PA/AB 临床重点菌,0.5844
PX694413.1_37,lysin,Klebsiella,bacteria,Przondovirus,Autotranscriptaviridae,1322,0.00e+00,1,0,1,GH23,0,no,100.0,Complete,,,,肽聚糖（推断）,0.429,CRKP/PA/AB 临床重点菌,0.5844
PV854172_39,lysin,Klebsiella,bacteria,Unclassified,Unclassified,1323,0.00e+00,1,0,1,GH23,0,no,91.65,High-quality,,,,肽聚糖（推断）,0.429,CRKP/PA/AB 临床重点菌,0.5844
PQ133616_38,lysin,Klebsiella,bacteria,Unclassified,Unclassified,1322,0.00e+00,1,0,1,GH23,0,no,92.59,High-quality,,,,肽聚糖（推断）,0.429,CRKP/PA/AB 临床重点菌,0.5844
OP620755_14,lysin,Klebsiella,bacteria,Przondovirus,Autotranscriptaviridae,1323,0.00e+00,1,0,1,GH23,0,no,93.63,High-quality,,,,肽聚糖（推断）,0.429,CRKP/PA/AB 临床重点菌,0.5844
PX694419.1_43,lysin,Klebsiella,bacteria,Przondovirus,Autotranscriptaviridae,1322,0.00e+00,1,0,1,GH23,0,no,100.0,Complete,,,,肽聚糖（推断）,0.429,CRKP/PA/AB 临床重点菌,0.5844
PX872921.1_49,lysin,Klebsiella,bacteria,Przondovirus,Autotranscriptaviridae,1297,0.00e+00,1,0,1,GH23,0,no,94.74,High-quality,,,,肽聚糖（推断）,0.429,CRKP/PA/AB 临床重点菌,0.5844
PP978612_37,lysin,Klebsiella,bacteria,Unclassified,Unclassified,1323,0.00e+00,1,0,1,GH23,0,no,100.0,Complete,,,,肽聚糖（推断）,0.429,CRKP/PA/AB 临床重点菌,0.5844
PP734006_39,lysin,Klebsiella,bacteria,Przondovirus,Autotranscriptaviridae,1317,0.00e+00,1,0,1,GH23,0,no,100.0,Complete,,,,肽聚糖（推断）,0.429,CRKP/PA/AB 临床重点菌,0.5844
OP103922_40,lysin,Klebsiella,bacteria,Przondovirus,Autotranscriptaviridae,1323,0.00e+00,1,0,1,GH23,0,no,100.0,Complete,,,,肽聚糖（推断）,0.429,CRKP/PA/AB 临床重点菌,0.5844
OY757090_47,lysin,Klebsiella,bacteria,Przondovirus,Autotranscriptaviridae,1322,0.00e+00,1,0,1,GH23,0,no,96.4,High-quality,,,,肽聚糖（推断）,0.429,CRKP/PA/AB 临床重点菌,0.5844
MW042808_22,lysin,Klebsiella,bacteria,Przondovirus,Autotranscriptaviridae,1323,0.00e+00,1,0,1,GH23,0,no,100.0,Complete,,,,肽聚糖（推断）,0.429,CRKP/PA/AB 临床重点菌,0.5844
NC_047908_42,lysin,Klebsiella,bacteria,Przondovirus,Autotranscriptaviridae,1323,0.00e+00,1,0,1,GH23,0,no,100.0,Complete,,,,肽聚糖（推断）,0.429,CRKP/PA/AB 临床重点菌,0.5844
ON809559_43,depolymerase,Klebsiella,bacteria,Drulisvirus,Autoscriptoviridae,859,1.40e-13,2,0,0,none,0,no,94.97,High-quality,,,,未知,0.124,CRKP/PA/AB 临床重点菌,0.5843
PQ359445_36,lysin,Klebsiella,bacteria,Przondovirus,Autotranscriptaviridae,1322,0.00e+00,1,0,1,GH23,0,no,93.59,High-quality,,,,肽聚糖（推断）,0.428,CRKP/PA/AB 临床重点菌,0.5842
PV683290_8,lysin,Klebsiella,bacteria,Unclassified,Unclassified,1322,0.00e+00,1,0,1,GH23,0,no,100.0,Complete,,,,肽聚糖（推断）,0.428,CRKP/PA/AB 临床重点菌,0.5842
PV854174_39,lysin,Klebsiella,bacteria,Unclassified,Unclassified,1322,0.00e+00,1,0,1,GH23,0,no,92.74,High-quality,,,,肽聚糖（推断）,0.428,CRKP/PA/AB 临床重点菌,0.5842
OR532822_41,lysin,Klebsiella,bacteria,Unclassified,Unclassified,1322,0.00e+00,1,0,1,GH23,0,no,93.67,High-quality,,,,肽聚糖（推断）,0.428,CRKP/PA/AB 临床重点菌,0.5842
PQ133614_7,lysin,Klebsiella,bacteria,Unclassified,Unclassified,1322,0.00e+00,1,0,1,GH23,0,no,100.0,Complete,,,,肽聚糖（推断）,0.428,CRKP/PA/AB 临床重点菌,0.5842
OY976565_44,lysin,Klebsiella,bacteria,Przondovirus,Autotranscriptaviridae,1322,0.00e+00,1,0,1,GH23,0,no,94.96,High-quality,,,,肽聚糖（推断）,0.428,CRKP/PA/AB 临床重点菌,0.5842
PQ589833_10,lysin,Klebsiella,bacteria,Unclassified,Unclassified,1323,0.00e+00,1,0,1,GH23,0,no,95.91,High-quality,,,,肽聚糖（推断）,0.428,CRKP/PA/AB 临床重点菌,0.5842
PP357453_6,lysin,Klebsiella,bacteria,Przondovirus,Autotranscriptaviridae,1323,0.00e+00,1,0,1,GH23,0,no,100.0,Complete,,,,肽聚糖（推断）,0.428,CRKP/PA/AB 临床重点菌,0.5842
MW042791_3,lysin,Klebsiella,bacteria,Przondovirus,Autotranscriptaviridae,1323,0.00e+00,1,0,1,GH23,0,no,100.0,Complete,,,,肽聚糖（推断）,0.428,CRKP/PA/AB 临床重点菌,0.5842
PX577203_38,lysin,Klebsiella,bacteria,Unclassified,Unclassified,1322,0.00e+00,1,0,1,GH23,0,no,100.0,Complete,,,,肽聚糖（推断）,0.428,CRKP/PA/AB 临床重点菌,0.5842
OY976571_47,lysin,Klebsiella,bacteria,Przondovirus,Autotranscriptaviridae,1323,0.00e+00,1,0,1,GH23,0,no,95.96,High-quality,,,,肽聚糖（推断）,0.428,CRKP/PA/AB 临床重点菌,0.5842
ON897768_36,lysin,Klebsiella,bacteria,Przondovirus,Autotranscriptaviridae,1322,0.00e+00,1,0,1,GH23,0,no,100.0,Complete,,,,肽聚糖（推断）,0.428,CRKP/PA/AB 临床重点菌,0.5842
OR532842_36,lysin,Klebsiella,bacteria,Unclassified,Unclassified,1322,0.00e+00,1,0,1,GH23,0,no,94.09,High-quality,,,,肽聚糖（推断）,0.428,CRKP/PA/AB 临床重点菌,0.5842
OR532877_42,lysin,Klebsiella,bacteria,Unclassified,Unclassified,1322,0.00e+00,1,0,1,GH23,0,no,93.26,High-quality,,,,肽聚糖（推断）,0.428,CRKP/PA/AB 临床重点菌,0.5842
OR532895_39,lysin,Klebsiella,bacteria,Unclassified,Unclassified,1322,0.00e+00,1,0,1,GH23,0,no,94.65,High-quality,,,,肽聚糖（推断）,0.428,CRKP/PA/AB 临床重点菌,0.5842
PQ133628_40,lysin,Klebsiella,bacteria,Unclassified,Unclassified,1323,0.00e+00,1,0,1,GH23,0,no,100.0,Complete,,,,肽聚糖（推断）,0.428,CRKP/PA/AB 临床重点菌,0.5842
OR287806_41,lysin,Klebsiella,bacteria,Przondovirus,Autotranscriptaviridae,1322,0.00e+00,1,0,1,GH23,0,no,100.0,Complete,,,,肽聚糖（推断）,0.428,CRKP/PA/AB 临床重点菌,0.5842
PP758980_4,lysin,Klebsiella,bacteria,Unclassified,Unclassified,1322,0.00e+00,1,0,1,GH23,0,no,100.0,Complete,,,,肽聚糖（推断）,0.428,CRKP/PA/AB 临床重点菌,0.5842
MN176574_6,lysin,Klebsiella,bacteria,Przondovirus,Autotranscriptaviridae,1322,0.00e+00,1,0,1,GH23,0,no,94.1,High-quality,,,,肽聚糖（推断）,0.428,CRKP/PA/AB 临床重点菌,0.5842
PP738779_34,lysin,Klebsiella,bacteria,Unclassified,Unclassified,1322,0.00e+00,1,0,1,GH23,0,no,94.2,High-quality,,,,肽聚糖（推断）,0.428,CRKP/PA/AB 临床重点菌,0.5842
PV854178_39,lysin,Klebsiella,bacteria,Unclassified,Unclassified,1322,0.00e+00,1,0,1,GH23,0,no,95.21,High-quality,,,,肽聚糖（推断）,0.428,CRKP/PA/AB 临床重点菌,0.5842
NC_028977_42,lysin,Klebsiella,bacteria,Przondovirus,Autotranscriptaviridae,1322,0.00e+00,1,0,1,GH23,0,no,100.0,Complete,,,,肽聚糖（推断）,0.428,CRKP/PA/AB 临床重点菌,0.5842
NC_047772_45,lysin,Klebsiella,bacteria,Przondovirus,Autotranscriptaviridae,1322,0.00e+00,1,0,1,GH23,0,no,100.0,Complete,,,,肽聚糖（推断）,0.428,CRKP/PA/AB 临床重点菌,0.5842
PX908299.1_43,lysin,Klebsiella,bacteria,Unclassified,Unclassified,1322,0.00e+00,1,0,1,GH23,0,no,100.0,Complete,,,,肽聚糖（推断）,0.428,CRKP/PA/AB 临床重点菌,0.5842
PX694426.1_42,lysin,Klebsiella,bacteria,Przondovirus,Autotranscriptaviridae,1322,0.00e+00,1,0,1,GH23,0,no,100.0,Complete,,,,肽聚糖（推断）,0.428,CRKP/PA/AB 临床重点菌,0.5842
PP662632_7,lysin,Klebsiella,bacteria,Przondovirus,Autotranscriptaviridae,1322,0.00e+00,1,0,1,GH23,0,no,94.36,High-quality,,,,肽聚糖（推断）,0.428,CRKP/PA/AB 临床重点菌,0.5842
OX335426_43,lysin,Klebsiella,bacteria,Przondovirus,Autotranscriptaviridae,1323,0.00e+00,1,0,1,GH23,0,no,100.0,Complete,,,,肽聚糖（推断）,0.428,CRKP/PA/AB 临床重点菌,0.5842
PQ133602_40,lysin,Klebsiella,bacteria,Unclassified,Unclassified,1323,0.00e+00,1,0,1,GH23,0,no,100.0,Complete,,,,肽聚糖（推断）,0.428,CRKP/PA/AB 临床重点菌,0.5842
NC_047842_41,lysin,Klebsiella,bacteria,Przondovirus,Autotranscriptaviridae,1322,0.00e+00,1,0,1,GH23,0,no,100.0,Complete,,,,肽聚糖（推断）,0.428,CRKP/PA/AB 临床重点菌,0.5842
PP889502_38,lysin,Klebsiella,bacteria,Unclassified,Unclassified,1322,0.00e+00,1,0,1,GH23,0,no,94.46,High-quality,,,,肽聚糖（推断）,0.428,CRKP/PA/AB 临床重点菌,0.5842
OR296322_41,lysin,Klebsiella,bacteria,Przondovirus,Autotranscriptaviridae,1322,0.00e+00,1,0,1,GH23,0,no,100.0,Complete,,,,肽聚糖（推断）,0.428,CRKP/PA/AB 临床重点菌,0.5842
NC_047969_42,lysin,Klebsiella,bacteria,Przondovirus,Autotranscriptaviridae,1322,0.00e+00,1,0,1,GH23,0,no,100.0,Complete,,,,肽聚糖（推断）,0.428,CRKP/PA/AB 临床重点菌,0.5842
PX694417.1_38,lysin,Klebsiella,bacteria,Przondovirus,Autotranscriptaviridae,1322,0.00e+00,1,0,1,GH23,0,no,100.0,Complete,,,,肽聚糖（推断）,0.428,CRKP/PA/AB 临床重点菌,0.5842
OP620756_19,lysin,Klebsiella,bacteria,Przondovirus,Autotranscriptaviridae,1322,0.00e+00,1,0,1,GH23,0,no,91.72,High-quality,,,,肽聚糖（推断）,0.428,CRKP/PA/AB 临床重点菌,0.5842
PX915675.1_43,lysin,Klebsiella,bacteria,Przondovirus,Autotranscriptaviridae,1322,0.00e+00,1,0,1,GH23,0,no,100.0,Complete,,,,肽聚糖（推断）,0.428,CRKP/PA/AB 临床重点菌,0.5842
PP357469_26,lysin,Klebsiella,bacteria,Przondovirus,Autotranscriptaviridae,1322,0.00e+00,1,0,1,GH23,0,no,100.0,Complete,,,,肽聚糖（推断）,0.428,CRKP/PA/AB 临床重点菌,0.5842
PP105577_39,lysin,Klebsiella,bacteria,Przondovirus,Autotranscriptaviridae,1322,0.00e+00,1,0,1,GH23,0,no,100.0,Complete,,,,肽聚糖（推断）,0.428,CRKP/PA/AB 临床重点菌,0.5842
PV506378.1_40,lysin,Klebsiella,bacteria,Przondovirus,Autotranscriptaviridae,1322,0.00e+00,1,0,1,GH23,0,no,100.0,Complete,,,,肽聚糖（推断）,0.428,CRKP/PA/AB 临床重点菌,0.5842
NC_048114_44,lysin,Klebsiella,bacteria,Przondovirus,Autotranscriptaviridae,1322,0.00e+00,1,0,1,GH23,0,no,94.41,High-quality,,,,肽聚糖（推断）,0.428,CRKP/PA/AB 临床重点菌,0.5842
MW042798_43,lysin,Klebsiella,bacteria,Przondovirus,Autotranscriptaviridae,1323,0.00e+00,1,0,1,GH23,0,no,100.0,Complete,,,,肽聚糖（推断）,0.428,CRKP/PA/AB 临床重点菌,0.5842
OR532823_2,lysin,Klebsiella,bacteria,Unclassified,Unclassified,1322,0.00e+00,1,0,1,GH23,0,no,100.0,Complete,,,,肽聚糖（推断）,0.428,CRKP/PA/AB 临床重点菌,0.5842
PP454753_41,lysin,Klebsiella,bacteria,Przondovirus,Autotranscriptaviridae,1322,0.00e+00,1,0,1,GH23,0,no,100.0,Complete,,,,肽聚糖（推断）,0.428,CRKP/PA/AB 临床重点菌,0.5842
PV644008_3,lysin,Klebsiella,bacteria,Unclassified,Unclassified,1322,0.00e+00,1,0,1,GH23,0,no,95.78,High-quality,,,,肽聚糖（推断）,0.428,CRKP/PA/AB 临床重点菌,0.5842
PP889498_40,lysin,Klebsiella,bacteria,Unclassified,Unclassified,1322,0.00e+00,1,0,1,GH23,0,no,95.67,High-quality,,,,肽聚糖（推断）,0.428,CRKP/PA/AB 临床重点菌,0.5842
ON602750_44,depolymerase,Klebsiella,bacteria,Webervirus,Drexlerviridae,794,3.60e-10,1,0,0,none,0,no,92.13,High-quality,,,,未知,0.407,CRKP/PA/AB 临床重点菌,0.584
OX335394_43,lysin,Klebsiella,bacteria,Przondovirus,Autotranscriptaviridae,1323,0.00e+00,1,0,1,GH23,0,no,100.0,Complete,,,,肽聚糖（推断）,0.427,CRKP/PA/AB 临床重点菌,0.584
MT813140_33,lysin,Klebsiella,bacteria,Przondovirus,Autotranscriptaviridae,1322,0.00e+00,1,0,1,GH23,0,no,94.22,High-quality,,,,肽聚糖（推断）,0.427,CRKP/PA/AB 临床重点菌,0.584
OX335408_6,lysin,Klebsiella,bacteria,Przondovirus,Autotranscriptaviridae,1322,0.00e+00,1,0,1,GH23,0,no,100.0,Complete,,,,肽聚糖（推断）,0.427,CRKP/PA/AB 临床重点菌,0.584
NC_047771_40,lysin,Klebsiella,bacteria,Przondovirus,Autotranscriptaviridae,1322,0.00e+00,1,0,1,GH23,0,no,100.0,Complete,,,,肽聚糖（推断）,0.427,CRKP/PA/AB 临床重点菌,0.584
MT966872_41,lysin,Klebsiella,bacteria,Przondovirus,Autotranscriptaviridae,1322,0.00e+00,1,0,1,GH23,0,no,100.0,Complete,,,,肽聚糖（推断）,0.427,CRKP/PA/AB 临床重点菌,0.584
PQ803403_28,lysin,Klebsiella,bacteria,Przondovirus,Autotranscriptaviridae,1323,0.00e+00,1,0,1,GH23,0,no,100.0,Complete,,,,肽聚糖（推断）,0.427,CRKP/PA/AB 临床重点菌,0.584
PV402695_40,lysin,Klebsiella,bacteria,Unclassified,Unclassified,1322,0.00e+00,1,0,1,GH23,0,no,96.3,High-quality,,,,肽聚糖（推断）,0.427,CRKP/PA/AB 临床重点菌,0.584
OR532818_38,lysin,Klebsiella,bacteria,Unclassified,Unclassified,1322,0.00e+00,1,0,1,GH23,0,no,93.37,High-quality,,,,肽聚糖（推断）,0.427,CRKP/PA/AB 临床重点菌,0.584
PP889478_38,lysin,Klebsiella,bacteria,Unclassified,Unclassified,1322,0.00e+00,1,0,1,GH23,0,no,95.4,High-quality,,,,肽聚糖（推断）,0.427,CRKP/PA/AB 临床重点菌,0.584
PV610698_17,lysin,Klebsiella,bacteria,Unclassified,Unclassified,1322,0.00e+00,1,0,1,GH23,0,no,100.0,Complete,,,,肽聚糖（推断）,0.427,CRKP/PA/AB 临床重点菌,0.584
MK774614_222,lysin,Aeromonas,bacteria,Chaoshanvirus,Chimalliviridae,2355,8.20e-21,0,0,1,none,0,no,82.4,Medium-quality,AF-A0A966HDQ7-F1,35.7,37,未知,0.61,其他革兰阴性/细菌,0.584
MW042810_10,lysin,Klebsiella,bacteria,Przondovirus,Autotranscriptaviridae,1323,0.00e+00,1,0,1,GH23,0,no,100.0,Complete,,,,肽聚糖（推断）,0.427,CRKP/PA/AB 临床重点菌,0.584
OR387886_6,lysin,Klebsiella,bacteria,Przondovirus,Autotranscriptaviridae,1322,0.00e+00,1,0,1,GH23,0,no,94.03,High-quality,,,,肽聚糖（推断）,0.427,CRKP/PA/AB 临床重点菌,0.584
PX828365.1_44,lysin,Klebsiella,bacteria,Unclassified,Unclassified,1322,0.00e+00,1,0,1,GH23,0,no,100.0,Complete,,,,肽聚糖（推断）,0.427,CRKP/PA/AB 临床重点菌,0.584
MW042803_21,lysin,Klebsiella,bacteria,Przondovirus,Autotranscriptaviridae,1323,0.00e+00,1,0,1,GH23,0,no,100.0,Complete,,,,肽聚糖（推断）,0.427,CRKP/PA/AB 临床重点菌,0.584
PV528436_40,lysin,Klebsiella,bacteria,Przondovirus,Autotranscriptaviridae,1323,0.00e+00,1,0,1,GH23,0,no,92.8,High-quality,,,,肽聚糖（推断）,0.427,CRKP/PA/AB 临床重点菌,0.584
OR256027_3,lysin,Klebsiella,bacteria,Przondovirus,Autotranscriptaviridae,1322,0.00e+00,1,0,1,GH23,0,no,94.7,High-quality,,,,肽聚糖（推断）,0.427,CRKP/PA/AB 临床重点菌,0.584
PQ589213_9,lysin,Klebsiella,bacteria,Unclassified,Unclassified,1322,0.00e+00,1,0,1,GH23,0,no,95.17,High-quality,,,,肽聚糖（推断）,0.427,CRKP/PA/AB 临床重点菌,0.584
PP357473_27,lysin,Klebsiella,bacteria,Przondovirus,Autotranscriptaviridae,1323,0.00e+00,1,0,1,GH23,0,no,100.0,Complete,,,,肽聚糖（推断）,0.427,CRKP/PA/AB 临床重点菌,0.584
OX335414_42,lysin,Klebsiella,bacteria,Przondovirus,Autotranscriptaviridae,1322,0.00e+00,1,0,1,GH23,0,no,100.0,Complete,,,,肽聚糖（推断）,0.427,CRKP/PA/AB 临床重点菌,0.584
PX694420.1_40,lysin,Klebsiella,bacteria,Przondovirus,Autotranscriptaviridae,1322,0.00e+00,1,0,1,GH23,0,no,100.0,Complete,,,,肽聚糖（推断）,0.427,CRKP/PA/AB 临床重点菌,0.584
PQ758384_24,lysin,Klebsiella,bacteria,Unclassified,Unclassified,1323,0.00e+00,1,0,1,GH23,0,no,100.0,Complete,,,,肽聚糖（推断）,0.427,CRKP/PA/AB 临床重点菌,0.584
PX974311.1_47,lysin,Klebsiella,bacteria,Unclassified,Unclassified,1322,0.00e+00,1,0,1,GH23,0,no,95.89,High-quality,,,,肽聚糖（推断）,0.427,CRKP/PA/AB 临床重点菌,0.584
OP103921_50,lysin,Klebsiella,bacteria,Przondovirus,Autotranscriptaviridae,1323,0.00e+00,1,0,1,GH23,0,no,100.0,Complete,,,,肽聚糖（推断）,0.427,CRKP/PA/AB 临床重点菌,0.584
PV854170_38,lysin,Klebsiella,bacteria,Unclassified,Unclassified,1322,0.00e+00,1,0,1,GH23,0,no,95.39,High-quality,,,,肽聚糖（推断）,0.427,CRKP/PA/AB 临床重点菌,0.584
OR532812_37,lysin,Klebsiella,bacteria,Unclassified,Unclassified,1322,0.00e+00,1,0,1,GH23,0,no,88.48,Medium-quality,,,,肽聚糖（推断）,0.427,CRKP/PA/AB 临床重点菌,0.584
MN149903_51,lysin,Klebsiella,bacteria,Przondovirus,Autotranscriptaviridae,1322,0.00e+00,1,0,1,GH23,0,no,95.57,High-quality,,,,肽聚糖（推断）,0.427,CRKP/PA/AB 临床重点菌,0.584
PP357474_41,lysin,Klebsiella,bacteria,Przondovirus,Autotranscriptaviridae,1322,0.00e+00,1,0,1,GH23,0,no,100.0,Complete,,,,肽聚糖（推断）,0.427,CRKP/PA/AB 临床重点菌,0.584
NC_047798_41,lysin,Klebsiella,bacteria,Przondovirus,Autotranscriptaviridae,1322,0.00e+00,1,0,1,GH23,0,no,100.0,Complete,,,,肽聚糖（推断）,0.427,CRKP/PA/AB 临床重点菌,0.584
PV854173_40,lysin,Klebsiella,bacteria,Unclassified,Unclassified,1322,0.00e+00,1,0,1,GH23,0,no,93.32,High-quality,,,,肽聚糖（推断）,0.427,CRKP/PA/AB 临床重点菌,0.584
OR684907_37,lysin,Klebsiella,bacteria,Przondovirus,Autotranscriptaviridae,1322,0.00e+00,1,0,1,GH23,0,no,93.75,High-quality,,,,肽聚糖（推断）,0.427,CRKP/PA/AB 临床重点菌,0.584
MW042806_41,lysin,Klebsiella,bacteria,Przondovirus,Autotranscriptaviridae,1322,0.00e+00,1,0,1,GH23,0,no,100.0,Complete,,,,肽聚糖（推断）,0.427,CRKP/PA/AB 临床重点菌,0.584
PV755962_7,lysin,Klebsiella,bacteria,Unclassified,Unclassified,1322,0.00e+00,1,0,1,GH23,0,no,91.95,High-quality,,,,肽聚糖（推断）,0.427,CRKP/PA/AB 临床重点菌,0.584
OP970825_19,lysin,Klebsiella,bacteria,Przondovirus,Autotranscriptaviridae,1322,0.00e+00,1,0,1,GH23,0,no,95.1,High-quality,,,,肽聚糖（推断）,0.427,CRKP/PA/AB 临床重点菌,0.584
OY978870_44,lysin,Klebsiella,bacteria,Przondovirus,Autotranscriptaviridae,1322,0.00e+00,1,0,1,GH23,0,no,93.33,High-quality,,,,肽聚糖（推断）,0.427,CRKP/PA/AB 临床重点菌,0.584
PQ843213_9,lysin,Klebsiella,bacteria,Przondovirus,Autotranscriptaviridae,1322,0.00e+00,1,0,1,GH23,0,no,95.54,High-quality,,,,肽聚糖（推断）,0.427,CRKP/PA/AB 临床重点菌,0.584
PQ569708_41,lysin,Klebsiella,bacteria,Unclassified,Unclassified,1322,0.00e+00,1,0,1,GH23,0,no,92.77,High-quality,,,,肽聚糖（推断）,0.427,CRKP/PA/AB 临床重点菌,0.584
MN101227_40,lysin,Klebsiella,bacteria,Przondovirus,Autotranscriptaviridae,1322,0.00e+00,1,0,1,GH23,0,no,89.91,Medium-quality,,,,肽聚糖（推断）,0.427,CRKP/PA/AB 临床重点菌,0.584
OL799328_4,lysin,Klebsiella,bacteria,Przondovirus,Autotranscriptaviridae,1322,0.00e+00,1,0,1,GH23,0,no,100.0,Complete,,,,肽聚糖（推断）,0.427,CRKP/PA/AB 临床重点菌,0.584
OQ622005_45,lysin,Klebsiella,bacteria,Przondovirus,Autotranscriptaviridae,1323,0.00e+00,1,0,1,GH23,0,no,100.0,Complete,,,,肽聚糖（推断）,0.427,CRKP/PA/AB 临床重点菌,0.584
NC_047761_44,lysin,Klebsiella,bacteria,Przondovirus,Autotranscriptaviridae,1322,0.00e+00,1,0,1,GH23,0,no,95.99,High-quality,,,,肽聚糖（推断）,0.427,CRKP/PA/AB 临床重点菌,0.584
PP889461_38,lysin,Klebsiella,bacteria,Unclassified,Unclassified,1322,0.00e+00,1,0,1,GH23,0,no,94.93,High-quality,,,,肽聚糖（推断）,0.427,CRKP/PA/AB 临床重点菌,0.584
OX335409_7,lysin,Klebsiella,bacteria,Przondovirus,Autotranscriptaviridae,1322,0.00e+00,1,0,1,GH23,0,no,100.0,Complete,,,,肽聚糖（推断）,0.427,CRKP/PA/AB 临床重点菌,0.584
OX335392_43,lysin,Klebsiella,bacteria,Przondovirus,Autotranscriptaviridae,1322,0.00e+00,1,0,1,GH23,0,no,100.0,Complete,,,,肽聚糖（推断）,0.427,CRKP/PA/AB 临床重点菌,0.584
OY979396_46,lysin,Klebsiella,bacteria,Przondovirus,Autotranscriptaviridae,1322,0.00e+00,1,0,1,GH23,0,no,93.77,High-quality,,,,肽聚糖（推断）,0.427,CRKP/PA/AB 临床重点菌,0.584
PP848839_41,lysin,Klebsiella,bacteria,Unclassified,Unclassified,1323,0.00e+00,1,0,1,GH23,0,no,94.15,High-quality,,,,肽聚糖（推断）,0.427,CRKP/PA/AB 临床重点菌,0.584
PX670398.1_43,lysin,Klebsiella,bacteria,Unclassified,Unclassified,1322,0.00e+00,1,0,1,GH23,0,no,94.42,High-quality,,,,肽聚糖（推断）,0.427,CRKP/PA/AB 临床重点菌,0.584
PX908301.1_44,lysin,Klebsiella,bacteria,Unclassified,Unclassified,1322,0.00e+00,1,0,1,GH23,0,no,100.0,Complete,,,,肽聚糖（推断）,0.427,CRKP/PA/AB 临床重点菌,0.584
PQ571294_3,lysin,Klebsiella,bacteria,Unclassified,Unclassified,1322,0.00e+00,1,0,1,GH23,0,no,100.0,Complete,,,,肽聚糖（推断）,0.427,CRKP/PA/AB 临床重点菌,0.584
PQ133611_12,lysin,Klebsiella,bacteria,Unclassified,Unclassified,1323,0.00e+00,1,0,1,GH23,0,no,100.0,Complete,,,,肽聚糖（推断）,0.427,CRKP/PA/AB 临床重点菌,0.584
MW042788_9,lysin,Klebsiella,bacteria,Przondovirus,Autotranscriptaviridae,1322,0.00e+00,1,0,1,GH23,0,no,100.0,Complete,,,,肽聚糖（推断）,0.427,CRKP/PA/AB 临床重点菌,0.584
MT966873_41,lysin,Klebsiella,bacteria,Przondovirus,Autotranscriptaviridae,1322,0.00e+00,1,0,1,GH23,0,no,94.93,High-quality,,,,肽聚糖（推断）,0.427,CRKP/PA/AB 临床重点菌,0.584
OP626794_32,lysin,Klebsiella,bacteria,Unclassified,Unclassified,1322,0.00e+00,1,0,1,GH23,0,no,95.74,High-quality,,,,肽聚糖（推断）,0.426,CRKP/PA/AB 临床重点菌,0.5839
OX335443_8,lysin,Klebsiella,bacteria,Przondovirus,Autotranscriptaviridae,1322,0.00e+00,1,0,1,GH23,0,no,100.0,Complete,,,,肽聚糖（推断）,0.426,CRKP/PA/AB 临床重点菌,0.5839
PQ858442_39,lysin,Klebsiella,bacteria,Przondovirus,Autotranscriptaviridae,1322,0.00e+00,1,0,1,GH23,0,no,95.29,High-quality,,,,肽聚糖（推断）,0.426,CRKP/PA/AB 临床重点菌,0.5839
NC_047781_46,lysin,Klebsiella,bacteria,Przondovirus,Autotranscriptaviridae,1322,0.00e+00,1,0,1,GH23,0,no,95.47,High-quality,,,,肽聚糖（推断）,0.426,CRKP/PA/AB 临床重点菌,0.5839
PP739164_37,lysin,Klebsiella,bacteria,Przondovirus,Autotranscriptaviridae,1322,0.00e+00,1,0,1,GH23,0,no,100.0,Complete,,,,肽聚糖（推断）,0.426,CRKP/PA/AB 临床重点菌,0.5839
PP357455_7,lysin,Klebsiella,bacteria,Przondovirus,Autotranscriptaviridae,1322,0.00e+00,1,0,1,GH23,0,no,100.0,Complete,,,,肽聚糖（推断）,0.426,CRKP/PA/AB 临床重点菌,0.5839
PP801331_7,lysin,Klebsiella,bacteria,Unclassified,Unclassified,1322,0.00e+00,1,0,1,GH23,0,no,100.0,Complete,,,,肽聚糖（推断）,0.426,CRKP/PA/AB 临床重点菌,0.5839
MT431699_36,lysin,Klebsiella,bacteria,Przondovirus,Autotranscriptaviridae,1322,0.00e+00,1,0,1,GH23,0,no,100.0,Complete,,,,肽聚糖（推断）,0.426,CRKP/PA/AB 临床重点菌,0.5839
PP889489_37,lysin,Klebsiella,bacteria,Unclassified,Unclassified,1323,0.00e+00,1,0,1,GH23,0,no,91.18,High-quality,,,,肽聚糖（推断）,0.426,CRKP/PA/AB 临床重点菌,0.5839
OQ921102_35,lysin,Klebsiella,bacteria,Przondovirus,Autotranscriptaviridae,1322,0.00e+00,1,0,1,GH23,0,no,91.92,High-quality,,,,肽聚糖（推断）,0.426,CRKP/PA/AB 临床重点菌,0.5839
OM194189_39,lysin,Klebsiella,bacteria,Przondovirus,Autotranscriptaviridae,1322,0.00e+00,1,0,1,GH23,0,no,94.7,High-quality,,,,肽聚糖（推断）,0.426,CRKP/PA/AB 临床重点菌,0.5839
NC_048129_44,lysin,Klebsiella,bacteria,Przondovirus,Autotranscriptaviridae,1322,0.00e+00,1,0,1,GH23,0,no,93.61,High-quality,,,,肽聚糖（推断）,0.426,CRKP/PA/AB 临床重点菌,0.5839
NC_048131_42,lysin,Klebsiella,bacteria,Przondovirus,Autotranscriptaviridae,1322,0.00e+00,1,0,1,GH23,0,no,96.18,High-quality,,,,肽聚糖（推断）,0.426,CRKP/PA/AB 临床重点菌,0.5839
PP357475_7,lysin,Klebsiella,bacteria,Przondovirus,Autotranscriptaviridae,1322,0.00e+00,1,0,1,GH23,0,no,100.0,Complete,,,,肽聚糖（推断）,0.426,CRKP/PA/AB 临床重点菌,0.5839
MW042812_41,lysin,Klebsiella,bacteria,Przondovirus,Autotranscriptaviridae,1323,0.00e+00,1,0,1,GH23,0,no,100.0,Complete,,,,肽聚糖（推断）,0.426,CRKP/PA/AB 临床重点菌,0.5839
OR256026_40,lysin,Klebsiella,bacteria,Przondovirus,Autotranscriptaviridae,1322,0.00e+00,1,0,1,GH23,0,no,100.0,Complete,,,,肽聚糖（推断）,0.426,CRKP/PA/AB 临床重点菌,0.5839
PX694411.1_35,lysin,Klebsiella,bacteria,Przondovirus,Autotranscriptaviridae,1322,0.00e+00,1,0,1,GH23,0,no,100.0,Complete,,,,肽聚糖（推断）,0.426,CRKP/PA/AB 临床重点菌,0.5839
ON602755_41,lysin,Klebsiella,bacteria,Przondovirus,Autotranscriptaviridae,1322,0.00e+00,1,0,1,GH23,0,no,100.0,Complete,,,,肽聚糖（推断）,0.426,CRKP/PA/AB 临床重点菌,0.5839
PP889472_40,lysin,Klebsiella,bacteria,Unclassified,Unclassified,1323,0.00e+00,1,0,1,GH23,0,no,93.22,High-quality,,,,肽聚糖（推断）,0.426,CRKP/PA/AB 临床重点菌,0.5839
PP734007_40,lysin,Klebsiella,bacteria,Przondovirus,Autotranscriptaviridae,1322,0.00e+00,1,0,1,GH23,0,no,100.0,Complete,,,,肽聚糖（推断）,0.426,CRKP/PA/AB 临床重点菌,0.5839
OX335398_41,lysin,Klebsiella,bacteria,Przondovirus,Autotranscriptaviridae,1322,0.00e+00,1,0,1,GH23,0,no,95.86,High-quality,,,,肽聚糖（推断）,0.426,CRKP/PA/AB 临床重点菌,0.5839
PP476965_7,lysin,Klebsiella,bacteria,Przondovirus,Autotranscriptaviridae,1322,0.00e+00,1,0,1,GH23,0,no,92.7,High-quality,,,,肽聚糖（推断）,0.426,CRKP/PA/AB 临床重点菌,0.5839
PQ133622_37,lysin,Klebsiella,bacteria,Unclassified,Unclassified,1322,0.00e+00,1,0,1,GH23,0,no,100.0,Complete,,,,肽聚糖（推断）,0.426,CRKP/PA/AB 临床重点菌,0.5839
PQ133601_33,lysin,Klebsiella,bacteria,Unclassified,Unclassified,1322,0.00e+00,1,0,1,GH23,0,no,100.0,Complete,,,,肽聚糖（推断）,0.426,CRKP/PA/AB 临床重点菌,0.5839
PX694412.1_38,lysin,Klebsiella,bacteria,Przondovirus,Autotranscriptaviridae,1322,0.00e+00,1,0,1,GH23,0,no,100.0,Complete,,,,肽聚糖（推断）,0.426,CRKP/PA/AB 临床重点菌,0.5839
OX335438_6,lysin,Klebsiella,bacteria,Przondovirus,Autotranscriptaviridae,1322,0.00e+00,1,0,1,GH23,0,no,100.0,Complete,,,,肽聚糖（推断）,0.426,CRKP/PA/AB 临床重点菌,0.5839
PX670407.1_41,lysin,Klebsiella,bacteria,Unclassified,Unclassified,1322,0.00e+00,1,0,1,GH23,0,no,92.1,High-quality,,,,肽聚糖（推断）,0.426,CRKP/PA/AB 临床重点菌,0.5839
OQ790080_15,lysin,Klebsiella,bacteria,Przondovirus,Autotranscriptaviridae,1322,0.00e+00,1,0,1,GH23,0,no,92.11,High-quality,,,,肽聚糖（推断）,0.426,CRKP/PA/AB 临床重点菌,0.5839
OY979413_42,lysin,Klebsiella,bacteria,Przondovirus,Autotranscriptaviridae,1322,0.00e+00,1,0,1,GH23,0,no,95.47,High-quality,,,,肽聚糖（推断）,0.426,CRKP/PA/AB 临床重点菌,0.5839
PV853808_6,lysin,Klebsiella,bacteria,Unclassified,Unclassified,1322,0.00e+00,1,0,1,GH23,0,no,100.0,Complete,,,,肽聚糖（推断）,0.426,CRKP/PA/AB 临床重点菌,0.5839
PP357472_6,lysin,Klebsiella,bacteria,Przondovirus,Autotranscriptaviridae,1322,0.00e+00,1,0,1,GH23,0,no,100.0,Complete,,,,肽聚糖（推断）,0.426,CRKP/PA/AB 临床重点菌,0.5839
NC_111671_37,lysin,Klebsiella,bacteria,Przondovirus,Autotranscriptaviridae,1322,0.00e+00,1,0,1,GH23,0,no,100.0,Complete,,,,肽聚糖（推断）,0.426,CRKP/PA/AB 临床重点菌,0.5839
MK903728_42,lysin,Klebsiella,bacteria,Przondovirus,Autotranscriptaviridae,1322,0.00e+00,1,0,1,GH23,0,no,100.0,Complete,,,,肽聚糖（推断）,0.426,CRKP/PA/AB 临床重点菌,0.5839
PP357460_1,lysin,Klebsiella,bacteria,Przondovirus,Autotranscriptaviridae,485,0.00e+00,1,0,1,GH23,0,no,100.0,Complete,,,,肽聚糖（推断）,0.426,CRKP/PA/AB 临床重点菌,0.5839
PP889497_36,lysin,Klebsiella,bacteria,Unclassified,Unclassified,1322,0.00e+00,1,0,1,GH23,0,no,93.39,High-quality,,,,肽聚糖（推断）,0.426,CRKP/PA/AB 临床重点菌,0.5839
OR639934_46,lysin,Klebsiella,bacteria,Przondovirus,Autotranscriptaviridae,1322,0.00e+00,1,0,1,GH23,0,no,100.0,Complete,,,,肽聚糖（推断）,0.426,CRKP/PA/AB 临床重点菌,0.5839
OP013026_17,lysin,Klebsiella,bacteria,Przondovirus,Autotranscriptaviridae,1323,0.00e+00,1,0,1,GH23,0,no,92.27,High-quality,,,,肽聚糖（推断）,0.426,CRKP/PA/AB 临床重点菌,0.5839
PZ105927.1_10,lysin,Klebsiella,bacteria,Przondovirus,Autotranscriptaviridae,1323,0.00e+00,1,0,1,GH23,0,no,93.93,High-quality,,,,肽聚糖（推断）,0.426,CRKP/PA/AB 临床重点菌,0.5839
PQ039553_43,lysin,Enterobacter,bacteria,Unclassified,Unclassified,78,1.60e-293,,,,none,0,no,99.1,High-quality,,,,未知,0.026,其他革兰阴性/细菌,0.5839
PQ288045_2,lysin,Klebsiella,bacteria,Przondovirus,Autotranscriptaviridae,1322,0.00e+00,1,0,1,GH23,0,no,94.52,High-quality,,,,肽聚糖（推断）,0.426,CRKP/PA/AB 临床重点菌,0.5839
OP103918_50,lysin,Klebsiella,bacteria,Przondovirus,Autotranscriptaviridae,931,0.00e+00,1,0,1,GH23,0,no,100.0,Complete,,,,肽聚糖（推断）,0.426,CRKP/PA/AB 临床重点菌,0.5839
PX670408.1_46,lysin,Klebsiella,bacteria,Unclassified,Unclassified,1322,0.00e+00,1,0,1,GH23,0,no,95.71,High-quality,,,,肽聚糖（推断）,0.426,CRKP/PA/AB 临床重点菌,0.5839
OQ921101_37,lysin,Klebsiella,bacteria,Przondovirus,Autotranscriptaviridae,1322,0.00e+00,1,0,1,GH23,0,no,88.69,Medium-quality,,,,肽聚糖（推断）,0.426,CRKP/PA/AB 临床重点菌,0.5839
PQ793761_40,lysin,Klebsiella,bacteria,Unclassified,Unclassified,1322,0.00e+00,1,0,1,GH23,0,no,100.0,Complete,,,,肽聚糖（推断）,0.425,CRKP/PA/AB 临床重点菌,0.5837
OK138556_8,lysin,Klebsiella,bacteria,Przondovirus,Autotranscriptaviridae,1322,0.00e+00,1,0,1,GH23,0,no,94.15,High-quality,,,,肽聚糖（推断）,0.425,CRKP/PA/AB 临床重点菌,0.5837
PP889476_42,lysin,Klebsiella,bacteria,Unclassified,Unclassified,1322,0.00e+00,1,0,1,GH23,0,no,94.08,High-quality,,,,肽聚糖（推断）,0.425,CRKP/PA/AB 临床重点菌,0.5837
PP848846_40,lysin,Klebsiella,bacteria,Unclassified,Unclassified,1322,0.00e+00,1,0,1,GH23,0,no,93.51,High-quality,,,,肽聚糖（推断）,0.425,CRKP/PA/AB 临床重点菌,0.5837
OR532903_40,lysin,Klebsiella,bacteria,Unclassified,Unclassified,1316,0.00e+00,1,0,1,GH23,0,no,94.9,High-quality,,,,肽聚糖（推断）,0.425,CRKP/PA/AB 临床重点菌,0.5837
PV854179_39,lysin,Klebsiella,bacteria,Unclassified,Unclassified,1322,0.00e+00,1,0,1,GH23,0,no,94.72,High-quality,,,,肽聚糖（推断）,0.425,CRKP/PA/AB 临床重点菌,0.5837
PP662633_34,lysin,Klebsiella,bacteria,Przondovirus,Autotranscriptaviridae,1322,0.00e+00,1,0,1,GH23,0,no,95.29,High-quality,,,,肽聚糖（推断）,0.425,CRKP/PA/AB 临床重点菌,0.5837
OR645408_37,lysin,Klebsiella,bacteria,Przondovirus,Autotranscriptaviridae,1322,0.00e+00,1,0,1,GH23,0,no,100.0,Complete,,,,肽聚糖（推断）,0.425,CRKP/PA/AB 临床重点菌,0.5837
PP889470_40,lysin,Klebsiella,bacteria,Unclassified,Unclassified,1322,0.00e+00,1,0,1,GH23,0,no,95.73,High-quality,,,,肽聚糖（推断）,0.425,CRKP/PA/AB 临床重点菌,0.5837
PQ133604_36,lysin,Klebsiella,bacteria,Unclassified,Unclassified,1322,0.00e+00,1,0,1,GH23,0,no,100.0,Complete,,,,肽聚糖（推断）,0.425,CRKP/PA/AB 临床重点菌,0.5837
OP970826_48,lysin,Klebsiella,bacteria,Przondovirus,Autotranscriptaviridae,1322,0.00e+00,1,0,1,GH23,0,no,95.84,High-quality,,,,肽聚糖（推断）,0.425,CRKP/PA/AB 临床重点菌,0.5837
PX670415.1_38,lysin,Klebsiella,bacteria,Unclassified,Unclassified,1322,0.00e+00,1,0,1,GH23,0,no,90.07,High-quality,,,,肽聚糖（推断）,0.425,CRKP/PA/AB 临床重点菌,0.5837
PX694425.1_40,lysin,Klebsiella,bacteria,Przondovirus,Autotranscriptaviridae,1322,0.00e+00,1,0,1,GH23,0,no,100.0,Complete,,,,肽聚糖（推断）,0.425,CRKP/PA/AB 临床重点菌,0.5837
AB716668_36,lysin,Klebsiella,bacteria,Unclassified,Unclassified,1322,0.00e+00,1,0,1,GH23,0,no,100.0,Complete,,,,肽聚糖（推断）,0.425,CRKP/PA/AB 临床重点菌,0.5837
MW042795_31,lysin,Klebsiella,bacteria,Przondovirus,Autotranscriptaviridae,1323,0.00e+00,1,0,1,GH23,0,no,100.0,Complete,,,,肽聚糖（推断）,0.425,CRKP/PA/AB 临床重点菌,0.5837
MT542697_44,lysin,Klebsiella,bacteria,Przondovirus,Autotranscriptaviridae,1322,0.00e+00,1,0,1,GH23,0,no,100.0,Complete,,,,肽聚糖（推断）,0.425,CRKP/PA/AB 临床重点菌,0.5837
PP915726_5,lysin,Klebsiella,bacteria,Przondovirus,Autotranscriptaviridae,1322,0.00e+00,1,0,1,GH23,0,no,94.15,High-quality,,,,肽聚糖（推断）,0.425,CRKP/PA/AB 临床重点菌,0.5837
PQ133594_16,lysin,Klebsiella,bacteria,Unclassified,Unclassified,1322,0.00e+00,1,0,1,GH23,0,no,95.45,High-quality,,,,肽聚糖（推断）,0.425,CRKP/PA/AB 临床重点菌,0.5837
PX550015_35,lysin,Klebsiella,bacteria,Webervirus,Drexlerviridae,1322,0.00e+00,1,0,1,GH23,0,no,94.82,High-quality,,,,肽聚糖（推断）,0.425,CRKP/PA/AB 临床重点菌,0.5837
OX335389_8,lysin,Klebsiella,bacteria,Przondovirus,Autotranscriptaviridae,1322,0.00e+00,1,0,1,GH23,0,no,100.0,Complete,,,,肽聚糖（推断）,0.425,CRKP/PA/AB 临床重点菌,0.5837
NC_048138_45,lysin,Klebsiella,bacteria,Przondovirus,Autotranscriptaviridae,1322,0.00e+00,1,0,1,GH23,0,no,94.37,High-quality,,,,肽聚糖（推断）,0.425,CRKP/PA/AB 临床重点菌,0.5837
PX842722.1_7,lysin,Klebsiella,bacteria,Unclassified,Unclassified,1322,0.00e+00,1,0,1,GH23,0,no,100.0,Complete,,,,肽聚糖（推断）,0.425,CRKP/PA/AB 临床重点菌,0.5837
PQ133605_39,lysin,Klebsiella,bacteria,Unclassified,Unclassified,1322,0.00e+00,1,0,1,GH23,0,no,100.0,Complete,,,,肽聚糖（推断）,0.425,CRKP/PA/AB 临床重点菌,0.5837
NC_048130_46,lysin,Klebsiella,bacteria,Przondovirus,Autotranscriptaviridae,1323,0.00e+00,1,0,1,GH23,0,no,96.09,High-quality,,,,肽聚糖（推断）,0.425,CRKP/PA/AB 临床重点菌,0.5837
PP889501_41,lysin,Klebsiella,bacteria,Unclassified,Unclassified,1322,0.00e+00,1,0,1,GH23,0,no,94.47,High-quality,,,,肽聚糖（推断）,0.425,CRKP/PA/AB 临床重点菌,0.5837
PV683291_29,lysin,Klebsiella,bacteria,Unclassified,Unclassified,1322,0.00e+00,1,0,1,GH23,0,no,100.0,Complete,,,,肽聚糖（推断）,0.425,CRKP/PA/AB 临床重点菌,0.5837
PP357477_28,lysin,Klebsiella,bacteria,Przondovirus,Autotranscriptaviridae,1322,0.00e+00,1,0,1,GH23,0,no,100.0,Complete,,,,肽聚糖（推断）,0.425,CRKP/PA/AB 临床重点菌,0.5837
MK380015_42,lysin,Klebsiella,bacteria,Przondovirus,Autotranscriptaviridae,1322,0.00e+00,1,0,1,GH23,0,no,100.0,Complete,,,,肽聚糖（推断）,0.425,CRKP/PA/AB 临床重点菌,0.5837
OR532810_43,lysin,Klebsiella,bacteria,Unclassified,Unclassified,1322,0.00e+00,1,0,1,GH23,0,no,92.05,High-quality,,,,肽聚糖（推断）,0.425,CRKP/PA/AB 临床重点菌,0.5837
MW042792_11,lysin,Klebsiella,bacteria,Przondovirus,Autotranscriptaviridae,1323,0.00e+00,1,0,1,GH23,0,no,100.0,Complete,,,,肽聚糖（推断）,0.425,CRKP/PA/AB 临床重点菌,0.5837
PX694421.1_40,lysin,Klebsiella,bacteria,Przondovirus,Autotranscriptaviridae,1322,0.00e+00,1,0,1,GH23,0,no,100.0,Complete,,,,肽聚糖（推断）,0.425,CRKP/PA/AB 临床重点菌,0.5837
PQ738176_41,lysin,Klebsiella,bacteria,Unclassified,Unclassified,1322,0.00e+00,1,0,1,GH23,0,no,92.65,High-quality,,,,肽聚糖（推断）,0.425,CRKP/PA/AB 临床重点菌,0.5837
OY979393_43,lysin,Klebsiella,bacteria,Przondovirus,Autotranscriptaviridae,1322,0.00e+00,1,0,1,GH23,0,no,91.83,High-quality,,,,肽聚糖（推断）,0.425,CRKP/PA/AB 临床重点菌,0.5837
OX335376_7,lysin,Klebsiella,bacteria,Przondovirus,Autotranscriptaviridae,1322,0.00e+00,1,0,1,GH23,0,no,100.0,Complete,,,,肽聚糖（推断）,0.425,CRKP/PA/AB 临床重点菌,0.5837
PP889452_39,lysin,Klebsiella,bacteria,Unclassified,Unclassified,1322,0.00e+00,1,0,1,GH23,0,no,96.12,High-quality,,,,肽聚糖（推断）,0.425,CRKP/PA/AB 临床重点菌,0.5837
MN434093_41,lysin,Klebsiella,bacteria,Przondovirus,Autotranscriptaviridae,1322,0.00e+00,1,0,1,GH23,0,no,95.05,High-quality,,,,肽聚糖（推断）,0.425,CRKP/PA/AB 临床重点菌,0.5837
PP889491_35,lysin,Klebsiella,bacteria,Unclassified,Unclassified,1322,0.00e+00,1,0,1,GH23,0,no,94.34,High-quality,,,,肽聚糖（推断）,0.425,CRKP/PA/AB 临床重点菌,0.5837
NC_048014_43,lysin,Klebsiella,bacteria,Przondovirus,Autotranscriptaviridae,1322,0.00e+00,1,0,1,GH23,0,no,93.17,High-quality,,,,肽聚糖（推断）,0.425,CRKP/PA/AB 临床重点菌,0.5837
MK380016_40,lysin,Klebsiella,bacteria,Przondovirus,Autotranscriptaviridae,1322,0.00e+00,1,0,1,GH23,0,no,100.0,Complete,,,,肽聚糖（推断）,0.425,CRKP/PA/AB 临床重点菌,0.5837
ON602742_21,lysin,Klebsiella,bacteria,Przondovirus,Autotranscriptaviridae,1322,0.00e+00,1,0,1,GH23,0,no,100.0,Complete,,,,肽聚糖（推断）,0.425,CRKP/PA/AB 临床重点菌,0.5837
PX694418.1_43,lysin,Klebsiella,bacteria,Przondovirus,Autotranscriptaviridae,1322,0.00e+00,1,0,1,GH23,0,no,100.0,Complete,,,,肽聚糖（推断）,0.425,CRKP/PA/AB 临床重点菌,0.5837
PQ133603_39,lysin,Klebsiella,bacteria,Unclassified,Unclassified,1322,0.00e+00,1,0,1,GH23,0,no,94.57,High-quality,,,,肽聚糖（推断）,0.425,CRKP/PA/AB 临床重点菌,0.5837
NC_028800_40,lysin,Klebsiella,bacteria,Przondovirus,Autotranscriptaviridae,1322,0.00e+00,1,0,1,GH23,0,no,100.0,Complete,,,,肽聚糖（推断）,0.425,CRKP/PA/AB 临床重点菌,0.5837
MK795385_5,lysin,Klebsiella,bacteria,Przondovirus,Autotranscriptaviridae,1322,0.00e+00,1,0,1,GH23,0,no,94.85,High-quality,,,,肽聚糖（推断）,0.425,CRKP/PA/AB 临床重点菌,0.5837
PV550976_28,lysin,Klebsiella,bacteria,Unclassified,Unclassified,1322,0.00e+00,1,0,1,GH23,0,no,95.59,High-quality,,,,肽聚糖（推断）,0.425,CRKP/PA/AB 临床重点菌,0.5837
PQ133610_8,lysin,Klebsiella,bacteria,Unclassified,Unclassified,1322,0.00e+00,1,0,1,GH23,0,no,100.0,Complete,,,,肽聚糖（推断）,0.425,CRKP/PA/AB 临床重点菌,0.5837
OY978834_41,lysin,Klebsiella,bacteria,Przondovirus,Autotranscriptaviridae,1322,0.00e+00,1,0,1,GH23,0,no,95.08,High-quality,,,,肽聚糖（推断）,0.425,CRKP/PA/AB 临床重点菌,0.5837
PP848840_42,lysin,Klebsiella,bacteria,Unclassified,Unclassified,1322,0.00e+00,1,0,1,GH23,0,no,95.4,High-quality,,,,肽聚糖（推断）,0.425,CRKP/PA/AB 临床重点菌,0.5837
PP554576_14,lysin,Klebsiella,bacteria,Unclassified,Unclassified,1322,0.00e+00,1,0,1,GH23,0,no,96.52,High-quality,,,,肽聚糖（推断）,0.425,CRKP/PA/AB 临床重点菌,0.5837
HG994092_46,lysin,Klebsiella,bacteria,Przondovirus,Autotranscriptaviridae,1322,0.00e+00,1,0,1,GH23,0,no,95.92,High-quality,,,,肽聚糖（推断）,0.425,CRKP/PA/AB 临床重点菌,0.5837
PV854176_39,lysin,Klebsiella,bacteria,Unclassified,Unclassified,1322,0.00e+00,1,0,1,GH23,0,no,92.79,High-quality,,,,肽聚糖（推断）,0.425,CRKP/PA/AB 临床重点菌,0.5837
PV854171_35,lysin,Klebsiella,bacteria,Unclassified,Unclassified,1322,0.00e+00,1,0,1,GH23,0,no,94.06,High-quality,,,,肽聚糖（推断）,0.425,CRKP/PA/AB 临床重点菌,0.5837
NC_013647_41,lysin,Klebsiella,bacteria,Przondovirus,Autotranscriptaviridae,1322,0.00e+00,1,0,1,GH23,0,no,96.06,High-quality,,,,肽聚糖（推断）,0.425,CRKP/PA/AB 临床重点菌,0.5837
ON148528_43,lysin,Klebsiella,bacteria,Przondovirus,Autotranscriptaviridae,1322,0.00e+00,1,0,1,GH23,0,no,100.0,Complete,,,,肽聚糖（推断）,0.425,CRKP/PA/AB 临床重点菌,0.5837
PX694428.1_37,lysin,Klebsiella,bacteria,Przondovirus,Autotranscriptaviridae,1322,0.00e+00,1,0,1,GH23,0,no,100.0,Complete,,,,肽聚糖（推断）,0.425,CRKP/PA/AB 临床重点菌,0.5837
PQ628033_37,lysin,Klebsiella,bacteria,Unclassified,Unclassified,1322,0.00e+00,1,0,1,GH23,0,no,100.0,Complete,,,,肽聚糖（推断）,0.425,CRKP/PA/AB 临床重点菌,0.5837
PP357456_15,lysin,Klebsiella,bacteria,Przondovirus,Autotranscriptaviridae,1322,0.00e+00,1,0,1,GH23,0,no,93.42,High-quality,,,,肽聚糖（推断）,0.425,CRKP/PA/AB 临床重点菌,0.5837
OL409034_42,lysin,Klebsiella,bacteria,Przondovirus,Autotranscriptaviridae,1322,0.00e+00,1,0,1,GH23,0,no,95.47,High-quality,,,,肽聚糖（推断）,0.425,CRKP/PA/AB 临床重点菌,0.5837
PP357457_7,lysin,Klebsiella,bacteria,Przondovirus,Autotranscriptaviridae,1323,0.00e+00,1,0,1,GH23,0,no,100.0,Complete,,,,肽聚糖（推断）,0.425,CRKP/PA/AB 临床重点菌,0.5837
ON571554_7,lysin,Klebsiella,bacteria,Przondovirus,Autotranscriptaviridae,1323,0.00e+00,1,0,1,GH23,0,no,100.0,Complete,,,,肽聚糖（推断）,0.425,CRKP/PA/AB 临床重点菌,0.5837
PX694424.1_43,lysin,Klebsiella,bacteria,Przondovirus,Autotranscriptaviridae,1322,0.00e+00,1,0,1,GH23,0,no,100.0,Complete,,,,肽聚糖（推断）,0.425,CRKP/PA/AB 临床重点菌,0.5837
OY978798_45,lysin,Klebsiella,bacteria,Przondovirus,Autotranscriptaviridae,1322,0.00e+00,1,0,1,GH23,0,no,94.13,High-quality,,,,肽聚糖（推断）,0.425,CRKP/PA/AB 临床重点菌,0.5837
PP738800_33,lysin,Klebsiella,bacteria,Unclassified,Unclassified,1322,0.00e+00,1,0,1,GH23,0,no,96.42,High-quality,,,,肽聚糖（推断）,0.425,CRKP/PA/AB 临床重点菌,0.5837
PP357459_6,lysin,Klebsiella,bacteria,Przondovirus,Autotranscriptaviridae,1322,0.00e+00,1,0,1,GH23,0,no,100.0,Complete,,,,肽聚糖（推断）,0.425,CRKP/PA/AB 临床重点菌,0.5837
PV854181_40,lysin,Klebsiella,bacteria,Unclassified,Unclassified,1322,0.00e+00,1,0,1,GH23,0,no,94.46,High-quality,,,,肽聚糖（推断）,0.425,CRKP/PA/AB 临床重点菌,0.5837
OX335390_39,lysin,Klebsiella,bacteria,Przondovirus,Autotranscriptaviridae,1322,0.00e+00,1,0,1,GH23,0,no,100.0,Complete,,,,肽聚糖（推断）,0.424,CRKP/PA/AB 临床重点菌,0.5836
PP357476_24,lysin,Klebsiella,bacteria,Przondovirus,Autotranscriptaviridae,1322,0.00e+00,1,0,1,GH23,0,no,100.0,Complete,,,,肽聚糖（推断）,0.424,CRKP/PA/AB 临床重点菌,0.5836
NC_028688_47,lysin,Klebsiella,bacteria,Przondovirus,Autotranscriptaviridae,1322,0.00e+00,1,0,1,GH23,0,no,93.64,High-quality,,,,肽聚糖（推断）,0.424,CRKP/PA/AB 临床重点菌,0.5836
NC_047968_42,lysin,Klebsiella,bacteria,Przondovirus,Autotranscriptaviridae,1322,0.00e+00,1,0,1,GH23,0,no,100.0,Complete,,,,肽聚糖（推断）,0.424,CRKP/PA/AB 临床重点菌,0.5836
MZ424865_43,lysin,Klebsiella,bacteria,Przondovirus,Autotranscriptaviridae,1322,0.00e+00,1,0,1,GH23,0,no,92.16,High-quality,,,,肽聚糖（推断）,0.424,CRKP/PA/AB 临床重点菌,0.5836
PQ303613_35,lysin,Klebsiella,bacteria,Przondovirus,Autotranscriptaviridae,1322,0.00e+00,1,0,1,GH23,0,no,93.91,High-quality,,,,肽聚糖（推断）,0.424,CRKP/PA/AB 临床重点菌,0.5836
MN101218_44,lysin,Klebsiella,bacteria,Przondovirus,Autotranscriptaviridae,1322,0.00e+00,1,0,1,GH23,0,no,94.93,High-quality,,,,肽聚糖（推断）,0.424,CRKP/PA/AB 临床重点菌,0.5836
PZ036784.1_47,lysin,Klebsiella,bacteria,Unclassified,Unclassified,1322,0.00e+00,1,0,1,GH23,0,no,100.0,Complete,,,,肽聚糖（推断）,0.424,CRKP/PA/AB 临床重点菌,0.5836
PQ571299_2,lysin,Klebsiella,bacteria,Unclassified,Unclassified,1322,0.00e+00,1,0,1,GH23,0,no,100.0,Complete,,,,肽聚糖（推断）,0.424,CRKP/PA/AB 临床重点菌,0.5836
ON148529_41,lysin,Klebsiella,bacteria,Przondovirus,Autotranscriptaviridae,1322,0.00e+00,1,0,1,GH23,0,no,100.0,Complete,,,,肽聚糖（推断）,0.424,CRKP/PA/AB 临床重点菌,0.5836
PX694422.1_39,lysin,Klebsiella,bacteria,Przondovirus,Autotranscriptaviridae,1322,0.00e+00,1,0,1,GH23,0,no,100.0,Complete,,,,肽聚糖（推断）,0.424,CRKP/PA/AB 临床重点菌,0.5836
PP889482_39,lysin,Klebsiella,bacteria,Unclassified,Unclassified,1322,0.00e+00,1,0,1,GH23,0,no,95.13,High-quality,,,,肽聚糖（推断）,0.424,CRKP/PA/AB 临床重点菌,0.5836
PX974331.1_3,lysin,Klebsiella,bacteria,Unclassified,Unclassified,1322,0.00e+00,1,0,1,GH23,0,no,95.67,High-quality,,,,肽聚糖（推断）,0.424,CRKP/PA/AB 临床重点菌,0.5836
PX694415.1_38,lysin,Klebsiella,bacteria,Przondovirus,Autotranscriptaviridae,1322,0.00e+00,1,0,1,GH23,0,no,100.0,Complete,,,,肽聚糖（推断）,0.424,CRKP/PA/AB 临床重点菌,0.5836
MK521905_3,lysin,Klebsiella,bacteria,Przondovirus,Autotranscriptaviridae,1322,0.00e+00,1,0,1,GH23,0,no,92.23,High-quality,,,,肽聚糖（推断）,0.424,CRKP/PA/AB 临床重点菌,0.5836
OY979391_39,lysin,Klebsiella,bacteria,Przondovirus,Autotranscriptaviridae,1322,0.00e+00,1,0,1,GH23,0,no,90.17,High-quality,,,,肽聚糖（推断）,0.424,CRKP/PA/AB 临床重点菌,0.5836
MN101216_8,lysin,Klebsiella,bacteria,Przondovirus,Autotranscriptaviridae,1322,0.00e+00,1,0,1,GH23,0,no,95.87,High-quality,,,,肽聚糖（推断）,0.424,CRKP/PA/AB 临床重点菌,0.5836
MN052874_39,lysin,Klebsiella,bacteria,Przondovirus,Autotranscriptaviridae,1322,0.00e+00,1,0,1,GH23,0,no,87.35,Medium-quality,,,,肽聚糖（推断）,0.424,CRKP/PA/AB 临床重点菌,0.5836
OM194190_36,lysin,Klebsiella,bacteria,Przondovirus,Autotranscriptaviridae,1322,0.00e+00,1,0,1,GH23,0,no,94.17,High-quality,,,,肽聚糖（推断）,0.424,CRKP/PA/AB 临床重点菌,0.5836
PP889481_38,lysin,Klebsiella,bacteria,Unclassified,Unclassified,1322,0.00e+00,1,0,1,GH23,0,no,95.0,High-quality,,,,肽聚糖（推断）,0.424,CRKP/PA/AB 临床重点菌,0.5836
PP926511_2,lysin,Klebsiella,bacteria,Unclassified,Unclassified,1322,0.00e+00,1,0,1,GH23,0,no,94.45,High-quality,,,,肽聚糖（推断）,0.424,CRKP/PA/AB 临床重点菌,0.5836
OR050820_42,lysin,Klebsiella,bacteria,Przondovirus,Autotranscriptaviridae,1322,0.00e+00,1,0,1,GH23,0,no,100.0,Complete,,,,肽聚糖（推断）,0.424,CRKP/PA/AB 临床重点菌,0.5836
NC_047970_43,lysin,Klebsiella,bacteria,Przondovirus,Autotranscriptaviridae,1322,0.00e+00,1,0,1,GH23,0,no,100.0,Complete,,,,肽聚糖（推断）,0.424,CRKP/PA/AB 临床重点菌,0.5836
PP848854_39,lysin,Klebsiella,bacteria,Unclassified,Unclassified,1322,0.00e+00,1,0,1,GH23,0,no,92.82,High-quality,,,,肽聚糖（推断）,0.424,CRKP/PA/AB 临床重点菌,0.5836
PP357462_48,lysin,Klebsiella,bacteria,Przondovirus,Autotranscriptaviridae,925,0.00e+00,1,0,1,GH23,0,no,100.0,Complete,,,,肽聚糖（推断）,0.424,CRKP/PA/AB 临床重点菌,0.5836
PV854167_41,lysin,Klebsiella,bacteria,Unclassified,Unclassified,1322,0.00e+00,1,0,1,GH23,0,no,94.05,High-quality,,,,肽聚糖（推断）,0.424,CRKP/PA/AB 临床重点菌,0.5836
NC_047971_39,lysin,Klebsiella,bacteria,Przondovirus,Autotranscriptaviridae,1322,0.00e+00,1,0,1,GH23,0,no,100.0,Complete,,,,肽聚糖（推断）,0.424,CRKP/PA/AB 临床重点菌,0.5836
OR287812_43,lysin,Klebsiella,bacteria,Przondovirus,Autotranscriptaviridae,1322,0.00e+00,1,0,1,GH23,0,no,100.0,Complete,,,,肽聚糖（推断）,0.423,CRKP/PA/AB 临床重点菌,0.5835
OU342754_49,lysin,Klebsiella,bacteria,Unclassified,Unclassified,1322,0.00e+00,1,0,1,GH23,0,no,100.0,Complete,,,,肽聚糖（推断）,0.423,CRKP/PA/AB 临床重点菌,0.5835
MT425185_44,lysin,Klebsiella,bacteria,Przondovirus,Autotranscriptaviridae,1322,0.00e+00,1,0,1,GH23,0,no,100.0,Complete,,,,肽聚糖（推断）,0.423,CRKP/PA/AB 临床重点菌,0.5835
PX550017_38,lysin,Klebsiella,bacteria,Przondovirus,Autotranscriptaviridae,1322,0.00e+00,1,0,1,GH23,0,no,94.63,High-quality,,,,肽聚糖（推断）,0.423,CRKP/PA/AB 临床重点菌,0.5835
PP848852_41,lysin,Klebsiella,bacteria,Unclassified,Unclassified,1322,0.00e+00,1,0,1,GH23,0,no,95.02,High-quality,,,,肽聚糖（推断）,0.423,CRKP/PA/AB 临床重点菌,0.5835
NC_100739_132,holin,Salmonella,bacteria,Epseptimavirus,Demerecviridae,219,5.80e-15,1,0,0,none,1,yes,89.82,Medium-quality,,,,膜成孔（内溶素协同，推断）,0.089,其他革兰阴性/细菌,0.5833
OR991742_120,holin,Salmonella,bacteria,Epseptimavirus,Demerecviridae,219,5.80e-15,1,0,0,none,1,yes,89.38,Medium-quality,,,,膜成孔（内溶素协同，推断）,0.089,其他革兰阴性/细菌,0.5833
PX829714.1_54,holin,Salmonella,bacteria,Unclassified,Unclassified,219,5.80e-15,1,0,0,none,1,yes,86.34,Medium-quality,,,,膜成孔（内溶素协同，推断）,0.089,其他革兰阴性/细菌,0.5833
NC_133303_43,holin,Salmonella,bacteria,Epseptimavirus,Demerecviridae,219,5.80e-15,1,0,0,none,1,yes,88.59,Medium-quality,,,,膜成孔（内溶素协同，推断）,0.089,其他革兰阴性/细菌,0.5833
PX694414.1_39,lysin,Klebsiella,bacteria,Przondovirus,Autotranscriptaviridae,1322,0.00e+00,1,0,1,GH23,0,no,100.0,Complete,,,,肽聚糖（推断）,0.422,CRKP/PA/AB 临床重点菌,0.5833
PV660644_6,lysin,Klebsiella,bacteria,Unclassified,Unclassified,1322,0.00e+00,1,0,1,GH23,0,no,100.0,Complete,,,,肽聚糖（推断）,0.422,CRKP/PA/AB 临床重点菌,0.5833
PQ133620_44,lysin,Klebsiella,bacteria,Unclassified,Unclassified,744,0.00e+00,1,0,1,GH23,0,no,100.0,Complete,,,,肽聚糖（推断）,0.422,CRKP/PA/AB 临床重点菌,0.5833
ON548433_1,lysin,Escherichia,bacteria,Kayfunavirus,Autotranscriptaviridae,193,1.60e-293,,,,none,0,yes,92.39,High-quality,,,,未知,0.022,其他革兰阴性/细菌,0.5833
PV854177_35,lysin,Klebsiella,bacteria,Unclassified,Unclassified,1322,0.00e+00,1,0,1,GH23,0,no,88.59,Medium-quality,,,,肽聚糖（推断）,0.422,CRKP/PA/AB 临床重点菌,0.5833
OR896852_40,lysin,Klebsiella,bacteria,Teetrevirus,Autotranscriptaviridae,1321,0.00e+00,1,0,1,GH23,0,no,90.36,High-quality,,,,肽聚糖（推断）,0.422,CRKP/PA/AB 临床重点菌,0.5833
MW042804_45,lysin,Klebsiella,bacteria,Przondovirus,Autotranscriptaviridae,1300,0.00e+00,1,0,1,GH23,0,no,100.0,Complete,,,,肽聚糖（推断）,0.421,CRKP/PA/AB 临床重点菌,0.5832
PQ400078.1_41,lysin,Klebsiella,bacteria,Teetrevirus,Autotranscriptaviridae,1321,0.00e+00,1,0,1,GH23,0,no,100.0,Complete,,,,肽聚糖（推断）,0.421,CRKP/PA/AB 临床重点菌,0.5832
OR287804_41,lysin,Klebsiella,bacteria,Teetrevirus,Autotranscriptaviridae,1321,0.00e+00,1,0,1,GH23,0,no,100.0,Complete,,,,肽聚糖（推断）,0.421,CRKP/PA/AB 临床重点菌,0.5832
PQ133607_46,lysin,Klebsiella,bacteria,Unclassified,Unclassified,1322,0.00e+00,1,0,1,GH23,0,no,100.0,Complete,,,,肽聚糖（推断）,0.42,CRKP/PA/AB 临床重点菌,0.583
NC_011043_40,lysin,Klebsiella,bacteria,Przondovirus,Autotranscriptaviridae,1322,0.00e+00,1,0,1,GH23,0,no,100.0,Complete,,,,肽聚糖（推断）,0.42,CRKP/PA/AB 临床重点菌,0.583
OQ579025_43,lysin,Klebsiella,bacteria,Przondovirus,Autotranscriptaviridae,1322,0.00e+00,1,0,1,GH23,0,no,100.0,Complete,,,,肽聚糖（推断）,0.42,CRKP/PA/AB 临床重点菌,0.583
MW296877_41,lysin,Klebsiella,bacteria,Teetrevirus,Autotranscriptaviridae,1321,0.00e+00,1,0,1,GH23,0,no,100.0,Complete,,,,肽聚糖（推断）,0.419,CRKP/PA/AB 临床重点菌,0.5828
PX694423.1_43,lysin,Klebsiella,bacteria,Przondovirus,Autotranscriptaviridae,1323,0.00e+00,1,1,1,GH23,0,no,100.0,Complete,,,,肽聚糖（推断）,0.418,CRKP/PA/AB 临床重点菌,0.5827
OX335434_7,lysin,Klebsiella,bacteria,Teetrevirus,Autotranscriptaviridae,1321,0.00e+00,1,0,1,GH23,0,no,100.0,Complete,,,,肽聚糖（推断）,0.418,CRKP/PA/AB 临床重点菌,0.5827
PP047754_103,depolymerase,Escherichia,bacteria,Kuttervirus,Ackermannviridae,1058,4.00e-146,1,0,1,none,0,no,94.52,High-quality,,,,未知,0.017,其他革兰阴性/细菌,0.5826
PP357452_7,lysin,Klebsiella,bacteria,Przondovirus,Autotranscriptaviridae,1323,0.00e+00,1,1,1,GH23,0,no,90.86,High-quality,,,,肽聚糖（推断）,0.417,CRKP/PA/AB 临床重点菌,0.5826
MT974436_174,depolymerase,Salmonella,bacteria,Kuttervirus,Ackermannviridae,1058,4.00e-146,1,0,1,none,0,no,94.24,High-quality,,,,未知,0.016,其他革兰阴性/细菌,0.5824
OR915848_33,lysin,Klebsiella,bacteria,Benllochvirus,Autotranscriptaviridae,1323,0.00e+00,1,1,1,GH23,0,no,90.59,High-quality,,,,肽聚糖（推断）,0.416,CRKP/PA/AB 临床重点菌,0.5824
PQ226820.1_1,lysin,Escherichia,bacteria,Unclassified,Unclassified,193,1.60e-293,,,,none,0,yes,92.39,High-quality,,,,未知,0.016,其他革兰阴性/细菌,0.5824
PP454755_41,lysin,Klebsiella,bacteria,Teetrevirus,Autotranscriptaviridae,1321,0.00e+00,1,0,1,GH23,0,no,100.0,Complete,,,,肽聚糖（推断）,0.416,CRKP/PA/AB 临床重点菌,0.5824
OR896844_41,lysin,Klebsiella,bacteria,Teetrevirus,Autotranscriptaviridae,1321,0.00e+00,1,1,1,GH23,0,no,90.64,High-quality,,,,肽聚糖（推断）,0.416,CRKP/PA/AB 临床重点菌,0.5824
OX335441_8,lysin,Klebsiella,bacteria,Przondovirus,Autotranscriptaviridae,1323,0.00e+00,1,1,1,GH23,0,no,100.0,Complete,,,,肽聚糖（推断）,0.415,CRKP/PA/AB 临床重点菌,0.5823
MW042811_1,lysin,Klebsiella,bacteria,Przondovirus,Autotranscriptaviridae,823,0.00e+00,1,0,1,GH23,0,no,100.0,Complete,,,,肽聚糖（推断）,0.415,CRKP/PA/AB 临床重点菌,0.5823
PX694427.1_38,lysin,Klebsiella,bacteria,Przondovirus,Autotranscriptaviridae,1322,0.00e+00,1,0,1,GH23,0,no,100.0,Complete,,,,肽聚糖（推断）,0.414,CRKP/PA/AB 临床重点菌,0.5821
OY757061_45,lysin,Klebsiella,bacteria,Benllochvirus,Autotranscriptaviridae,1323,0.00e+00,1,1,1,GH23,0,no,90.51,High-quality,,,,肽聚糖（推断）,0.414,CRKP/PA/AB 临床重点菌,0.5821
OP272490_97,lysin,Enterobacter,bacteria,Kayfunavirus,Autotranscriptaviridae,151,1.60e-293,,,,none,0,yes,98.41,High-quality,,,,未知,0.014,其他革兰阴性/细菌,0.5821
OL362283_41,lysin,Klebsiella,bacteria,Teetrevirus,Autotranscriptaviridae,1324,0.00e+00,1,1,1,GH23,0,no,90.2,High-quality,,,,肽聚糖（推断）,0.414,CRKP/PA/AB 临床重点菌,0.5821
MW600722_31,lysin,Klebsiella,bacteria,Teetrevirus,Autotranscriptaviridae,1321,0.00e+00,1,1,1,GH23,0,no,88.57,Medium-quality,,,,肽聚糖（推断）,0.414,CRKP/PA/AB 临床重点菌,0.5821
LC768498_43,lysin,Klebsiella,bacteria,Lederbergvirus,Unclassified,1321,0.00e+00,1,0,1,GH23,0,no,100.0,Complete,,,,肽聚糖（推断）,0.414,CRKP/PA/AB 临床重点菌,0.5821
PV402693_42,lysin,Klebsiella,bacteria,Unclassified,Unclassified,1323,0.00e+00,1,1,1,GH23,0,no,90.12,High-quality,,,,肽聚糖（推断）,0.413,CRKP/PA/AB 临床重点菌,0.5819
PP952734_39,lysin,Klebsiella,bacteria,Unclassified,Unclassified,1322,0.00e+00,1,0,1,GH23,1,no,94.33,High-quality,,,,肽聚糖（推断）,0.413,CRKP/PA/AB 临床重点菌,0.5819
MW042807_18,lysin,Klebsiella,bacteria,Przondovirus,Autotranscriptaviridae,1322,0.00e+00,1,0,1,GH23,0,no,100.0,Complete,,,,肽聚糖（推断）,0.413,CRKP/PA/AB 临床重点菌,0.5819
OR532797_41,lysin,Klebsiella,bacteria,Unclassified,Unclassified,1322,0.00e+00,1,0,1,GH23,0,no,94.43,High-quality,,,,肽聚糖（推断）,0.413,CRKP/PA/AB 临床重点菌,0.5819
OR896855_41,lysin,Klebsiella,bacteria,Teetrevirus,Autotranscriptaviridae,1321,0.00e+00,1,0,1,GH23,0,no,90.84,High-quality,,,,肽聚糖（推断）,0.413,CRKP/PA/AB 临床重点菌,0.5819
PZ000752.1_43,lysin,Klebsiella,bacteria,Unclassified,Unclassified,1321,0.00e+00,1,1,1,GH23,0,no,100.0,Complete,,,,肽聚糖（推断）,0.413,CRKP/PA/AB 临床重点菌,0.5819
OY979415_43,lysin,Klebsiella,bacteria,Teetrevirus,Autotranscriptaviridae,1321,0.00e+00,1,1,1,GH23,0,no,90.77,High-quality,,,,肽聚糖（推断）,0.413,CRKP/PA/AB 临床重点菌,0.5819
OM103160_48,lysin,Klebsiella,bacteria,Teetrevirus,Autotranscriptaviridae,1321,0.00e+00,1,1,1,GH23,0,no,91.64,High-quality,,,,肽聚糖（推断）,0.413,CRKP/PA/AB 临床重点菌,0.5819
OX335420_44,lysin,Klebsiella,bacteria,Teetrevirus,Autotranscriptaviridae,1321,0.00e+00,1,1,1,GH23,0,no,100.0,Complete,,,,肽聚糖（推断）,0.413,CRKP/PA/AB 临床重点菌,0.5819
MZ359670_11,lysin,Klebsiella,bacteria,Teetrevirus,Autotranscriptaviridae,1321,0.00e+00,1,0,1,GH23,0,no,100.0,Complete,,,,肽聚糖（推断）,0.413,CRKP/PA/AB 临床重点菌,0.5819
MZ428229_11,lysin,Klebsiella,bacteria,Teetrevirus,Autotranscriptaviridae,1321,0.00e+00,1,0,1,GH23,0,no,91.53,High-quality,,,,肽聚糖（推断）,0.413,CRKP/PA/AB 临床重点菌,0.5819
PV016700_10,holin,Salmonella,bacteria,Tequintavirus,Demerecviridae,219,5.80e-15,1,0,0,none,1,yes,100.0,Complete,,,,膜成孔（内溶素协同，推断）,0.079,其他革兰阴性/细菌,0.5818
PX794788.1_89,holin,Escherichia,bacteria,Unclassified,Unclassified,219,5.80e-15,1,0,0,none,1,yes,84.36,Medium-quality,,,,膜成孔（内溶素协同，推断）,0.079,其他革兰阴性/细菌,0.5818
PQ462667_39,holin,Escherichia,bacteria,Tequintavirus,Demerecviridae,219,5.80e-15,1,0,0,none,1,yes,86.27,Medium-quality,,,,膜成孔（内溶素协同，推断）,0.079,其他革兰阴性/细菌,0.5818
OP745948_44,holin,Citrobacter,bacteria,Tequintavirus,Demerecviridae,219,5.80e-15,1,0,0,none,1,yes,87.88,Medium-quality,,,,膜成孔（内溶素协同，推断）,0.079,其他革兰阴性/细菌,0.5818
OQ680481_87,holin,Salmonella,bacteria,Tequintavirus,Demerecviridae,219,5.80e-15,1,0,0,none,1,yes,100.0,Complete,,,,膜成孔（内溶素协同，推断）,0.079,其他革兰阴性/细菌,0.5818
PX092659_117,holin,Escherichia,bacteria,Unclassified,Unclassified,219,5.80e-15,1,0,0,none,1,yes,88.82,Medium-quality,,,,膜成孔（内溶素协同，推断）,0.079,其他革兰阴性/细菌,0.5818
OR515477_73,holin,Escherichia,bacteria,Tequintavirus,Demerecviridae,219,5.80e-15,1,0,0,none,1,yes,100.0,Complete,,,,膜成孔（内溶素协同，推断）,0.079,其他革兰阴性/细菌,0.5818
NC_015269_43,holin,Salmonella,bacteria,Tequintavirus,Demerecviridae,219,5.80e-15,1,0,0,none,1,yes,100.0,Complete,,,,膜成孔（内溶素协同，推断）,0.079,其他革兰阴性/细菌,0.5818
NC_048001_42,holin,Salmonella,bacteria,Unclassified,Unclassified,219,5.80e-15,1,0,0,none,1,yes,85.71,Medium-quality,,,,膜成孔（内溶素协同，推断）,0.079,其他革兰阴性/细菌,0.5818
PV946991_105,holin,Salmonella,bacteria,Unclassified,Unclassified,219,5.80e-15,1,0,0,none,1,yes,92.93,High-quality,,,,膜成孔（内溶素协同，推断）,0.079,其他革兰阴性/细菌,0.5818
NC_048852_42,holin,Salmonella,bacteria,Tequintavirus,Demerecviridae,219,5.80e-15,1,0,0,none,1,yes,100.0,Complete,,,,膜成孔（内溶素协同，推断）,0.079,其他革兰阴性/细菌,0.5818
PP848853_39,lysin,Klebsiella,bacteria,Unclassified,Unclassified,1323,0.00e+00,1,0,1,GH23,0,no,93.93,High-quality,,,,肽聚糖（推断）,0.412,CRKP/PA/AB 临床重点菌,0.5818
OM194188_49,lysin,Klebsiella,bacteria,Przondovirus,Autotranscriptaviridae,1322,0.00e+00,1,0,1,GH23,0,no,95.43,High-quality,,,,肽聚糖（推断）,0.412,CRKP/PA/AB 临床重点菌,0.5818
OP272492_19,lysin,Enterobacter,bacteria,Kayfunavirus,Autotranscriptaviridae,168,1.60e-293,,,,none,0,yes,91.55,High-quality,,,,未知,0.012,其他革兰阴性/细菌,0.5818
MW042800_27,lysin,Klebsiella,bacteria,Przondovirus,Autotranscriptaviridae,1322,0.00e+00,1,0,1,GH23,0,no,100.0,Complete,,,,肽聚糖（推断）,0.412,CRKP/PA/AB 临床重点菌,0.5818
PQ299797_42,lysin,Klebsiella,bacteria,Unclassified,Unclassified,1321,0.00e+00,1,1,1,GH23,0,no,92.33,High-quality,,,,肽聚糖（推断）,0.412,CRKP/PA/AB 临床重点菌,0.5818
PP197344_43,lysin,Klebsiella,bacteria,Unclassified,Unclassified,1321,0.00e+00,1,0,1,GH23,0,no,90.26,High-quality,,,,肽聚糖（推断）,0.412,CRKP/PA/AB 临床重点菌,0.5818
OR896850_41,lysin,Klebsiella,bacteria,Teetrevirus,Autotranscriptaviridae,1321,0.00e+00,1,1,1,GH23,0,no,89.59,Medium-quality,,,,肽聚糖（推断）,0.412,CRKP/PA/AB 临床重点菌,0.5818
PP597382_32,lysin,Klebsiella,bacteria,Teetrevirus,Autotranscriptaviridae,1321,0.00e+00,1,0,1,GH23,0,no,88.98,Medium-quality,,,,肽聚糖（推断）,0.412,CRKP/PA/AB 临床重点菌,0.5818
MN013074_7,lysin,Klebsiella,bacteria,Teetrevirus,Autotranscriptaviridae,1321,0.00e+00,1,1,1,GH23,0,no,89.91,Medium-quality,,,,肽聚糖（推断）,0.412,CRKP/PA/AB 临床重点菌,0.5818
PX120903_14,lysin,Klebsiella,bacteria,Unclassified,Autotranscriptaviridae,1321,0.00e+00,1,0,1,GH23,0,no,90.32,High-quality,,,,肽聚糖（推断）,0.412,CRKP/PA/AB 临床重点菌,0.5818
OR896851_40,lysin,Klebsiella,bacteria,Teetrevirus,Autotranscriptaviridae,1321,0.00e+00,1,0,1,GH23,0,no,89.61,Medium-quality,,,,肽聚糖（推断）,0.412,CRKP/PA/AB 临床重点菌,0.5818
OK149215_35,lysin,Klebsiella,bacteria,Teetrevirus,Autotranscriptaviridae,1321,0.00e+00,1,0,1,GH23,0,no,89.91,Medium-quality,,,,肽聚糖（推断）,0.412,CRKP/PA/AB 临床重点菌,0.5818
MK608335_43,lysin,Klebsiella,bacteria,Teetrevirus,Autotranscriptaviridae,1321,0.00e+00,1,0,1,GH23,0,no,91.85,High-quality,,,,肽聚糖（推断）,0.412,CRKP/PA/AB 临床重点菌,0.5818
OL362281_41,lysin,Klebsiella,bacteria,Teetrevirus,Autotranscriptaviridae,1321,0.00e+00,1,0,1,GH23,0,no,90.82,High-quality,,,,肽聚糖（推断）,0.412,CRKP/PA/AB 临床重点菌,0.5818
OR896854_42,lysin,Klebsiella,bacteria,Teetrevirus,Autotranscriptaviridae,1321,0.00e+00,1,0,1,GH23,0,no,90.64,High-quality,,,,肽聚糖（推断）,0.412,CRKP/PA/AB 临床重点菌,0.5818
OP272491_18,lysin,Enterobacter,bacteria,Kayfunavirus,Autotranscriptaviridae,106,1.30e-289,,,,none,0,yes,93.21,High-quality,,,,未知,0.011,其他革兰阴性/细菌,0.5817
PP357478_9,lysin,Klebsiella,bacteria,Przondovirus,Autotranscriptaviridae,1323,0.00e+00,1,0,1,GH23,0,no,100.0,Complete,,,,肽聚糖（推断）,0.411,CRKP/PA/AB 临床重点菌,0.5817
NC_028670_45,depolymerase,Klebsiella,bacteria,Drulisvirus,Autoscriptoviridae,859,1.40e-13,2,0,0,none,0,no,100.0,Complete,,,,未知,0.106,CRKP/PA/AB 临床重点菌,0.5816
OM367911_167,depolymerase,Salmonella,bacteria,Kuttervirus,Ackermannviridae,478,5.30e-140,,,,none,0,no,94.84,High-quality,,,,未知,0.01,其他革兰阴性/细菌,0.5815
NC_049509_215,depolymerase,Salmonella,bacteria,Agtrevirus,Ackermannviridae,201,2.70e-148,,,,none,0,yes,96.0,High-quality,,,,未知,0.01,其他革兰阴性/细菌,0.5815
PQ758382_43,lysin,Klebsiella,bacteria,Unclassified,Unclassified,1323,0.00e+00,1,1,1,GH23,0,no,100.0,Complete,,,,肽聚糖（推断）,0.41,CRKP/PA/AB 临床重点菌,0.5815
PV588654_2,lysin,Klebsiella,bacteria,Unclassified,Unclassified,1322,0.00e+00,1,0,1,GH23,0,no,91.14,High-quality,,,,肽聚糖（推断）,0.41,CRKP/PA/AB 临床重点菌,0.5815
MZ398245_23,lysin,Klebsiella,bacteria,Przondovirus,Autotranscriptaviridae,1322,0.00e+00,1,0,1,GH23,1,no,96.21,High-quality,,,,肽聚糖（推断）,0.41,CRKP/PA/AB 临床重点菌,0.5815
OL615013_2,depolymerase,Shigella,bacteria,Agtrevirus,Ackermannviridae,965,2.80e-155,0,0,1,none,0,yes,96.32,High-quality,,,,未知,0.009,其他革兰阴性/细菌,0.5814
PP889480_43,lysin,Klebsiella,bacteria,Unclassified,Unclassified,1323,0.00e+00,1,1,1,GH23,0,no,90.05,High-quality,,,,肽聚糖（推断）,0.409,CRKP/PA/AB 临床重点菌,0.5814
PV615262_4,lysin,Escherichia,bacteria,Kayfunavirus,Autotranscriptaviridae,107,1.60e-293,,,,none,0,no,93.46,High-quality,,,,未知,0.009,其他革兰阴性/细菌,0.5814
PV469479_11,lysin,Klebsiella,bacteria,Teetrevirus,Autotranscriptaviridae,1321,0.00e+00,1,0,1,GH23,0,no,89.08,Medium-quality,,,,肽聚糖（推断）,0.409,CRKP/PA/AB 临床重点菌,0.5814
PV625051_7,lysin,Klebsiella,bacteria,Teetrevirus,Autotranscriptaviridae,1321,0.00e+00,1,0,1,GH23,0,no,88.4,Medium-quality,,,,肽聚糖（推断）,0.409,CRKP/PA/AB 临床重点菌,0.5814
OR287811_44,lysin,Klebsiella,bacteria,Teetrevirus,Autotranscriptaviridae,1321,0.00e+00,1,0,1,GH23,0,no,100.0,Complete,,,,肽聚糖（推断）,0.409,CRKP/PA/AB 临床重点菌,0.5814
PQ571300_1,lysin,Klebsiella,bacteria,Unclassified,Unclassified,1281,0.00e+00,1,0,1,GH23,0,no,100.0,Complete,,,,肽聚糖（推断）,0.408,CRKP/PA/AB 临床重点菌,0.5812
PQ299796_40,lysin,Klebsiella,bacteria,Unclassified,Unclassified,1322,0.00e+00,1,0,1,GH23,0,no,95.91,High-quality,,,,肽聚糖（推断）,0.407,CRKP/PA/AB 临床重点菌,0.581
ON809763_197,depolymerase,Salmonella,bacteria,Kuttervirus,Ackermannviridae,1058,4.00e-146,1,0,1,none,0,no,95.24,High-quality,,,,未知,0.006,其他革兰阴性/细菌,0.5809
NC_025446_122,depolymerase,Escherichia,bacteria,Kuttervirus,Ackermannviridae,1058,4.00e-146,1,0,1,none,0,no,100.0,Complete,,,,未知,0.006,其他革兰阴性/细菌,0.5809
PQ182779_230,depolymerase,Klebsiella,bacteria,Unclassified,Unclassified,602,5.80e-13,0,0,1,none,0,no,99.41,High-quality,,,,未知,0.395,CRKP/PA/AB 临床重点菌,0.5808
MT740245_93,holin,Proteus,bacteria,Novosibvirus,Demerecviridae,219,5.80e-16,1,0,0,none,2,yes,80.3,Medium-quality,,,,膜成孔（内溶素协同，推断）,0.028,其他革兰阴性/细菌,0.5808
OR924452_119,depolymerase,Escherichia,bacteria,Kuttervirus,Ackermannviridae,1058,4.00e-146,1,0,1,none,0,no,95.29,High-quality,,,,未知,0.005,其他革兰阴性/细菌,0.5807
MN066127_39,depolymerase,Salmonella,bacteria,Kuttervirus,Ackermannviridae,1058,4.00e-146,1,0,1,none,0,no,95.32,High-quality,,,,未知,0.005,其他革兰阴性/细菌,0.5807
MW006480_172,depolymerase,Salmonella,bacteria,Kuttervirus,Ackermannviridae,1058,4.00e-146,1,0,1,none,0,no,95.79,High-quality,,,,未知,0.005,其他革兰阴性/细菌,0.5807
MH940212_130,depolymerase,Salmonella,bacteria,Kuttervirus,Ackermannviridae,1058,4.00e-146,1,0,1,none,0,no,95.97,High-quality,,,,未知,0.005,其他革兰阴性/细菌,0.5807
MH427377_1,depolymerase,Escherichia,bacteria,Kuttervirus,Ackermannviridae,669,4.00e-146,2,0,1,none,0,yes,94.45,High-quality,,,,未知,0.004,其他革兰阴性/细菌,0.5806
OP423032_37,depolymerase,Salmonella,bacteria,Kuttervirus,Ackermannviridae,1058,4.00e-146,1,0,1,none,0,no,95.24,High-quality,,,,未知,0.004,其他革兰阴性/细菌,0.5806
OP272490_16,lysin,Enterobacter,bacteria,Kayfunavirus,Autotranscriptaviridae,279,7.90e-298,,,,none,0,yes,98.41,High-quality,,,,未知,0.004,其他革兰阴性/细菌,0.5806
MW021753_39,depolymerase,Salmonella,bacteria,Kuttervirus,Ackermannviridae,1058,4.00e-146,1,0,1,none,0,no,95.05,High-quality,,,,未知,0.003,其他革兰阴性/细菌,0.5805
NC_015296_173,depolymerase,Salmonella,bacteria,Kuttervirus,Ackermannviridae,1058,4.00e-146,1,0,1,none,0,no,95.17,High-quality,,,,未知,0.003,其他革兰阴性/细菌,0.5805
LR811967_1,depolymerase,Salmonella,bacteria,Kuttervirus,Ackermannviridae,363,7.50e-138,,,,none,0,no,96.22,High-quality,,,,未知,0.003,其他革兰阴性/细菌,0.5805
NC_027340_192,depolymerase,Erwinia,bacteria,Nezavisimistyvirus,Ackermannviridae,654,3.60e-63,,,,none,0,no,96.67,High-quality,,,,未知,0.003,其他革兰阴性/细菌,0.5805
PQ133610_6,depolymerase,Klebsiella,bacteria,Unclassified,Unclassified,571,1.90e-15,0,0,1,none,0,no,100.0,Complete,,,,未知,0.282,CRKP/PA/AB 临床重点菌,0.5804
NC_019925_155,depolymerase,Dickeya,bacteria,Limestonevirus,Ackermannviridae,505,2.70e-148,,,,none,0,no,92.03,High-quality,,,,未知,0.002,其他革兰阴性/细菌,0.5803
OZ035781_89,holin,Unspecified,bacteria,Dhakavirus,Straboviridae,218,1.00e-52,1,0,0,none,1,yes,96.27,High-quality,,,,膜成孔（内溶素协同，推断）,0.035,未知,0.5803
PP216084_133,holin,Escherichia,bacteria,Unclassified,Unclassified,219,5.80e-15,1,0,0,none,1,yes,100.0,Complete,,,,膜成孔（内溶素协同，推断）,0.069,其他革兰阴性/细菌,0.5803
NC_048748_42,holin,Escherichia,bacteria,Tequintavirus,Demerecviridae,219,5.80e-15,1,0,0,none,1,yes,100.0,Complete,,,,膜成孔（内溶素协同，推断）,0.069,其他革兰阴性/细菌,0.5803
OQ383622_117,holin,Salmonella,bacteria,Tequintavirus,Demerecviridae,219,5.80e-15,1,0,0,none,1,yes,87.74,Medium-quality,,,,膜成孔（内溶素协同，推断）,0.069,其他革兰阴性/细菌,0.5803
NC_048786_81,holin,Salmonella,bacteria,Tequintavirus,Demerecviridae,219,5.80e-15,1,0,0,none,1,yes,84.65,Medium-quality,,,,膜成孔（内溶素协同，推断）,0.069,其他革兰阴性/细菌,0.5803
NC_010583_50,holin,Escherichia,bacteria,Epseptimavirus,Demerecviridae,143,5.80e-15,1,0,0,none,0,yes,87.43,Medium-quality,,,,膜成孔（内溶素协同，推断）,0.069,其他革兰阴性/细菌,0.5803
NC_105113_123,holin,Escherichia,bacteria,Epseptimavirus,Demerecviridae,219,5.80e-15,1,0,0,none,1,yes,89.57,Medium-quality,,,,膜成孔（内溶素协同，推断）,0.069,其他革兰阴性/细菌,0.5803
PP925842_48,holin,Escherichia,bacteria,Unclassified,Unclassified,219,5.80e-15,1,0,0,none,1,yes,88.28,Medium-quality,,,,膜成孔（内溶素协同，推断）,0.069,其他革兰阴性/细菌,0.5803
PQ041310_113,holin,Salmonella,bacteria,Tequintavirus,Demerecviridae,219,5.80e-15,1,0,0,none,1,yes,87.56,Medium-quality,,,,膜成孔（内溶素协同，推断）,0.069,其他革兰阴性/细菌,0.5803
PX630720_124,holin,Salmonella,bacteria,Unclassified,Unclassified,219,5.80e-15,1,0,0,none,1,yes,100.0,Complete,,,,膜成孔（内溶素协同，推断）,0.069,其他革兰阴性/细菌,0.5803
OZ075147_41,holin,Salmonella,bacteria,Unclassified,Unclassified,219,5.80e-15,1,0,0,none,1,yes,86.5,Medium-quality,,,,膜成孔（内溶素协同，推断）,0.069,其他革兰阴性/细菌,0.5803
MW057854_54,lysin,Providencia,bacteria,Solymavirus,Autotranscriptaviridae,492,1.20e-90,,,,none,0,no,90.54,High-quality,,,,未知,0.002,其他革兰阴性/细菌,0.5803
PQ400077.1_47,depolymerase,Klebsiella,bacteria,Drulisvirus,Autoscriptoviridae,677,1.60e-12,1,0,0,none,0,no,100.0,Complete,,,,未知,0.277,CRKP/PA/AB 临床重点菌,0.5802
PP579741_38,holin,Unspecified,bacteria,Kononvirus,Demerecviridae,220,1.60e-15,1,0,0,none,1,yes,87.6,Medium-quality,,,,膜成孔（内溶素协同，推断）,0.577,未知,0.5802
ON602733_49,lysin,Klebsiella,bacteria,Benllochvirus,Autotranscriptaviridae,826,0.00e+00,1,1,1,GH23,0,no,89.14,Medium-quality,,,,肽聚糖（推断）,0.401,CRKP/PA/AB 临床重点菌,0.5802
ON880501_50,lysin,Klebsiella,bacteria,Przondovirus,Autotranscriptaviridae,951,0.00e+00,1,0,1,GH23,0,no,94.11,High-quality,,,,肽聚糖（推断）,0.401,CRKP/PA/AB 临床重点菌,0.5802
NC_049384_105,depolymerase,Enterobacter,bacteria,Agtrevirus,Ackermannviridae,1110,2.10e-155,0,0,1,none,0,no,97.31,High-quality,,,,未知,0.001,其他革兰阴性/细菌,0.5801
MN871449_119,depolymerase,Serratia,bacteria,Unclassified,Unclassified,893,4.90e-63,,,,none,0,yes,99.65,High-quality,,,,未知,0.001,其他革兰阴性/细菌,0.5801
NC_042047_111,depolymerase,Serratia,bacteria,Taipeivirus,Ackermannviridae,991,3.30e-202,,,,none,0,no,93.64,High-quality,,,,未知,0.0,其他革兰阴性/细菌,0.58
NC_070869_82,depolymerase,Escherichia,bacteria,Gamaleyavirus,Schitoviridae,930,4.40e-52,0,0,2,none,0,no,93.2,High-quality,,,,未知,0.0,其他革兰阴性/细菌,0.58
MH427377_206,depolymerase,Escherichia,bacteria,Kuttervirus,Ackermannviridae,388,4.00e-146,,,,none,0,no,94.45,High-quality,,,,未知,0.0,其他革兰阴性/细菌,0.58
NC_022768_37,depolymerase,Salmonella,bacteria,Kuttervirus,Ackermannviridae,1058,4.00e-146,1,0,1,none,0,no,93.66,High-quality,,,,未知,0.0,其他革兰阴性/细菌,0.58
LR811969_208,depolymerase,Salmonella,bacteria,Kuttervirus,Ackermannviridae,461,5.30e-140,,,,none,0,no,95.08,High-quality,,,,未知,0.0,其他革兰阴性/细菌,0.58
NC_029042_53,depolymerase,Salmonella,bacteria,Kuttervirus,Ackermannviridae,159,5.30e-140,,,,none,0,yes,95.08,High-quality,,,,未知,0.0,其他革兰阴性/细菌,0.58
NC_049455_98,depolymerase,Shigella,bacteria,Agtrevirus,Ackermannviridae,965,2.80e-155,0,0,1,none,0,yes,100.0,Complete,,,,未知,0.0,其他革兰阴性/细菌,0.58
ON184126_191,depolymerase,Escherichia,bacteria,Unclassified,Ackermannviridae,201,3.00e-142,,,,none,0,yes,93.96,High-quality,,,,未知,0.0,其他革兰阴性/细菌,0.58
NC_048702_197,depolymerase,Erwinia,bacteria,Nezavisimistyvirus,Ackermannviridae,654,3.60e-63,,,,none,0,no,96.75,High-quality,,,,未知,0.0,其他革兰阴性/细菌,0.58
MN871451_305,depolymerase,Serratia,bacteria,Unclassified,Unclassified,742,2.40e-28,1,0,1,none,0,no,99.54,High-quality,,,,未知,0.0,其他革兰阴性/细菌,0.58
MN871447_62,depolymerase,Serratia,bacteria,Unclassified,Unclassified,740,2.40e-28,1,0,1,none,0,no,99.7,High-quality,,,,未知,0.0,其他革兰阴性/细菌,0.58
PV854171_37,depolymerase,Klebsiella,bacteria,Unclassified,Unclassified,571,1.90e-15,0,0,1,none,0,no,94.06,High-quality,,,,未知,0.279,CRKP/PA/AB 临床重点菌,0.58
OR287806_43,depolymerase,Klebsiella,bacteria,Przondovirus,Autotranscriptaviridae,571,1.90e-15,0,0,1,none,0,no,100.0,Complete,,,,未知,0.279,CRKP/PA/AB 临床重点菌,0.58
OR532797_43,depolymerase,Klebsiella,bacteria,Unclassified,Unclassified,571,1.90e-15,0,0,1,none,0,no,94.43,High-quality,,,,未知,0.279,CRKP/PA/AB 临床重点菌,0.58
PV854178_41,depolymerase,Klebsiella,bacteria,Unclassified,Unclassified,571,1.90e-15,0,0,1,none,0,no,95.21,High-quality,,,,未知,0.279,CRKP/PA/AB 临床重点菌,0.58
MN813048_159,depolymerase,Dickeya,bacteria,Limestonevirus,Ackermannviridae,505,2.70e-148,,,,none,0,no,93.33,High-quality,,,,未知,0.0,其他革兰阴性/细菌,0.58
NC_029042_49,depolymerase,Salmonella,bacteria,Kuttervirus,Ackermannviridae,246,3.90e-138,,,,none,0,no,95.08,High-quality,,,,未知,0.0,其他革兰阴性/细菌,0.58
NC_029042_50,depolymerase,Salmonella,bacteria,Kuttervirus,Ackermannviridae,123,3.90e-138,,,,none,0,no,95.08,High-quality,,,,未知,0.0,其他革兰阴性/细菌,0.58
PP502408_70,holin,Proteus,bacteria,Novosibvirus,Demerecviridae,219,5.80e-16,1,0,0,none,2,yes,79.71,Medium-quality,,,,膜成孔（内溶素协同，推断）,0.023,其他革兰阴性/细菌,0.58
MN218775_32,lysin,Escherichia,bacteria,Kayfunavirus,Autotranscriptaviridae,1325,3.00e-274,,,,none,0,no,95.44,High-quality,,,,未知,0.0,其他革兰阴性/细菌,0.58
OP272493_50,lysin,Enterobacter,bacteria,Kayfunavirus,Autotranscriptaviridae,647,7.90e-298,,,,none,0,no,92.39,High-quality,,,,未知,0.0,其他革兰阴性/细菌,0.58
MW358928_21,lysin,Providencia,bacteria,Solymavirus,Autotranscriptaviridae,1293,1.20e-90,,,,none,1,no,89.41,Medium-quality,,,,未知,0.0,其他革兰阴性/细菌,0.58
NC_047808_1,lysin,Escherichia,bacteria,Kayfunavirus,Autotranscriptaviridae,193,1.60e-293,,,,none,0,yes,92.39,High-quality,,,,未知,0.0,其他革兰阴性/细菌,0.58
OM194188_2,depolymerase,Klebsiella,bacteria,Przondovirus,Autotranscriptaviridae,571,1.90e-15,0,0,1,none,0,no,95.43,High-quality,,,,未知,0.277,CRKP/PA/AB 临床重点菌,0.5797
PQ133622_39,depolymerase,Klebsiella,bacteria,Unclassified,Unclassified,571,1.90e-15,0,0,1,none,0,no,100.0,Complete,,,,未知,0.277,CRKP/PA/AB 临床重点菌,0.5797
PQ571300_44,depolymerase,Klebsiella,bacteria,Unclassified,Unclassified,571,1.90e-15,0,0,1,none,0,no,100.0,Complete,,,,未知,0.277,CRKP/PA/AB 临床重点菌,0.5797
PP889497_38,depolymerase,Klebsiella,bacteria,Unclassified,Unclassified,571,1.90e-15,0,0,1,none,0,no,93.39,High-quality,,,,未知,0.277,CRKP/PA/AB 临床重点菌,0.5797
PV854172_41,depolymerase,Klebsiella,bacteria,Unclassified,Unclassified,571,1.90e-15,0,0,1,none,0,no,91.65,High-quality,,,,未知,0.277,CRKP/PA/AB 临床重点菌,0.5797
PP889491_37,depolymerase,Klebsiella,bacteria,Unclassified,Unclassified,571,1.90e-15,0,0,1,none,0,no,94.34,High-quality,,,,未知,0.277,CRKP/PA/AB 临床重点菌,0.5797
PQ066595_197,depolymerase,Klebsiella,bacteria,Taipeivirus,Ackermannviridae,842,3.50e-12,,,,none,0,no,96.25,High-quality,,,,未知,0.422,CRKP/PA/AB 临床重点菌,0.5797
OR532863_42,depolymerase,Klebsiella,bacteria,Unclassified,Unclassified,571,1.90e-15,0,0,1,none,0,no,94.33,High-quality,,,,未知,0.275,CRKP/PA/AB 临床重点菌,0.5794
PV854170_40,depolymerase,Klebsiella,bacteria,Unclassified,Unclassified,571,1.90e-15,0,0,1,none,0,no,95.39,High-quality,,,,未知,0.275,CRKP/PA/AB 临床重点菌,0.5794
PP758980_6,depolymerase,Klebsiella,bacteria,Unclassified,Unclassified,571,1.90e-15,0,0,1,none,0,no,100.0,Complete,,,,未知,0.275,CRKP/PA/AB 临床重点菌,0.5794
OY978791_46,depolymerase,Klebsiella,bacteria,Przondovirus,Autotranscriptaviridae,571,1.90e-15,0,0,1,none,0,no,95.44,High-quality,,,,未知,0.275,CRKP/PA/AB 临床重点菌,0.5794
OR387546_21,depolymerase,Klebsiella,bacteria,Taipeivirus,Ackermannviridae,842,3.50e-12,,,,none,0,no,100.0,Complete,,,,未知,0.42,CRKP/PA/AB 临床重点菌,0.5794
PP792980_147,depolymerase,Klebsiella,bacteria,Unclassified,Unclassified,842,3.50e-12,,,,none,0,no,95.81,High-quality,,,,未知,0.42,CRKP/PA/AB 临床重点菌,0.5794
PQ589213_11,depolymerase,Klebsiella,bacteria,Unclassified,Unclassified,571,1.90e-15,0,0,1,none,0,no,95.17,High-quality,,,,未知,0.274,CRKP/PA/AB 临床重点菌,0.5792
PQ628033_39,depolymerase,Klebsiella,bacteria,Unclassified,Unclassified,571,1.90e-15,0,0,1,none,0,no,100.0,Complete,,,,未知,0.274,CRKP/PA/AB 临床重点菌,0.5792
OM194190_38,depolymerase,Klebsiella,bacteria,Przondovirus,Autotranscriptaviridae,571,1.90e-15,0,0,1,none,0,no,94.17,High-quality,,,,未知,0.274,CRKP/PA/AB 临床重点菌,0.5792
PP889498_42,depolymerase,Klebsiella,bacteria,Unclassified,Unclassified,571,1.90e-15,0,0,1,none,0,no,95.67,High-quality,,,,未知,0.274,CRKP/PA/AB 临床重点菌,0.5792
PV588649_39,depolymerase,Klebsiella,bacteria,Unclassified,Unclassified,842,3.50e-12,,,,none,0,no,97.69,High-quality,,,,未知,0.419,CRKP/PA/AB 临床重点菌,0.5792
OQ790081_40,depolymerase,Klebsiella,bacteria,Drulisvirus,Autoscriptoviridae,744,5.60e-12,2,0,1,none,1,no,91.91,High-quality,,,,未知,0.16,CRKP/PA/AB 临床重点菌,0.579
OM194189_41,depolymerase,Klebsiella,bacteria,Przondovirus,Autotranscriptaviridae,571,1.90e-15,0,0,1,none,0,no,94.7,High-quality,,,,未知,0.272,CRKP/PA/AB 临床重点菌,0.5789
NC_105587_43,holin,Escherichia,bacteria,Tequintavirus,Demerecviridae,219,5.80e-15,1,0,0,none,1,yes,85.51,Medium-quality,,,,膜成孔（内溶素协同，推断）,0.059,其他革兰阴性/细菌,0.5788
OQ990040_35,holin,Escherichia,bacteria,Tequintavirus,Demerecviridae,219,5.80e-15,1,0,0,none,1,yes,100.0,Complete,,,,膜成孔（内溶素协同，推断）,0.059,其他革兰阴性/细菌,0.5788
LC788708_79,holin,Escherichia,bacteria,Tequintavirus,Demerecviridae,219,5.80e-15,1,0,0,none,1,yes,79.76,Medium-quality,,,,膜成孔（内溶素协同，推断）,0.059,其他革兰阴性/细菌,0.5788
OQ383620_110,holin,Salmonella,bacteria,Tequintavirus,Demerecviridae,219,5.80e-15,1,0,0,none,1,yes,84.17,Medium-quality,,,,膜成孔（内溶素协同，推断）,0.059,其他革兰阴性/细菌,0.5788
NC_106721_45,holin,Escherichia,bacteria,Tequintavirus,Demerecviridae,219,5.80e-15,1,0,0,none,1,yes,85.07,Medium-quality,,,,膜成孔（内溶素协同，推断）,0.059,其他革兰阴性/细菌,0.5788
NC_130053_120,holin,Escherichia,bacteria,Tequintavirus,Demerecviridae,228,5.80e-15,1,0,0,none,1,yes,88.01,Medium-quality,,,,膜成孔（内溶素协同，推断）,0.059,其他革兰阴性/细菌,0.5788
NC_047779_47,depolymerase,Klebsiella,bacteria,Drulisvirus,Autoscriptoviridae,795,3.30e-13,1,0,1,none,0,no,94.22,High-quality,,,,未知,0.234,CRKP/PA/AB 临床重点菌,0.5783
PQ362313_40,depolymerase,Klebsiella,bacteria,Drulisvirus,Autoscriptoviridae,795,3.30e-13,1,0,0,none,0,no,100.0,Complete,,,,未知,0.234,CRKP/PA/AB 临床重点菌,0.5783
NC_061421_302,depolymerase,Klebsiella,bacteria,Maaswegvirus,Chimalliviridae,599,6.60e-14,1,0,0,none,0,no,99.76,High-quality,,,,未知,0.601,CRKP/PA/AB 临床重点菌,0.578
MT680615_54,depolymerase,Proteus,bacteria,Gansuvirus,Autosignataviridae,266,7.00e-15,1,0,0,"PL(K1_lyase,family待dbCAN)",0,no,91.79,High-quality,,,,荚膜多糖（推断）,0.057,其他革兰阴性/细菌,0.5779
MK310184_145,holin,Unspecified,bacteria,Dhakavirus,Straboviridae,218,1.00e-52,1,0,0,none,1,yes,100.0,Complete,,,,膜成孔（内溶素协同，推断）,0.017,未知,0.5776
MW845760_166,lysin,Erwinia,bacteria,Unclassified,Unclassified,2219,2.30e-15,1,1,1,GH18/19,1,no,98.54,High-quality,,,,肽聚糖（推断）,0.533,其他革兰阴性/细菌,0.5775
NC_047749_37,holin,Escherichia,bacteria,Tequintavirus,Demerecviridae,219,5.80e-15,1,0,0,none,1,yes,100.0,Complete,,,,膜成孔（内溶素协同，推断）,0.05,其他革兰阴性/细菌,0.5774
PX670403.1_49,depolymerase,Klebsiella,bacteria,Unclassified,Unclassified,795,3.30e-13,1,0,1,none,0,no,95.37,High-quality,,,,未知,0.226,CRKP/PA/AB 临床重点菌,0.5771
NC_048086_46,holin,Proteus,bacteria,Novosibvirus,Demerecviridae,219,5.80e-16,1,0,0,none,0,yes,80.07,Medium-quality,,,,膜成孔（内溶素协同，推断）,0.0,其他革兰阴性/细菌,0.5766
OR786095_41,lysin,Staphylococcus,bacteria,Kayfunavirus,Autotranscriptaviridae,1296,8.40e-294,,,,none,0,no,100.0,Complete,,,,未知,0.243,革兰阳性,0.5765
PQ561406_149,holin,Unspecified,bacteria,Unclassified,Unclassified,218,1.00e-52,1,0,0,none,1,yes,56.93,Medium-quality,,,,膜成孔（内溶素协同，推断）,0.009,未知,0.5764
NC_105119_114,holin,Escherichia,bacteria,Tequintavirus,Demerecviridae,228,5.80e-15,1,0,0,none,1,yes,87.95,Medium-quality,,,,膜成孔（内溶素协同，推断）,0.04,其他革兰阴性/细菌,0.5759
MZ501103_101,holin,Escherichia,bacteria,Tequintavirus,Demerecviridae,219,5.80e-15,1,0,0,none,1,yes,84.48,Medium-quality,,,,膜成孔（内溶素协同，推断）,0.04,其他革兰阴性/细菌,0.5759
OQ291061_43,holin,Salmonella,bacteria,Tequintavirus,Demerecviridae,219,5.80e-15,1,0,0,none,1,yes,85.25,Medium-quality,,,,膜成孔（内溶素协同，推断）,0.04,其他革兰阴性/细菌,0.5759
NC_027356_39,holin,Escherichia,bacteria,Tequintavirus,Demerecviridae,219,5.80e-15,1,0,0,none,1,yes,100.0,Complete,,,,膜成孔（内溶素协同，推断）,0.04,其他革兰阴性/细菌,0.5759
OQ291036_37,holin,Salmonella,bacteria,Tequintavirus,Demerecviridae,219,5.80e-15,1,0,0,none,1,yes,90.3,High-quality,,,,膜成孔（内溶素协同，推断）,0.04,其他革兰阴性/细菌,0.5759
OQ291059_40,holin,Salmonella,bacteria,Tequintavirus,Demerecviridae,219,5.80e-15,1,0,0,none,1,yes,83.5,Medium-quality,,,,膜成孔（内溶素协同，推断）,0.04,其他革兰阴性/细菌,0.5759
NC_031042_137,holin,Salmonella,bacteria,Tequintavirus,Demerecviridae,219,5.80e-15,1,0,0,none,1,yes,87.45,Medium-quality,,,,膜成孔（内溶素协同，推断）,0.04,其他革兰阴性/细菌,0.5759
MT350292_45,lysin,Enterococcus,bacteria,Kayfunavirus,Autotranscriptaviridae,1296,1.70e-297,,,,none,0,no,94.97,High-quality,,,,未知,0.238,革兰阳性,0.5757
OV877387_21,depolymerase,Klebsiella,bacteria,Webervirus,Drexlerviridae,878,1.50e-08,1,1,0,none,0,no,100.0,Complete,,,,未知,0.422,CRKP/PA/AB 临床重点菌,0.5755
PP212901_106,lysin,Staphylococcus,bacteria,Sextaecvirus,Unclassified,241,4.20e-14,2,1,1,none,0,no,97.01,High-quality,AF-A0A2J6P2A7-F1,81.2,26,未知,0.396,革兰阳性,0.5754
MK448923_56,lysin,Streptococcus,bacteria,Unclassified,Unclassified,282,1.30e-13,2,0,1,"CAZy(lytic_exoenzyme,class待定);GH(class)",0,no,76.32,Medium-quality,AF-I2NHN5-F1,82.9,19,肽聚糖（推断）,0.0,革兰阳性,0.5753
PQ358086_49,lysin,Arcanobacterium,bacteria,Unclassified,Unclassified,460,9.90e-06,3,1,2,none,0,no,78.45,Medium-quality,AF-A0AAX3W0M3-F1,89.1,30,未知,0.288,其他革兰阴性/细菌,0.5752
NC_048009_110,holin,Salmonella,bacteria,Tequintavirus,Demerecviridae,219,5.80e-15,1,0,0,none,1,yes,86.74,Medium-quality,,,,膜成孔（内溶素协同，推断）,0.03,其他革兰阴性/细菌,0.5744
MH370377_109,holin,Salmonella,bacteria,Tequintavirus,Demerecviridae,228,5.80e-15,1,0,0,none,1,yes,86.74,Medium-quality,,,,膜成孔（内溶素协同，推断）,0.03,其他革兰阴性/细菌,0.5744
PP429239_44,holin,Salmonella,bacteria,Tequintavirus,Demerecviridae,219,5.80e-15,1,0,0,none,1,yes,86.33,Medium-quality,,,,膜成孔（内溶素协同，推断）,0.03,其他革兰阴性/细菌,0.5744
NC_042136_14,lysin,Vibrio,bacteria,Tidunavirus,Chimalliviridae,2372,8.40e-13,1,0,1,GH18/19,0,no,81.14,Medium-quality,,,,肽聚糖（推断）,0.626,其他革兰阴性/细菌,0.5744
OQ790081_41,depolymerase,Klebsiella,bacteria,Drulisvirus,Autoscriptoviridae,185,5.60e-12,,,,none,0,yes,91.91,High-quality,,,,未知,0.393,CRKP/PA/AB 临床重点菌,0.574
NC_048821_148,lysin,Photobacterium,bacteria,Aphroditevirus,Chimalliviridae,2357,5.10e-13,1,0,1,GH18/19,0,no,100.0,Complete,,,,肽聚糖（推断）,0.612,其他革兰阴性/细菌,0.5737
NC_028999_233,lysin,Pseudomonas,bacteria,Miltoncavirus,Chimalliviridae,2320,0.00e+00,1,0,1,GH23,2,no,99.35,High-quality,,,,肽聚糖（推断）,0.357,CRKP/PA/AB 临床重点菌,0.5736
NC_071059_21,lysin,Streptococcus,bacteria,Vansinderenvirus,Aliceevansviridae,201,7.90e-10,2,0,1,"CAZy(lytic_exoenzyme,class待定);GH(class)",0,no,71.35,Medium-quality,AF-A0A2X3UWW3-F1,86.8,18,肽聚糖（推断）,0.115,革兰阳性,0.5731
OR896837_27,holin,Escherichia,bacteria,Tequintavirus,Demerecviridae,219,5.80e-15,1,0,0,none,1,yes,78.02,Medium-quality,,,,膜成孔（内溶素协同，推断）,0.02,其他革兰阴性/细菌,0.5729
NC_103213_44,holin,Salmonella,bacteria,Tequintavirus,Demerecviridae,228,5.80e-15,1,0,0,none,1,yes,86.57,Medium-quality,,,,膜成孔（内溶素协同，推断）,0.02,其他革兰阴性/细菌,0.5729
MT653143_40,holin,Salmonella,bacteria,Tequintavirus,Demerecviridae,228,5.80e-15,1,0,0,none,1,yes,86.22,Medium-quality,,,,膜成孔（内溶素协同，推断）,0.02,其他革兰阴性/细菌,0.5729
NC_049843_23,depolymerase,Klebsiella,bacteria,Webervirus,Drexlerviridae,813,1.30e-20,,,,none,0,no,66.69,Medium-quality,,,,未知,0.0,CRKP/PA/AB 临床重点菌,0.5726
NC_048747_66,lysin,Vibrio,bacteria,Aphroditevirus,Chimalliviridae,2327,5.10e-13,1,0,1,GH18/19,0,no,100.0,Complete,,,,肽聚糖（推断）,0.604,其他革兰阴性/细菌,0.5725
MK448874_57,lysin,Streptococcus,bacteria,Unclassified,Unclassified,282,4.80e-10,2,0,1,"CAZy(lytic_exoenzyme,class待定);GH(class)",0,no,79.18,Medium-quality,AF-A0A1G9KDB1-F1,93.6,11,肽聚糖（推断）,0.032,革兰阳性,0.5723
PX833379.1_4,depolymerase,Klebsiella,bacteria,Unclassified,Unclassified,877,1.30e-08,1,1,0,none,0,no,100.0,Complete,,,,未知,0.395,CRKP/PA/AB 临床重点菌,0.5718
ON165415_58,depolymerase,Klebsiella,bacteria,Drulisvirus,Autoscriptoviridae,393,3.70e-11,1,0,0,none,0,no,93.05,High-quality,,,,未知,0.281,CRKP/PA/AB 临床重点菌,0.5717
MK373792_30,holin,Escherichia,bacteria,Tequintavirus,Demerecviridae,99,5.80e-15,1,0,0,none,1,yes,96.37,High-quality,,,,膜成孔（内溶素协同，推断）,0.011,其他革兰阴性/细菌,0.5716
NC_104190_29,holin,Escherichia,bacteria,Tequintavirus,Demerecviridae,128,5.80e-15,1,0,0,none,1,yes,85.59,Medium-quality,,,,膜成孔（内溶素协同，推断）,0.011,其他革兰阴性/细菌,0.5716
PV654516_1,holin,Salmonella,bacteria,Unclassified,Unclassified,127,5.80e-15,1,0,0,none,1,yes,85.09,Medium-quality,,,,膜成孔（内溶素协同，推断）,0.011,其他革兰阴性/细菌,0.5716
OR532891_21,depolymerase,Klebsiella,bacteria,Unclassified,Unclassified,709,5.40e-09,,,,none,0,no,91.36,High-quality,AF-A0AAX1L3I7-F1,88.4,44,未知,0.125,CRKP/PA/AB 临床重点菌,0.5715
NC_005355_51,lysin,Lactobacillus,bacteria,Unclassified,Unclassified,311,5.50e-11,2,1,1,GH25,0,no,64.69,Medium-quality,AF-Q65PS4-F1,92.1,13,肽聚糖（推断）,0.0,革兰阳性,0.5715
AC171169_27,holin,Escherichia,bacteria,Tequintavirus,Demerecviridae,228,5.80e-15,1,0,0,none,1,yes,82.17,Medium-quality,,,,膜成孔（内溶素协同，推断）,0.01,其他革兰阴性/细菌,0.5714
PP094244_129,holin,Salmonella,bacteria,Tequintavirus,Demerecviridae,219,5.80e-15,1,0,0,none,1,yes,100.0,Complete,,,,膜成孔（内溶素协同，推断）,0.01,其他革兰阴性/细菌,0.5714
PQ002169_76,holin,Salmonella,bacteria,Unclassified,Demerecviridae,219,5.80e-15,1,0,0,none,1,yes,100.0,Complete,,,,膜成孔（内溶素协同，推断）,0.01,其他革兰阴性/细菌,0.5714
NC_047835_151,holin,Escherichia,bacteria,Tequintavirus,Demerecviridae,219,5.80e-15,1,0,0,none,1,yes,87.54,Medium-quality,,,,膜成孔（内溶素协同，推断）,0.01,其他革兰阴性/细菌,0.5714
PX104387_109,holin,Salmonella,bacteria,Unclassified,Unclassified,228,5.80e-15,1,0,0,none,1,yes,85.51,Medium-quality,,,,膜成孔（内溶素协同，推断）,0.01,其他革兰阴性/细菌,0.5714
PP554579_109,holin,Salmonella,bacteria,Unclassified,Unclassified,219,5.80e-15,1,0,0,none,1,yes,83.98,Medium-quality,,,,膜成孔（内溶素协同，推断）,0.01,其他革兰阴性/细菌,0.5714
MZ622713_135,lysin,Vibrio,bacteria,Unclassified,Unclassified,2336,1.30e-12,1,0,1,GH18/19,1,no,100.0,Complete,,,,肽聚糖（推断）,0.614,其他革兰阴性/细菌,0.5713
NC_013647_43,depolymerase,Klebsiella,bacteria,Przondovirus,Autotranscriptaviridae,577,6.50e-15,0,0,1,none,0,no,96.06,High-quality,,,,未知,0.641,CRKP/PA/AB 临床重点菌,0.5707
PV081217_9,depolymerase,Klebsiella,bacteria,Webervirus,Drexlerviridae,879,1.50e-08,1,1,0,none,0,no,100.0,Complete,,,,未知,0.39,CRKP/PA/AB 临床重点菌,0.5707
NC_071079_24,lysin,Streptococcus,bacteria,Brussowvirus,Aliceevansviridae,201,7.90e-10,2,0,1,"CAZy(lytic_exoenzyme,class待定);GH(class)",0,no,70.89,Medium-quality,AF-A0A0E2Q2U3-F1,86.1,14,肽聚糖（推断）,0.105,革兰阳性,0.5706
MT197175_47,depolymerase,Klebsiella,bacteria,Drulisvirus,Autoscriptoviridae,792,3.50e-15,1,0,0,none,1,no,96.07,High-quality,,,,未知,0.094,CRKP/PA/AB 临床重点菌,0.5705
PX577203_40,depolymerase,Klebsiella,bacteria,Unclassified,Unclassified,577,6.50e-15,0,0,1,none,0,no,100.0,Complete,,,,未知,0.639,CRKP/PA/AB 临床重点菌,0.5704
PQ133599_42,depolymerase,Klebsiella,bacteria,Unclassified,Unclassified,1243,3.60e-07,2,1,0,none,0,no,100.0,Complete,,,,未知,0.716,CRKP/PA/AB 临床重点菌,0.5704
PP728208_47,depolymerase,Klebsiella,bacteria,Drulisvirus,Autoscriptoviridae,1243,3.60e-07,2,1,0,none,0,no,100.0,High-quality,,,,未知,0.716,CRKP/PA/AB 临床重点菌,0.5704
OR896846_20,depolymerase,Klebsiella,bacteria,Webervirus,Drexlerviridae,1079,1.80e-07,,,,none,0,no,94.71,High-quality,,,,未知,0.569,CRKP/PA/AB 临床重点菌,0.5703
PV155695_6,depolymerase,Klebsiella,bacteria,Unclassified,Unclassified,1243,3.60e-07,2,1,0,none,0,no,100.0,High-quality,,,,未知,0.714,CRKP/PA/AB 临床重点菌,0.5701
OR982685_9,depolymerase,Klebsiella,bacteria,Drulisvirus,Autoscriptoviridae,1243,3.60e-07,2,1,0,none,0,no,96.91,High-quality,,,,未知,0.714,CRKP/PA/AB 临床重点菌,0.5701
PQ358943_22,depolymerase,Klebsiella,bacteria,Unclassified,Unclassified,1079,1.80e-07,,,,none,0,no,93.14,High-quality,,,,未知,0.567,CRKP/PA/AB 临床重点菌,0.57
MK373792_29,holin,Escherichia,bacteria,Tequintavirus,Demerecviridae,102,5.80e-15,1,0,0,none,0,no,96.37,High-quality,,,,膜成孔（内溶素协同，推断）,0.0,其他革兰阴性/细菌,0.5699
OX335410_34,depolymerase,Klebsiella,bacteria,Webervirus,Drexlerviridae,1079,1.80e-07,,,,none,0,no,93.76,High-quality,,,,未知,0.565,CRKP/PA/AB 临床重点菌,0.5697
OR896847_20,depolymerase,Klebsiella,bacteria,Webervirus,Drexlerviridae,1079,1.80e-07,,,,none,0,no,94.58,High-quality,,,,未知,0.565,CRKP/PA/AB 临床重点菌,0.5697
OR896858_20,depolymerase,Klebsiella,bacteria,Webervirus,Drexlerviridae,1079,1.80e-07,,,,none,0,no,96.08,High-quality,,,,未知,0.564,CRKP/PA/AB 临床重点菌,0.5696
OR896859_1,depolymerase,Klebsiella,bacteria,Webervirus,Drexlerviridae,994,1.80e-07,,,,none,0,yes,96.35,High-quality,,,,未知,0.564,CRKP/PA/AB 临床重点菌,0.5696
OR896857_21,depolymerase,Klebsiella,bacteria,Webervirus,Drexlerviridae,1079,1.80e-07,,,,none,0,no,93.07,High-quality,,,,未知,0.564,CRKP/PA/AB 临床重点菌,0.5696
NC_070998_226,lysin,Aeromonas,bacteria,Ferozepurvirus,Chimalliviridae,2348,1.40e-22,0,0,1,none,2,no,81.34,Medium-quality,,,,未知,0.293,其他革兰阴性/细菌,0.5696
OR354833_81,lysin,Staphylococcus,bacteria,Sextaecvirus,Unclassified,176,2.00e-16,1,0,1,none,0,no,69.98,Medium-quality,AF-A0A0H2H3F1-F1,86.1,25,未知,0.338,革兰阳性,0.5695
PP738769_22,depolymerase,Klebsiella,bacteria,Unclassified,Unclassified,879,1.50e-08,1,1,0,none,0,no,93.0,High-quality,,,,未知,0.381,CRKP/PA/AB 临床重点菌,0.5693
MK448873_62,lysin,Streptococcus,bacteria,Unclassified,Unclassified,201,4.80e-10,2,0,1,"CAZy(lytic_exoenzyme,class待定);GH(class)",0,no,74.34,Medium-quality,AF-A0A380KM19-F1,92.6,17,肽聚糖（推断）,0.02,革兰阳性,0.569
PQ337357_21,depolymerase,Klebsiella,bacteria,Unclassified,Unclassified,1073,1.80e-07,,,,none,0,no,93.12,High-quality,,,,未知,0.559,CRKP/PA/AB 临床重点菌,0.5688
NC_042114_23,lysin,Streptococcus,bacteria,Cepunavirus,Madridviridae,343,8.70e-10,4,0,1,GH25,0,no,57.88,Medium-quality,,,,肽聚糖（推断）,0.189,革兰阳性,0.5688
CP051279_19,depolymerase,Salmonella,bacteria,Lederbergvirus,Unclassified,179,9.70e-15,1,0,1,"CAZy(tailspike,class待定)",0,yes,77.01,Medium-quality,,,,荚膜多糖（推断）,0.0,其他革兰阴性/细菌,0.5684
NC_070716_23,lysin,Streptococcus,bacteria,Moineauvirus,Aliceevansviridae,201,7.90e-10,2,0,1,"CAZy(lytic_exoenzyme,class待定);GH(class)",0,no,68.9,Medium-quality,AF-A0A0E2Q2U3-F1,86.1,14,肽聚糖（推断）,0.09,革兰阳性,0.5683
NC_070713_21,lysin,Streptococcus,bacteria,Moineauvirus,Aliceevansviridae,201,7.90e-10,2,0,1,"CAZy(lytic_exoenzyme,class待定);GH(class)",0,no,69.56,Medium-quality,AF-A0A0E2Q2U3-F1,86.1,14,肽聚糖（推断）,0.09,革兰阳性,0.5683
MK448921_60,lysin,Streptococcus,bacteria,Unclassified,Unclassified,467,6.40e-09,2,0,2,GH25,0,no,74.27,Medium-quality,AF-A0AAW7QHW4-F1,83.6,22,肽聚糖（推断）,0.153,革兰阳性,0.568
NC_004775_21,depolymerase,Salmonella,bacteria,Uetakevirus,Unclassified,1071,2.70e-19,0,0,1,none,0,no,69.48,Medium-quality,AF-A0A6X8RNC5-F1,89.1,55,未知,0.036,其他革兰阴性/细菌,0.5678
OR757455_23,depolymerase,Salmonella,bacteria,Uetakevirus,Unclassified,1071,2.70e-19,0,0,1,none,0,no,69.83,Medium-quality,AF-A0A6X8RNC5-F1,89.1,55,未知,0.036,其他革兰阴性/细菌,0.5678
MK448899_49,lysin,Streptococcus,bacteria,Moineauvirus,Aliceevansviridae,282,4.80e-10,2,0,1,"CAZy(lytic_exoenzyme,class待定);GH(class)",0,no,71.53,Medium-quality,AF-A0A2G3NNT8-F1,92.0,14,肽聚糖（推断）,0.018,革兰阳性,0.5678
MK448743_61,lysin,Streptococcus,bacteria,Unclassified,Unclassified,467,6.40e-09,2,0,2,GH25,0,no,75.9,Medium-quality,AF-A0AAW7QHW4-F1,83.6,22,肽聚糖（推断）,0.151,革兰阳性,0.5677
NC_070999_250,lysin,Aeromonas,bacteria,Ferozepurvirus,Chimalliviridae,2348,1.40e-22,0,0,1,none,2,no,80.63,Medium-quality,,,,未知,0.28,其他革兰阴性/细菌,0.5677
PV663807_220,lysin,Aeromonas,bacteria,Unclassified,Unclassified,2348,1.40e-22,0,0,1,none,1,no,80.1,Medium-quality,,,,未知,0.28,其他革兰阴性/细菌,0.5677
OP889247_118,lysin,Aeromonas,bacteria,Ferozepurvirus,Chimalliviridae,2348,1.40e-22,0,0,1,none,2,no,80.29,Medium-quality,,,,未知,0.28,其他革兰阴性/细菌,0.5677
PP601403_53,lysin,Aeromonas,bacteria,Ferozepurvirus,Chimalliviridae,2348,1.40e-22,0,0,1,none,1,no,80.86,Medium-quality,,,,未知,0.28,其他革兰阴性/细菌,0.5677
MZ424864_1,depolymerase,Escherichia,bacteria,Drulisvirus,Autoscriptoviridae,580,7.60e-17,1,0,0,none,0,yes,93.57,High-quality,,,,未知,1.0,其他革兰阴性/细菌,0.5675
MK448875_58,lysin,Streptococcus,bacteria,Unclassified,Unclassified,282,4.80e-10,2,0,1,"CAZy(lytic_exoenzyme,class待定);GH(class)",0,no,81.87,Medium-quality,AF-A0A1G9KDB1-F1,93.6,11,肽聚糖（推断）,0.0,革兰阳性,0.5675
NC_019445_50,depolymerase,Escherichia,bacteria,Unclassified,Unclassified,698,3.50e-14,1,0,1,none,0,no,76.41,Medium-quality,AF-A0A7U9H607-F1,92.4,31,未知,0.094,其他革兰阴性/细菌,0.5674
MN478377_15,holin,Unspecified,bacteria,Unclassified,Demerecviridae,220,1.00e-13,1,0,0,none,1,yes,85.2,Medium-quality,,,,膜成孔（内溶素协同，推断）,0.571,未知,0.5673
PX437953_13,depolymerase,Klebsiella,bacteria,Unclassified,Unclassified,582,7.00e-09,0,0,1,none,0,no,41.3,Low-quality,,,,未知,0.481,CRKP/PA/AB 临床重点菌,0.5665
PP213047_66,lysin,Staphylococcus,bacteria,Unclassified,Unclassified,471,1.30e-16,3,1,2,none,0,no,86.29,Medium-quality,AF-A0A2J6P131-F1,89.9,35,未知,0.004,革兰阳性,0.5664
OY978782_55,depolymerase,Klebsiella,bacteria,Drulisvirus,Autoscriptoviridae,792,3.50e-15,1,0,0,none,0,no,95.58,High-quality,,,,未知,0.064,CRKP/PA/AB 临床重点菌,0.566
MK448721_53,lysin,Streptococcus,bacteria,Unclassified,Unclassified,282,4.80e-10,2,0,1,"CAZy(lytic_exoenzyme,class待定);GH(class)",0,no,76.53,Medium-quality,AF-A0A380KM19-F1,92.6,17,肽聚糖（推断）,0.0,革兰阳性,0.566
OY979480_21,depolymerase,Klebsiella,bacteria,Webervirus,Drexlerviridae,871,1.80e-07,,,,none,0,no,94.7,High-quality,,,,未知,0.539,CRKP/PA/AB 临床重点菌,0.5658
MT197176_49,depolymerase,Klebsiella,bacteria,Drulisvirus,Autoscriptoviridae,792,3.50e-15,1,0,0,none,0,no,94.89,High-quality,,,,未知,0.063,CRKP/PA/AB 临床重点菌,0.5658
ON602726_18,depolymerase,Klebsiella,bacteria,Drulisvirus,Autoscriptoviridae,792,3.50e-15,1,0,0,none,0,no,96.1,High-quality,,,,未知,0.061,CRKP/PA/AB 临床重点菌,0.5655
OP617743_192,depolymerase,Klebsiella,bacteria,Unclassified,Unclassified,720,1.70e-09,0,0,2,none,0,no,88.45,Medium-quality,AF-A0A7J5WRU3-F1,85.1,46,未知,0.09,CRKP/PA/AB 临床重点菌,0.5646
OP617741_70,depolymerase,Klebsiella,bacteria,Unclassified,Unclassified,719,1.70e-09,0,0,2,none,0,no,82.44,Medium-quality,AF-A0A7J5WRU3-F1,85.1,46,未知,0.09,CRKP/PA/AB 临床重点菌,0.5646
NC_041913_46,holin,Providencia,bacteria,Priunavirus,Demerecviridae,223,1.40e-11,1,0,0,none,1,yes,100.0,Complete,,,,膜成孔（内溶素协同，推断）,0.514,其他革兰阴性/细菌,0.5645
NC_055910_97,holin,Providencia,bacteria,Priunavirus,Demerecviridae,223,1.40e-11,1,0,0,none,1,yes,82.72,Medium-quality,,,,膜成孔（内溶素协同，推断）,0.514,其他革兰阴性/细菌,0.5645
MK448703_72,lysin,Streptococcus,bacteria,Unclassified,Unclassified,282,4.80e-10,2,0,1,"CAZy(lytic_exoenzyme,class待定);GH(class)",0,no,79.56,Medium-quality,AF-A0A6G8HXY3-F1,90.9,9,肽聚糖（推断）,0.004,革兰阳性,0.5641
MK448890_52,lysin,Streptococcus,bacteria,Unclassified,Unclassified,285,7.30e-07,2,0,1,"CAZy(lytic_exoenzyme,class待定);GH(class)",0,no,58.44,Medium-quality,AF-A0A6G8HXY3-F1,90.9,15,肽聚糖（推断）,0.141,革兰阳性,0.5634
OP978316_70,depolymerase,Klebsiella,bacteria,Webervirus,Drexlerviridae,703,2.30e-08,1,1,0,none,0,no,92.6,High-quality,,,,未知,0.348,CRKP/PA/AB 临床重点菌,0.5631
NC_070672_23,lysin,Streptococcus,bacteria,Moineauvirus,Aliceevansviridae,201,5.40e-09,2,0,1,"CAZy(lytic_exoenzyme,class待定);GH(class)",0,no,76.05,Medium-quality,AF-A0A2X3UWW3-F1,86.8,18,肽聚糖（推断）,0.085,革兰阳性,0.5631
OQ627805_9,lysin,Lactobacillus,bacteria,Unclassified,Unclassified,96,2.00e-48,,,,none,0,no,61.87,Medium-quality,,,,未知,0.152,革兰阳性,0.5628
OP617745_439,depolymerase,Klebsiella,bacteria,Alcyoneusvirus,Unclassified,720,1.70e-09,0,0,2,none,0,no,92.17,High-quality,AF-A0A7J5WRU3-F1,85.1,46,未知,0.075,CRKP/PA/AB 临床重点菌,0.5624
OX335400_31,depolymerase,Klebsiella,bacteria,Webervirus,Drexlerviridae,545,2.30e-08,1,1,0,none,0,yes,91.67,High-quality,,,,未知,0.341,CRKP/PA/AB 临床重点菌,0.5621
NC_071080_25,lysin,Streptococcus,bacteria,Brussowvirus,Aliceevansviridae,201,2.80e-08,2,0,1,"CAZy(lytic_exoenzyme,class待定);GH(class)",0,no,59.57,Medium-quality,AF-A0A2X3UWW3-F1,86.8,18,肽聚糖（推断）,0.11,革兰阳性,0.5621
LC788703_24,lysin,Staphylococcus,bacteria,Silviavirus,Herelleviridae,190,8.40e-11,2,0,1,none,0,no,100.0,Complete,AF-A0A372DYG9-F1,92.7,12,未知,0.339,革兰阳性,0.5621
MT080595_162,lysin,Staphylococcus,bacteria,Silviavirus,Herelleviridae,190,8.40e-11,2,0,1,none,0,no,85.83,Medium-quality,AF-A0A372DYG9-F1,92.7,12,未知,0.339,革兰阳性,0.5621
OX335376_5,depolymerase,Klebsiella,bacteria,Przondovirus,Autotranscriptaviridae,514,5.90e-10,,,,none,0,no,100.0,Complete,,,,未知,1.0,CRKP/PA/AB 临床重点菌,0.5615
OR820950_45,depolymerase,Klebsiella,bacteria,Webervirus,Drexlerviridae,894,5.20e-09,1,1,0,none,0,no,91.34,High-quality,,,,未知,0.307,CRKP/PA/AB 临床重点菌,0.5613
PV641623_173,lysin,Staphylococcus,bacteria,Unclassified,Unclassified,190,8.40e-11,2,0,1,none,0,no,100.0,Complete,AF-A0A372DYG9-F1,92.7,12,未知,0.333,革兰阳性,0.5612
PV426864_139,lysin,Staphylococcus,bacteria,Silviavirus,Herelleviridae,190,8.40e-11,2,0,1,none,0,no,91.18,High-quality,AF-A0A372DYG9-F1,92.7,12,未知,0.333,革兰阳性,0.5612
PV580076_75,lysin,Staphylococcus,bacteria,Unclassified,Unclassified,190,8.40e-11,2,0,1,none,0,no,90.27,High-quality,AF-A0A372DYG9-F1,92.7,12,未知,0.333,革兰阳性,0.5612
PQ133597_17,depolymerase,Klebsiella,bacteria,Unclassified,Unclassified,721,2.60e-09,,,,none,1,no,100.0,Complete,,,,未知,0.426,CRKP/PA/AB 临床重点菌,0.5611
PQ133595_68,depolymerase,Klebsiella,bacteria,Unclassified,Unclassified,721,2.60e-09,,,,none,1,no,100.0,Complete,,,,未知,0.426,CRKP/PA/AB 临床重点菌,0.5611
NC_048042_47,depolymerase,Klebsiella,bacteria,Webervirus,Drexlerviridae,895,5.20e-09,1,1,0,none,0,no,92.01,High-quality,,,,未知,0.306,CRKP/PA/AB 临床重点菌,0.5611
OM065843_27,depolymerase,Klebsiella,bacteria,Webervirus,Drexlerviridae,721,2.60e-09,,,,none,1,no,100.0,Complete,,,,未知,0.424,CRKP/PA/AB 临床重点菌,0.5608
MK448884_63,lysin,Streptococcus,bacteria,Unclassified,Unclassified,287,8.60e-07,2,0,1,"CAZy(lytic_exoenzyme,class待定);GH(class)",0,no,75.66,Medium-quality,AF-A0AB35FT68-F1,88.6,12,肽聚糖（推断）,0.15,革兰阳性,0.5608
PP889487_21,depolymerase,Klebsiella,bacteria,Unclassified,Unclassified,816,1.70e-09,0,0,2,none,0,no,91.84,High-quality,AF-A0A7J5WRU3-F1,85.1,46,未知,0.063,CRKP/PA/AB 临床重点菌,0.5606
NC_028999_179,lysin,Pseudomonas,bacteria,Miltoncavirus,Chimalliviridae,267,8.50e-07,1,0,2,CBM(class),0,no,99.35,High-quality,,,,肽聚糖（推断）,0.0,CRKP/PA/AB 临床重点菌,0.5605
PV340597_23,depolymerase,Klebsiella,bacteria,Webervirus,Drexlerviridae,875,1.00e-08,1,1,0,none,0,no,91.43,High-quality,,,,未知,0.313,CRKP/PA/AB 临床重点菌,0.5603
MH633486_46,depolymerase,Klebsiella,bacteria,Webervirus,Drexlerviridae,894,5.20e-09,1,1,0,none,0,no,100.0,Complete,,,,未知,0.298,CRKP/PA/AB 临床重点菌,0.5599
KX356061.1_54,lysin,Staphylococcus,bacteria,Twortvirus,Herelleviridae,253,8.40e-11,2,0,1,none,0,no,88.23,Medium-quality,AF-A0A372DYG9-F1,92.7,12,未知,0.324,革兰阳性,0.5598
ON237674_48,depolymerase,Acinetobacter,bacteria,Obolenskvirus,Unclassified,805,2.00e-07,1,0,1,none,0,no,68.91,Medium-quality,,,,未知,0.365,CRKP/PA/AB 临床重点菌,0.5594
OP272491_16,lysin,Enterobacter,bacteria,Kayfunavirus,Autotranscriptaviridae,109,4.70e-25,,,,none,0,no,93.21,High-quality,,,,未知,0.115,其他革兰阴性/细菌,0.5594
OM065842_47,depolymerase,Klebsiella,bacteria,Webervirus,Drexlerviridae,895,5.20e-09,1,1,0,none,0,no,100.0,Complete,,,,未知,0.294,CRKP/PA/AB 临床重点菌,0.5593
ON602728_53,depolymerase,Klebsiella,bacteria,Drulisvirus,Autoscriptoviridae,756,3.50e-15,1,0,0,none,0,no,93.75,High-quality,,,,未知,0.019,CRKP/PA/AB 临床重点菌,0.5592
ON866946_55,lysin,Staphylococcus,bacteria,Silviavirus,Herelleviridae,253,8.40e-11,2,0,1,none,0,no,100.0,Complete,AF-A0A372DYG9-F1,92.7,12,未知,0.32,革兰阳性,0.5592
ON814135_20,lysin,Staphylococcus,bacteria,Silviavirus,Herelleviridae,253,8.40e-11,2,0,1,none,0,no,88.52,Medium-quality,AF-A0A372DYG9-F1,92.7,12,未知,0.32,革兰阳性,0.5592
MT080590_138,lysin,Staphylococcus,bacteria,Silviavirus,Herelleviridae,253,8.40e-11,2,0,1,none,0,no,100.0,Complete,AF-A0A372DYG9-F1,92.7,12,未知,0.32,革兰阳性,0.5592
OP940114_58,lysin,Staphylococcus,bacteria,Silviavirus,Herelleviridae,253,8.40e-11,2,0,1,none,0,no,91.57,High-quality,AF-A0A372DYG9-F1,92.7,12,未知,0.32,革兰阳性,0.5592
PX842708.1_56,lysin,Staphylococcus,bacteria,Unclassified,Unclassified,253,8.40e-11,2,0,1,none,0,no,100.0,Complete,AF-A0A372DYG9-F1,92.7,12,未知,0.32,革兰阳性,0.5592
PQ505477_22,depolymerase,Klebsiella,bacteria,Webervirus,Drexlerviridae,650,8.00e-08,0,0,1,none,0,no,91.86,High-quality,,,,未知,0.478,CRKP/PA/AB 临床重点菌,0.559
ON602739_15,depolymerase,Klebsiella,bacteria,Drulisvirus,Autoscriptoviridae,781,3.50e-15,1,0,0,none,0,no,93.22,High-quality,,,,未知,0.017,CRKP/PA/AB 临床重点菌,0.5589
MH595538_23,lysin,Vibrio,bacteria,Unclassified,Unclassified,1906,1.60e-24,1,1,1,none,3,no,98.1,High-quality,,,,未知,0.0,其他革兰阴性/细菌,0.5586
PX872122.1_34,lysin,Staphylococcus,bacteria,Unclassified,Unclassified,253,8.40e-11,2,0,1,none,0,no,100.0,Complete,AF-A0A372DYG9-F1,92.7,12,未知,0.316,革兰阳性,0.5586
MZ643272_176,lysin,Staphylococcus,bacteria,Silviavirus,Herelleviridae,253,8.40e-11,2,0,1,none,0,no,90.15,High-quality,AF-A0A372DYG9-F1,92.7,12,未知,0.316,革兰阳性,0.5586
OL436246_15,lysin,Staphylococcus,bacteria,Silviavirus,Herelleviridae,253,8.40e-11,2,0,1,none,0,no,89.94,Medium-quality,AF-A0A372DYG9-F1,92.7,12,未知,0.316,革兰阳性,0.5586
OQ557157_47,lysin,Staphylococcus,bacteria,Silviavirus,Herelleviridae,253,8.40e-11,2,0,1,none,0,no,100.0,Complete,AF-A0A372DYG9-F1,92.7,12,未知,0.316,革兰阳性,0.5586
ON814136_79,lysin,Staphylococcus,bacteria,Silviavirus,Herelleviridae,253,8.40e-11,2,0,1,none,0,no,100.0,Complete,AF-A0A372DYG9-F1,92.7,12,未知,0.316,革兰阳性,0.5586
OP263969_20,lysin,Staphylococcus,bacteria,Silviavirus,Herelleviridae,253,8.40e-11,2,0,1,none,0,no,100.0,Complete,AF-A0A372DYG9-F1,92.7,12,未知,0.316,革兰阳性,0.5586
KX532239_15,lysin,Staphylococcus,bacteria,Silviavirus,Herelleviridae,253,8.40e-11,2,0,1,none,0,no,87.47,Medium-quality,AF-A0A372DYG9-F1,92.7,12,未知,0.316,革兰阳性,0.5586
PV172160_41,lysin,Staphylococcus,bacteria,Silviavirus,Herelleviridae,253,8.40e-11,2,0,1,none,0,no,100.0,Complete,AF-A0A372DYG9-F1,92.7,12,未知,0.316,革兰阳性,0.5586
NC_030933_179,lysin,Staphylococcus,bacteria,Silviavirus,Herelleviridae,253,8.40e-11,2,0,1,none,0,no,86.36,Medium-quality,AF-A0A372DYG9-F1,92.7,12,未知,0.316,革兰阳性,0.5586
OR180307_159,depolymerase,Acinetobacter,bacteria,Unclassified,Unclassified,921,4.30e-07,1,0,1,none,0,yes,73.96,Medium-quality,,,,未知,0.374,CRKP/PA/AB 临床重点菌,0.5585
PQ227708_76,depolymerase,Acinetobacter,bacteria,Obolenskvirus,Unclassified,807,2.00e-07,1,0,1,none,0,no,70.0,Medium-quality,,,,未知,0.359,CRKP/PA/AB 临床重点菌,0.5585
ON602727_49,depolymerase,Klebsiella,bacteria,Drulisvirus,Autoscriptoviridae,781,3.50e-15,1,0,0,none,0,no,94.14,High-quality,,,,未知,0.013,CRKP/PA/AB 临床重点菌,0.5583
PQ351753_19,depolymerase,Klebsiella,bacteria,Unclassified,Unclassified,711,3.60e-10,0,0,1,none,0,no,50.64,Medium-quality,AF-A0AAI8IVY1-F1,77.2,40,未知,0.096,CRKP/PA/AB 临床重点菌,0.5582
ON602740_1,depolymerase,Klebsiella,bacteria,Drulisvirus,Autoscriptoviridae,446,3.50e-15,1,0,0,none,0,no,93.33,High-quality,,,,未知,0.011,CRKP/PA/AB 临床重点菌,0.558
PV660605_26,depolymerase,Klebsiella,bacteria,Unclassified,Unclassified,357,2.70e-09,,,,none,0,no,95.81,High-quality,,,,未知,0.405,CRKP/PA/AB 临床重点菌,0.5579
AP019522_61,lysin,Staphylococcus,bacteria,Silviavirus,Herelleviridae,253,8.40e-11,2,0,1,none,0,no,85.38,Medium-quality,AF-A0A372DYG9-F1,92.7,12,未知,0.311,革兰阳性,0.5579
NC_020877_161,lysin,Staphylococcus,bacteria,Silviavirus,Herelleviridae,253,8.40e-11,2,0,1,none,0,no,84.6,Medium-quality,AF-A0A372DYG9-F1,92.7,12,未知,0.311,革兰阳性,0.5579
OR234014_22,lysin,Staphylococcus,bacteria,Silviavirus,Herelleviridae,253,8.40e-11,2,0,1,none,0,no,100.0,Complete,AF-A0A372DYG9-F1,92.7,12,未知,0.311,革兰阳性,0.5579
OQ094961_153,lysin,Staphylococcus,bacteria,Silviavirus,Herelleviridae,253,8.40e-11,2,0,1,none,0,no,100.0,Complete,AF-A0A372DYG9-F1,92.7,12,未知,0.311,革兰阳性,0.5579
MN794002_48,depolymerase,Klebsiella,bacteria,Drulisvirus,Autoscriptoviridae,781,3.50e-15,1,0,0,none,0,no,93.29,High-quality,,,,未知,0.009,CRKP/PA/AB 临床重点菌,0.5577
ON602725_9,depolymerase,Klebsiella,bacteria,Drulisvirus,Autoscriptoviridae,781,3.50e-15,1,0,0,none,0,no,100.0,Complete,,,,未知,0.009,CRKP/PA/AB 临床重点菌,0.5577
MW589261_123,lysin,Staphylococcus,bacteria,Sextaecvirus,Unclassified,462,2.30e-08,3,1,2,none,0,no,75.4,Medium-quality,AF-A0AAW5LSX2-F1,89.7,25,未知,0.315,革兰阳性,0.5577
ON602723_60,depolymerase,Klebsiella,bacteria,Drulisvirus,Autoscriptoviridae,734,3.50e-15,1,0,0,none,0,no,100.0,Complete,,,,未知,0.008,CRKP/PA/AB 临床重点菌,0.5576
NC_042018_227,lysin,Erwinia,bacteria,Risingsunvirus,Chimalliviridae,2540,2.60e-12,1,0,1,GH18/19,1,no,80.73,Medium-quality,,,,肽聚糖（推断）,0.535,其他革兰阴性/细菌,0.5575
MF459647_224,lysin,Erwinia,bacteria,Risingsunvirus,Chimalliviridae,2540,2.60e-12,1,0,1,GH18/19,2,no,80.88,Medium-quality,,,,肽聚糖（推断）,0.535,其他革兰阴性/细菌,0.5575
MN794003_51,depolymerase,Klebsiella,bacteria,Drulisvirus,Autoscriptoviridae,745,3.50e-15,1,0,0,none,0,no,95.13,High-quality,,,,未知,0.007,CRKP/PA/AB 临床重点菌,0.5574
MZ417349_72,lysin,Staphylococcus,bacteria,Rockefellervirus,Unclassified,472,3.10e-12,3,1,2,none,0,no,91.22,High-quality,AF-G5JHA5-F1,90.2,30,未知,0.136,革兰阳性,0.5574
MZ571827_47,depolymerase,Klebsiella,bacteria,Drulisvirus,Autoscriptoviridae,781,3.50e-15,1,0,0,none,0,no,93.9,High-quality,,,,未知,0.006,CRKP/PA/AB 临床重点菌,0.5573
OQ355700_53,lysin,Staphylococcus,bacteria,Rockefellervirus,Unclassified,468,3.10e-12,3,1,2,none,0,no,100.0,Complete,AF-G5JHA5-F1,90.2,30,未知,0.135,革兰阳性,0.5573
ON602724_46,depolymerase,Klebsiella,bacteria,Drulisvirus,Autoscriptoviridae,781,3.50e-15,1,0,0,none,0,no,92.22,High-quality,,,,未知,0.005,CRKP/PA/AB 临床重点菌,0.5571
NC_047932_119,depolymerase,Klebsiella,bacteria,Taipeivirus,Ackermannviridae,686,1.30e-14,0,0,1,none,2,no,94.46,High-quality,,,,未知,0.163,CRKP/PA/AB 临床重点菌,0.557
MN794000_48,depolymerase,Klebsiella,bacteria,Drulisvirus,Autoscriptoviridae,745,3.50e-15,1,0,0,none,0,no,92.87,High-quality,,,,未知,0.003,CRKP/PA/AB 临床重点菌,0.5568
MT596498_5,lysin,Staphylococcus,bacteria,Rockefellervirus,Unclassified,468,3.10e-12,3,1,2,none,0,no,100.0,Complete,AF-G5JHA5-F1,90.2,30,未知,0.132,革兰阳性,0.5568
OQ355704_42,lysin,Staphylococcus,bacteria,Rockefellervirus,Unclassified,468,3.10e-12,3,1,2,none,0,no,100.0,Complete,AF-G5JHA5-F1,90.2,30,未知,0.13,革兰阳性,0.5565
MN794001_50,depolymerase,Klebsiella,bacteria,Drulisvirus,Autoscriptoviridae,781,3.50e-15,1,0,0,none,0,no,93.91,High-quality,,,,未知,0.0,CRKP/PA/AB 临床重点菌,0.5564
OM373549_92,lysin,Staphylococcus,bacteria,Sextaecvirus,Unclassified,462,2.30e-08,3,1,2,none,0,yes,78.08,Medium-quality,AF-A0AAX3W0M3-F1,89.1,30,未知,0.31,革兰阳性,0.5561
OR896845_23,depolymerase,Klebsiella,bacteria,Webervirus,Drexlerviridae,896,2.40e-09,1,1,0,none,0,no,92.29,High-quality,,,,未知,0.257,CRKP/PA/AB 临床重点菌,0.556
ON602761_49,depolymerase,Klebsiella,bacteria,Drulisvirus,Autoscriptoviridae,319,3.80e-07,1,0,0,none,0,no,100.0,Complete,,,,未知,0.353,CRKP/PA/AB 临床重点菌,0.5558
NC_061418_96,depolymerase,Klebsiella,bacteria,Siatvirus,Chimalliviridae,757,4.70e-09,1,0,0,none,0,yes,98.94,High-quality,,,,未知,0.667,CRKP/PA/AB 临床重点菌,0.5556
PP738768_43,depolymerase,Klebsiella,bacteria,Unclassified,Unclassified,676,1.40e-15,0,0,1,none,0,no,95.12,High-quality,,,,未知,0.51,CRKP/PA/AB 临床重点菌,0.5555
PV683293_141,depolymerase,Klebsiella,bacteria,Unclassified,Ackermannviridae,676,1.40e-15,0,0,1,none,0,no,93.88,High-quality,,,,未知,0.509,CRKP/PA/AB 临床重点菌,0.5554
PQ066595_199,depolymerase,Klebsiella,bacteria,Taipeivirus,Ackermannviridae,676,1.40e-15,,,,none,0,no,96.25,High-quality,,,,未知,0.507,CRKP/PA/AB 临床重点菌,0.5551
MZ634341_197,depolymerase,Klebsiella,bacteria,Taipeivirus,Ackermannviridae,686,1.30e-14,0,0,1,none,2,no,100.0,Complete,,,,未知,0.146,CRKP/PA/AB 临床重点菌,0.5545
MZ634343_9,depolymerase,Klebsiella,bacteria,Drulisvirus,Autoscriptoviridae,348,1.30e-06,1,0,0,none,0,no,100.0,Complete,,,,未知,0.368,CRKP/PA/AB 临床重点菌,0.5544
NC_007021_168,lysin,Staphylococcus,bacteria,Twortvirus,Herelleviridae,468,5.20e-07,3,1,2,none,0,no,84.25,Medium-quality,AF-A0A2J6P2A7-F1,81.2,26,未知,0.438,革兰阳性,0.5544
OP902294_128,lysin,Staphylococcus,bacteria,Unclassified,Unclassified,118,6.10e-107,,,,none,0,no,90.21,High-quality,,,,未知,0.095,革兰阳性,0.5543
NC_048044_46,depolymerase,Klebsiella,bacteria,Webervirus,Drexlerviridae,894,5.20e-09,1,1,0,none,0,no,100.0,Complete,,,,未知,0.26,CRKP/PA/AB 临床重点菌,0.5542
OY978783_59,depolymerase,Klebsiella,bacteria,Drulisvirus,Autoscriptoviridae,348,1.30e-06,1,0,0,none,0,no,95.87,High-quality,,,,未知,0.365,CRKP/PA/AB 临床重点菌,0.554
NC_019924_22,lysin,Clostridium,bacteria,Unclassified,Unclassified,265,7.10e-10,1,1,1,none,0,no,57.75,Medium-quality,AF-M1ZYW6-F1,91.1,21,未知,0.475,革兰阳性,0.5539
OK655936_63,depolymerase,Klebsiella,bacteria,Webervirus,Drexlerviridae,727,6.80e-07,1,0,0,none,0,no,93.56,High-quality,,,,未知,0.351,CRKP/PA/AB 临床重点菌,0.5538
ON602752_39,depolymerase,Klebsiella,bacteria,Drulisvirus,Autoscriptoviridae,319,9.50e-12,1,0,0,none,0,no,96.13,High-quality,,,,未知,0.134,CRKP/PA/AB 临床重点菌,0.5536
NC_031025_42,depolymerase,Klebsiella,bacteria,Drulisvirus,Autoscriptoviridae,319,3.80e-07,1,0,0,none,0,no,100.0,Complete,,,,未知,0.337,CRKP/PA/AB 临床重点菌,0.5534
PQ843214_63,depolymerase,Klebsiella,bacteria,Webervirus,Drexlerviridae,847,2.30e-08,1,1,0,none,0,no,91.92,High-quality,,,,未知,0.283,CRKP/PA/AB 临床重点菌,0.5534
PX872915.1_47,depolymerase,Klebsiella,bacteria,Webervirus,Drexlerviridae,895,2.40e-09,1,1,0,none,0,no,92.1,High-quality,,,,未知,0.239,CRKP/PA/AB 临床重点菌,0.5533
PX418225.1_380,lysin,Pseudomonas,bacteria,Pawinskivirus,Chimalliviridae,1037,0.00e+00,1,0,1,GH23,1,no,97.89,High-quality,,,,肽聚糖（推断）,0.621,CRKP/PA/AB 临床重点菌,0.5532
PP889460_23,depolymerase,Klebsiella,bacteria,Unclassified,Unclassified,993,3.40e-10,1,1,0,none,0,no,92.03,High-quality,,,,未知,0.2,CRKP/PA/AB 临床重点菌,0.5531
OR287809_44,depolymerase,Klebsiella,bacteria,Drulisvirus,Autoscriptoviridae,603,2.40e-08,1,0,0,none,0,no,100.0,Complete,,,,未知,0.281,CRKP/PA/AB 临床重点菌,0.5529
PX411091_30,depolymerase,Klebsiella,bacteria,Webervirus,Drexlerviridae,993,3.40e-10,1,1,0,none,0,no,100.0,Complete,,,,未知,0.196,CRKP/PA/AB 临床重点菌,0.5525
ON602732_6,depolymerase,Klebsiella,bacteria,Drulisvirus,Autoscriptoviridae,308,1.50e-09,1,0,0,none,0,no,94.3,High-quality,,,,未知,0.224,CRKP/PA/AB 临床重点菌,0.5524
PV891805_70,depolymerase,Klebsiella,bacteria,Webervirus,Drexlerviridae,707,1.90e-11,0,0,1,none,0,no,100.0,Complete,,,,未知,0.272,CRKP/PA/AB 临床重点菌,0.5523
OR532821_48,depolymerase,Klebsiella,bacteria,Unclassified,Unclassified,828,5.00e-06,1,0,0,none,0,no,92.44,High-quality,,,,未知,0.379,CRKP/PA/AB 临床重点菌,0.5522
OR997927_2,depolymerase,Klebsiella,bacteria,Webervirus,Drexlerviridae,792,6.20e-07,,,,none,0,no,92.82,High-quality,,,,未知,0.471,CRKP/PA/AB 临床重点菌,0.552
NC_047811_46,depolymerase,Klebsiella,bacteria,Drulisvirus,Autoscriptoviridae,603,2.40e-08,1,0,0,none,0,no,94.96,High-quality,,,,未知,0.274,CRKP/PA/AB 临床重点菌,0.5519
NC_005354_54,lysin,Lactobacillus,bacteria,Unclassified,Unclassified,316,1.90e-11,1,1,1,GH25,0,no,68.99,Medium-quality,AF-Q65PS2-F1,90.3,12,肽聚糖（推断）,0.0,革兰阳性,0.5519
PZ000751.1_50,depolymerase,Klebsiella,bacteria,Unclassified,Unclassified,846,5.90e-08,1,1,0,none,0,no,93.69,High-quality,,,,未知,0.291,CRKP/PA/AB 临床重点菌,0.5518
PV891804_72,depolymerase,Klebsiella,bacteria,Webervirus,Drexlerviridae,289,3.30e-09,,,,none,0,no,100.0,Complete,,,,未知,0.367,CRKP/PA/AB 临床重点菌,0.5516
PV446873_46,depolymerase,Klebsiella,bacteria,Unclassified,Unclassified,828,5.00e-06,1,0,0,none,0,no,100.0,Complete,,,,未知,0.375,CRKP/PA/AB 临床重点菌,0.5516
ON602762_9,depolymerase,Klebsiella,bacteria,Drulisvirus,Autoscriptoviridae,828,5.00e-06,1,0,0,none,0,no,92.59,High-quality,,,,未知,0.375,CRKP/PA/AB 临床重点菌,0.5516
NC_049840_49,depolymerase,Klebsiella,bacteria,Webervirus,Drexlerviridae,847,2.30e-08,1,1,0,none,0,no,100.0,Complete,,,,未知,0.271,CRKP/PA/AB 临床重点菌,0.5516
OP272493_51,lysin,Enterobacter,bacteria,Kayfunavirus,Autotranscriptaviridae,111,4.60e-24,,,,none,0,no,92.39,High-quality,,,,未知,0.107,其他革兰阴性/细菌,0.5516
PV788071_22,lysin,Clostridium,bacteria,Unclassified,Unclassified,263,7.10e-10,1,1,1,none,0,no,64.74,Medium-quality,AF-M1ZYW6-F1,91.1,21,未知,0.459,革兰阳性,0.5515
PV788090_22,lysin,Clostridium,bacteria,Unclassified,Unclassified,263,7.10e-10,1,1,1,none,0,no,64.37,Medium-quality,AF-M1ZYW6-F1,91.1,21,未知,0.459,革兰阳性,0.5515
OP617742_76,depolymerase,Klebsiella,bacteria,Webervirus,Drexlerviridae,499,1.70e-09,0,0,2,none,0,no,92.16,High-quality,AF-A0A7J5WRU3-F1,85.1,46,未知,0.002,CRKP/PA/AB 临床重点菌,0.5514
MW476489_55,lysin,Lactobacillus,bacteria,Unclassified,Unclassified,315,4.00e-11,1,1,1,GH25,0,no,73.88,Medium-quality,AF-A0AB36X485-F1,91.1,17,肽聚糖（推断）,0.003,革兰阳性,0.5514
PX904473.1_65,depolymerase,Klebsiella,bacteria,Unclassified,Unclassified,734,5.30e-08,1,0,0,none,0,no,93.55,High-quality,,,,未知,0.284,CRKP/PA/AB 临床重点菌,0.5511
OP617742_1,depolymerase,Klebsiella,bacteria,Webervirus,Drexlerviridae,316,1.70e-09,0,0,1,none,0,no,92.16,High-quality,AF-A0A7J5WRU3-F1,85.1,46,未知,0.0,CRKP/PA/AB 临床重点菌,0.5511
OP978315_1,depolymerase,Klebsiella,bacteria,Webervirus,Drexlerviridae,839,2.30e-08,1,1,0,none,0,yes,92.68,High-quality,,,,未知,0.266,CRKP/PA/AB 临床重点菌,0.5508
OY978823_24,depolymerase,Klebsiella,bacteria,Webervirus,Drexlerviridae,893,2.70e-09,1,1,0,none,0,no,91.7,High-quality,,,,未知,0.223,CRKP/PA/AB 临床重点菌,0.5506
OP978314_50,depolymerase,Klebsiella,bacteria,Webervirus,Drexlerviridae,849,2.30e-08,1,1,0,none,0,no,92.68,High-quality,,,,未知,0.264,CRKP/PA/AB 临床重点菌,0.5505
MZ634346_12,depolymerase,Klebsiella,bacteria,Webervirus,Drexlerviridae,893,2.70e-09,1,1,0,none,0,no,100.0,Complete,,,,未知,0.222,CRKP/PA/AB 临床重点菌,0.5504
NC_015263_48,lysin,Lactococcus,bacteria,Audreyjarvisvirus,Unclassified,344,3.10e-06,1,1,1,none,0,no,72.7,Medium-quality,AF-A0ABD7BRR2-F1,84.9,17,未知,0.405,其他革兰阴性/细菌,0.5498
OX335391_30,depolymerase,Klebsiella,bacteria,Webervirus,Drexlerviridae,894,2.70e-09,1,1,0,none,0,no,93.5,High-quality,,,,未知,0.217,CRKP/PA/AB 临床重点菌,0.5497
CAVLHI020000002_38,depolymerase,Unspecified,bacteria,Webervirus,Drexlerviridae,759,3.40e-36,0,0,1,none,0,no,100.0,Complete,,,,未知,0.331,未知,0.5496
MK448702_53,lysin,Streptococcus,bacteria,Unclassified,Unclassified,342,1.50e-08,1,1,1,GH25,0,yes,82.05,Medium-quality,AF-A0A4R5G6F3-F1,83.3,17,肽聚糖（推断）,0.183,革兰阳性,0.5496
NC_047841_72,depolymerase,Klebsiella,bacteria,Webervirus,Drexlerviridae,890,2.70e-09,1,1,0,none,0,no,91.4,High-quality,,,,未知,0.216,CRKP/PA/AB 临床重点菌,0.5495
OX335404_30,depolymerase,Klebsiella,bacteria,Webervirus,Drexlerviridae,848,2.30e-08,1,1,0,none,0,no,91.59,High-quality,,,,未知,0.257,CRKP/PA/AB 临床重点菌,0.5495
PQ046924_66,lysin,Staphylococcus,bacteria,Unclassified,Unclassified,210,6.10e-107,1,0,1,none,0,no,93.5,High-quality,,,,未知,0.062,革兰阳性,0.5493
OP913463_69,lysin,Staphylococcus,bacteria,Unclassified,Herelleviridae,211,6.10e-107,1,0,1,none,0,no,91.34,High-quality,,,,未知,0.062,革兰阳性,0.5493
NC_049838_70,depolymerase,Klebsiella,bacteria,Webervirus,Drexlerviridae,894,2.70e-09,1,1,0,none,0,no,88.82,Medium-quality,,,,未知,0.213,CRKP/PA/AB 临床重点菌,0.5491
PQ046923_167,lysin,Staphylococcus,bacteria,Unclassified,Unclassified,51,6.10e-107,,,,none,0,no,100.0,Complete,,,,未知,0.06,革兰阳性,0.549
PQ505130_57,depolymerase,Klebsiella,bacteria,Webervirus,Drexlerviridae,894,2.70e-09,1,1,0,none,0,no,92.52,High-quality,,,,未知,0.212,CRKP/PA/AB 临床重点菌,0.5489
NC_009817_67,lysin,Lactococcus,bacteria,Chopinvirus,Unclassified,348,5.50e-06,1,1,1,none,0,no,79.4,Medium-quality,AF-A0ABD7BRR2-F1,84.9,17,未知,0.41,其他革兰阴性/细菌,0.5489
PX437953_10,depolymerase,Klebsiella,bacteria,Unclassified,Unclassified,592,1.30e-15,,,,none,0,yes,41.3,Low-quality,,,,未知,0.064,CRKP/PA/AB 临床重点菌,0.5488
OX335423_30,depolymerase,Klebsiella,bacteria,Webervirus,Drexlerviridae,895,2.70e-09,1,1,0,none,0,no,92.61,High-quality,,,,未知,0.21,CRKP/PA/AB 临床重点菌,0.5486
OX335435_30,depolymerase,Klebsiella,bacteria,Webervirus,Drexlerviridae,895,2.70e-09,1,1,0,none,0,no,92.48,High-quality,,,,未知,0.21,CRKP/PA/AB 临床重点菌,0.5486
PV891803_24,depolymerase,Klebsiella,bacteria,Webervirus,Drexlerviridae,894,2.70e-09,1,1,0,none,0,no,100.0,Complete,,,,未知,0.21,CRKP/PA/AB 临床重点菌,0.5486
OR532878_20,depolymerase,Klebsiella,bacteria,Unclassified,Unclassified,848,2.30e-08,1,1,0,none,0,no,93.26,High-quality,,,,未知,0.251,CRKP/PA/AB 临床重点菌,0.5486
OX335439_30,depolymerase,Klebsiella,bacteria,Webervirus,Drexlerviridae,895,2.70e-09,1,1,0,none,0,no,92.61,High-quality,,,,未知,0.209,CRKP/PA/AB 临床重点菌,0.5485
PV891802_30,depolymerase,Klebsiella,bacteria,Webervirus,Drexlerviridae,894,2.70e-09,1,1,0,none,0,no,100.0,Complete,,,,未知,0.209,CRKP/PA/AB 临床重点菌,0.5485
NC_041916_202,lysin,Vibrio,bacteria,Tidunavirus,Chimalliviridae,2325,2.40e-09,1,0,1,GH18/19,2,no,82.21,Medium-quality,,,,肽聚糖（推断）,0.606,其他革兰阴性/细菌,0.5484
PV360689_24,depolymerase,Klebsiella,bacteria,Webervirus,Drexlerviridae,894,2.70e-09,1,1,0,none,0,no,92.83,High-quality,,,,未知,0.208,CRKP/PA/AB 临床重点菌,0.5483
NC_070726_43,lysin,Streptococcus,bacteria,Moineauvirus,Aliceevansviridae,201,1.10e-06,2,0,1,"CAZy(lytic_exoenzyme,class待定);GH(class)",0,no,73.4,Medium-quality,AF-A0A3G6JJY4-F1,83.2,16,肽聚糖（推断）,0.125,革兰阳性,0.5483
NC_071078_25,lysin,Streptococcus,bacteria,Brussowvirus,Aliceevansviridae,462,6.20e-07,2,0,2,GH25,0,no,64.82,Medium-quality,AF-A0A6A8UAT0-F1,84.0,18,肽聚糖（推断）,0.106,革兰阳性,0.5483
OY978778_55,depolymerase,Klebsiella,bacteria,Kaypoctavirus,Schitoviridae,902,6.70e-11,1,0,0,none,0,no,100.0,Complete,,,,未知,0.136,CRKP/PA/AB 临床重点菌,0.5482
OX335418_5,depolymerase,Klebsiella,bacteria,Przondovirus,Autotranscriptaviridae,514,5.90e-10,0,0,1,none,0,no,100.0,Complete,,,,未知,0.711,CRKP/PA/AB 临床重点菌,0.5482
PQ409239_92,depolymerase,Klebsiella,bacteria,Kaypoctavirus,Schitoviridae,164,5.60e-16,,,,none,0,no,93.64,High-quality,,,,未知,0.043,CRKP/PA/AB 临床重点菌,0.5481
NC_071082_26,lysin,Streptococcus,bacteria,Brussowvirus,Aliceevansviridae,462,6.20e-07,2,0,2,GH25,0,no,64.77,Medium-quality,AF-A0A6A8UAT0-F1,84.0,18,肽聚糖（推断）,0.104,革兰阳性,0.548
OP913464_59,lysin,Staphylococcus,bacteria,Unclassified,Herelleviridae,211,6.10e-107,1,0,1,none,0,no,92.04,High-quality,,,,未知,0.053,革兰阳性,0.548
MZ428222_7,depolymerase,Klebsiella,bacteria,Webervirus,Drexlerviridae,876,4.00e-08,1,1,0,none,0,no,83.58,Medium-quality,,,,未知,0.257,CRKP/PA/AB 临床重点菌,0.5479
PQ133620_3,depolymerase,Klebsiella,bacteria,Unclassified,Unclassified,514,5.90e-10,,,,none,0,no,100.0,Complete,,,,未知,0.709,CRKP/PA/AB 临床重点菌,0.5479
OY757061_47,depolymerase,Klebsiella,bacteria,Benllochvirus,Autotranscriptaviridae,513,5.90e-10,,,,none,0,no,90.51,High-quality,,,,未知,0.709,CRKP/PA/AB 临床重点菌,0.5479
OX335398_43,depolymerase,Klebsiella,bacteria,Przondovirus,Autotranscriptaviridae,514,5.90e-10,,,,none,0,no,95.86,High-quality,,,,未知,0.709,CRKP/PA/AB 临床重点菌,0.5479
PQ738176_2,depolymerase,Klebsiella,bacteria,Unclassified,Unclassified,514,5.90e-10,,,,none,0,no,92.65,High-quality,,,,未知,0.709,CRKP/PA/AB 临床重点菌,0.5479
PP889482_41,depolymerase,Klebsiella,bacteria,Unclassified,Unclassified,514,5.90e-10,,,,none,0,no,95.13,High-quality,,,,未知,0.709,CRKP/PA/AB 临床重点菌,0.5479
PQ516282_22,depolymerase,Acinetobacter,bacteria,Unclassified,Unclassified,231,2.00e-07,,,,none,0,no,67.1,Medium-quality,,,,未知,0.421,CRKP/PA/AB 临床重点菌,0.5478
OX335409_5,depolymerase,Klebsiella,bacteria,Przondovirus,Autotranscriptaviridae,514,5.90e-10,,,,none,0,no,100.0,Complete,,,,未知,0.707,CRKP/PA/AB 临床重点菌,0.5476
NC_019915_65,lysin,Staphylococcus,bacteria,Unclassified,Unclassified,271,9.90e-34,2,1,1,none,0,no,83.07,Medium-quality,,,,未知,0.048,革兰阳性,0.5472
MZ417354_19,lysin,Staphylococcus,bacteria,Unclassified,Herelleviridae,211,6.10e-107,1,0,1,none,0,no,100.0,Complete,,,,未知,0.048,革兰阳性,0.5472
PP738758_22,depolymerase,Klebsiella,bacteria,Unclassified,Unclassified,894,5.30e-08,1,1,0,none,0,no,91.11,High-quality,,,,未知,0.257,CRKP/PA/AB 临床重点菌,0.5471
OR148035_65,depolymerase,Klebsiella,bacteria,Webervirus,Drexlerviridae,876,4.00e-08,1,1,0,none,0,no,92.27,High-quality,,,,未知,0.252,CRKP/PA/AB 临床重点菌,0.5471
OQ627806_38,lysin,Lactobacillus,bacteria,Unclassified,Unclassified,95,2.00e-48,,,,none,0,no,50.26,Medium-quality,,,,未知,0.047,革兰阳性,0.5471
MN395285_18,depolymerase,Klebsiella,bacteria,Webervirus,Drexlerviridae,974,2.90e-10,1,1,0,none,0,no,100.0,Complete,,,,未知,0.156,CRKP/PA/AB 临床重点菌,0.547
OY978805_22,depolymerase,Klebsiella,bacteria,Webervirus,Drexlerviridae,928,1.60e-08,1,1,0,none,0,no,91.98,High-quality,,,,未知,0.232,CRKP/PA/AB 临床重点菌,0.5468
AP017925_39,lysin,Ralstonia,bacteria,Ripduovirus,Chimalliviridae,2503,1.10e-22,1,0,1,none,3,no,94.19,High-quality,,,,未知,0.003,其他革兰阴性/细菌,0.5468
OX335387_30,depolymerase,Klebsiella,bacteria,Webervirus,Drexlerviridae,876,4.00e-08,1,1,0,none,0,no,89.74,Medium-quality,,,,未知,0.249,CRKP/PA/AB 临床重点菌,0.5467
MZ221764_23,depolymerase,Klebsiella,bacteria,Webervirus,Drexlerviridae,876,4.00e-08,1,1,0,none,0,no,91.8,High-quality,,,,未知,0.249,CRKP/PA/AB 临床重点菌,0.5467
MZ417319_1,lysin,Staphylococcus,bacteria,Unclassified,Herelleviridae,179,6.10e-107,1,0,0,none,0,no,100.0,Complete,,,,未知,0.045,革兰阳性,0.5467
PV189482_9,depolymerase,Klebsiella,bacteria,Unclassified,Unclassified,329,3.80e-07,1,0,0,none,0,yes,36.73,Low-quality,,,,未知,0.292,CRKP/PA/AB 临床重点菌,0.5466
OL474125_35,depolymerase,Klebsiella,bacteria,Drulisvirus,Autoscriptoviridae,319,3.80e-07,1,0,0,none,0,no,96.11,High-quality,,,,未知,0.292,CRKP/PA/AB 临床重点菌,0.5466
PQ657835_53,depolymerase,Klebsiella,bacteria,Unclassified,Unclassified,319,3.80e-07,1,0,0,none,0,no,93.58,High-quality,,,,未知,0.292,CRKP/PA/AB 临床重点菌,0.5466
NC_047907_15,depolymerase,Klebsiella,bacteria,Webervirus,Drexlerviridae,973,2.90e-10,1,1,0,none,0,no,100.0,Complete,,,,未知,0.153,CRKP/PA/AB 临床重点菌,0.5465
NC_041911_43,lysin,Ralstonia,bacteria,Ripduovirus,Chimalliviridae,2501,1.10e-22,1,0,1,none,3,no,95.07,High-quality,,,,未知,0.0,其他革兰阴性/细菌,0.5464
MZ417331_112,lysin,Staphylococcus,bacteria,Unclassified,Herelleviridae,211,6.10e-107,1,0,1,none,0,no,100.0,Complete,,,,未知,0.043,革兰阳性,0.5464
MT080594_58,lysin,Staphylococcus,bacteria,Unclassified,Herelleviridae,211,6.10e-107,1,0,1,none,0,no,100.0,Complete,,,,未知,0.043,革兰阳性,0.5464
PX833368.1_22,depolymerase,Klebsiella,bacteria,Unclassified,Unclassified,848,2.30e-08,1,1,0,none,0,no,90.24,High-quality,,,,未知,0.235,CRKP/PA/AB 临床重点菌,0.5462
KY653124_65,lysin,Staphylococcus,bacteria,Unclassified,Unclassified,316,1.30e-16,2,1,2,none,0,no,100.0,Complete,AF-A0A8B2ZJR5-F1,88.9,38,未知,0.013,革兰阳性,0.5462
MN091625_35,lysin,Staphylococcus,bacteria,Unclassified,Herelleviridae,52,6.10e-107,,,,none,0,no,90.42,High-quality,,,,未知,0.041,革兰阳性,0.5462
PP889496_23,depolymerase,Klebsiella,bacteria,Unclassified,Unclassified,894,2.70e-09,1,1,0,none,0,no,92.69,High-quality,,,,未知,0.193,CRKP/PA/AB 临床重点菌,0.5461
PP889493_52,depolymerase,Klebsiella,bacteria,Unclassified,Unclassified,319,3.80e-07,1,0,0,none,0,no,95.07,High-quality,,,,未知,0.288,CRKP/PA/AB 临床重点菌,0.546
PQ657833_53,depolymerase,Klebsiella,bacteria,Unclassified,Unclassified,319,3.80e-07,1,0,0,none,0,no,92.82,High-quality,,,,未知,0.288,CRKP/PA/AB 临床重点菌,0.546
OR287810_47,depolymerase,Klebsiella,bacteria,Drulisvirus,Autoscriptoviridae,319,3.80e-07,1,0,0,none,0,no,100.0,Complete,,,,未知,0.288,CRKP/PA/AB 临床重点菌,0.546
NC_047783_48,depolymerase,Klebsiella,bacteria,Drulisvirus,Autoscriptoviridae,319,3.80e-07,1,0,0,none,0,no,100.0,Complete,,,,未知,0.288,CRKP/PA/AB 临床重点菌,0.546
PV069682_13,lysin,Staphylococcus,bacteria,Unclassified,Unclassified,130,1.80e-95,1,0,1,none,0,no,91.33,High-quality,,,,未知,0.039,革兰阳性,0.5459
NC_027399_533,depolymerase,Klebsiella,bacteria,Alcyoneusvirus,Unclassified,652,4.40e-13,0,0,1,none,0,no,90.19,High-quality,,,,未知,0.556,CRKP/PA/AB 临床重点菌,0.5458
NC_070714_22,lysin,Streptococcus,bacteria,Moineauvirus,Aliceevansviridae,462,6.20e-07,2,0,2,GH25,0,no,66.33,Medium-quality,AF-A0A6A8UAT0-F1,84.0,18,肽聚糖（推断）,0.089,革兰阳性,0.5457
MZ417345_88,lysin,Staphylococcus,bacteria,Unclassified,Herelleviridae,210,6.10e-107,1,0,1,none,0,no,100.0,Complete,,,,未知,0.038,革兰阳性,0.5457
MN091625_39,lysin,Staphylococcus,bacteria,Unclassified,Herelleviridae,210,6.10e-107,1,0,1,none,0,no,90.42,High-quality,,,,未知,0.038,革兰阳性,0.5457
OP297178_33,lysin,Staphylococcus,bacteria,Unclassified,Herelleviridae,297,6.10e-107,2,1,1,none,0,no,100.0,Complete,,,,未知,0.038,革兰阳性,0.5457
NC_070673_24,lysin,Streptococcus,bacteria,Moineauvirus,Aliceevansviridae,462,6.20e-07,2,0,2,GH25,0,no,71.31,Medium-quality,AF-A0A6A8UAT0-F1,84.0,18,肽聚糖（推断）,0.087,革兰阳性,0.5454
OQ622006_46,depolymerase,Klebsiella,bacteria,Webervirus,Drexlerviridae,809,4.30e-08,,,,none,0,no,93.49,High-quality,,,,未知,0.374,CRKP/PA/AB 临床重点菌,0.5452
PX670401.1_56,depolymerase,Klebsiella,bacteria,Unclassified,Unclassified,319,3.80e-07,1,0,0,none,0,no,95.46,High-quality,,,,未知,0.281,CRKP/PA/AB 临床重点菌,0.545
NC_047748_49,depolymerase,Klebsiella,bacteria,Drulisvirus,Autoscriptoviridae,319,3.80e-07,1,0,0,none,0,no,100.0,Complete,,,,未知,0.281,CRKP/PA/AB 临床重点菌,0.545
PP974226_48,depolymerase,Klebsiella,bacteria,Drulisvirus,Autoscriptoviridae,319,3.80e-07,1,0,0,none,0,no,100.0,Complete,,,,未知,0.281,CRKP/PA/AB 临床重点菌,0.545
OL741057_162,lysin,Staphylococcus,bacteria,Unclassified,Herelleviridae,211,6.10e-107,1,0,1,none,0,no,91.25,High-quality,,,,未知,0.033,革兰阳性,0.545
NC_047787_10,depolymerase,Klebsiella,bacteria,Drulisvirus,Autoscriptoviridae,319,1.30e-06,1,0,0,none,0,no,92.02,High-quality,,,,未知,0.303,CRKP/PA/AB 临床重点菌,0.5447
NC_022775_7,lysin,Lactobacillus,bacteria,Unclassified,Unclassified,295,2.80e-06,1,1,1,GH25,0,no,65.71,Medium-quality,AF-A0A3G6K3I3-F1,92.1,14,肽聚糖（推断）,0.163,革兰阳性,0.5446
PV827585_58,depolymerase,Klebsiella,bacteria,Unclassified,Unclassified,874,1.50e-07,1,1,0,none,0,no,91.43,High-quality,,,,未知,0.26,CRKP/PA/AB 临床重点菌,0.5445
PX670400.1_52,depolymerase,Klebsiella,bacteria,Unclassified,Unclassified,319,3.80e-07,1,0,0,none,0,no,95.22,High-quality,,,,未知,0.277,CRKP/PA/AB 临床重点菌,0.5444
OP441381_6,depolymerase,Klebsiella,bacteria,Drulisvirus,Autoscriptoviridae,319,3.80e-07,1,0,0,none,0,no,100.0,Complete,,,,未知,0.277,CRKP/PA/AB 临床重点菌,0.5444
PP755156_58,depolymerase,Klebsiella,bacteria,Unclassified,Unclassified,319,3.80e-07,1,0,0,none,0,no,96.62,High-quality,,,,未知,0.277,CRKP/PA/AB 临床重点菌,0.5444
LC557520_140,lysin,Staphylococcus,bacteria,Baoshanvirus,Herelleviridae,296,6.10e-107,2,1,1,none,0,no,92.07,High-quality,,,,未知,0.029,革兰阳性,0.5444
PV402687_52,depolymerase,Klebsiella,bacteria,Unclassified,Unclassified,894,2.70e-09,1,1,0,none,0,no,92.69,High-quality,,,,未知,0.181,CRKP/PA/AB 临床重点菌,0.5443
PQ374180_25,depolymerase,Klebsiella,bacteria,Unclassified,Unclassified,319,1.30e-06,1,0,0,none,0,no,100.0,Complete,,,,未知,0.3,CRKP/PA/AB 临床重点菌,0.5442
PP978613_45,depolymerase,Klebsiella,bacteria,Unclassified,Unclassified,308,1.20e-06,1,0,0,none,0,no,100.0,Complete,,,,未知,0.296,CRKP/PA/AB 临床重点菌,0.5439
OK562429_48,depolymerase,Klebsiella,bacteria,Drulisvirus,Autoscriptoviridae,308,1.20e-06,1,0,0,none,0,no,96.58,High-quality,,,,未知,0.296,CRKP/PA/AB 临床重点菌,0.5439
PX670399.1_53,depolymerase,Klebsiella,bacteria,Unclassified,Unclassified,319,3.80e-07,1,0,0,none,0,no,92.74,High-quality,,,,未知,0.273,CRKP/PA/AB 临床重点菌,0.5438
NC_047724_74,lysin,Staphylococcus,bacteria,Kayvirus,Herelleviridae,210,6.10e-107,1,0,1,none,0,no,100.0,Complete,,,,未知,0.024,革兰阳性,0.5436
MK448723_67,lysin,Streptococcus,bacteria,Unclassified,Unclassified,240,2.10e-06,1,0,1,GH(class),0,no,76.92,Medium-quality,AF-A0A1A9E009-F1,90.8,10,肽聚糖（推断）,0.163,革兰阳性,0.5435
OR354848_37,lysin,Staphylococcus,bacteria,Unclassified,Unclassified,262,9.90e-34,2,1,1,none,0,no,80.9,Medium-quality,,,,未知,0.023,革兰阳性,0.5434
PP974225_47,depolymerase,Klebsiella,bacteria,Drulisvirus,Autoscriptoviridae,319,3.80e-07,1,0,0,none,0,no,100.0,Complete,,,,未知,0.27,CRKP/PA/AB 临床重点菌,0.5433
NC_007804_23,depolymerase,Escherichia,bacteria,Uetakevirus,Unclassified,876,1.50e-12,1,0,0,none,0,no,65.77,Medium-quality,AF-A0AAV3I3M0-F1,92.9,44,未知,0.001,其他革兰阴性/细菌,0.5433
PQ046924_67,lysin,Staphylococcus,bacteria,Unclassified,Unclassified,52,4.10e-57,,,,none,0,no,93.5,High-quality,,,,未知,0.021,革兰阳性,0.5432
MZ417347_208,lysin,Staphylococcus,bacteria,Unclassified,Herelleviridae,100,6.10e-107,,,,none,0,no,92.46,High-quality,,,,未知,0.02,革兰阳性,0.543
PQ133006_42,depolymerase,Klebsiella,bacteria,Drulisvirus,Autoscriptoviridae,329,2.10e-06,1,0,0,none,0,yes,93.45,High-quality,,,,未知,0.3,CRKP/PA/AB 临床重点菌,0.5429
MK135468_10,depolymerase,Klebsiella,bacteria,Drulisvirus,Autoscriptoviridae,308,1.20e-06,1,0,0,none,0,no,94.1,High-quality,,,,未知,0.289,CRKP/PA/AB 临床重点菌,0.5428
PQ571305_7,lysin,Streptococcus,bacteria,Unclassified,Unclassified,462,6.20e-07,2,0,2,GH25,0,no,100.0,Complete,AF-A0A6A8UAT0-F1,84.0,18,肽聚糖（推断）,0.069,革兰阳性,0.5427
CAVLHH020000002_41,depolymerase,Unspecified,bacteria,Przondovirus,Autotranscriptaviridae,876,5.80e-57,2,0,1,none,0,no,100.0,Complete,,,,未知,0.284,未知,0.5426
OP142323_27,lysin,Staphylococcus,bacteria,Unclassified,Unclassified,432,3.40e-09,3,1,2,none,0,yes,83.31,Medium-quality,AF-G5JHA5-F1,90.2,30,未知,0.172,革兰阳性,0.5426
OR532898_52,depolymerase,Klebsiella,bacteria,Unclassified,Unclassified,542,2.30e-09,1,0,0,none,2,no,94.19,High-quality,,,,未知,0.166,CRKP/PA/AB 临床重点菌,0.5425
PV340598_22,depolymerase,Klebsiella,bacteria,Webervirus,Drexlerviridae,895,1.70e-08,1,1,0,none,0,no,92.64,High-quality,,,,未知,0.205,CRKP/PA/AB 临床重点菌,0.5425
OP902294_127,lysin,Staphylococcus,bacteria,Unclassified,Unclassified,224,6.10e-107,1,1,1,none,0,no,90.21,High-quality,,,,未知,0.016,革兰阳性,0.5424
PP882722_31,depolymerase,Klebsiella,bacteria,Drulisvirus,Autoscriptoviridae,329,2.10e-06,1,0,0,none,0,yes,100.0,Complete,,,,未知,0.296,CRKP/PA/AB 临床重点菌,0.5423
ON325435_25,lysin,Staphylococcus,bacteria,Unclassified,Unclassified,472,3.40e-09,3,1,2,none,0,no,83.47,Medium-quality,AF-G5JHA5-F1,90.2,30,未知,0.17,革兰阳性,0.5423
MN176572_41,depolymerase,Klebsiella,bacteria,Drulisvirus,Autoscriptoviridae,531,2.30e-09,1,0,0,none,2,no,92.51,High-quality,,,,未知,0.164,CRKP/PA/AB 临床重点菌,0.5422
MZ428228_2,depolymerase,Klebsiella,bacteria,Webervirus,Drexlerviridae,895,1.70e-08,1,1,0,none,0,no,90.89,High-quality,,,,未知,0.202,CRKP/PA/AB 临床重点菌,0.5421
PV956270_27,lysin,Staphylococcus,bacteria,Unclassified,Unclassified,426,3.40e-09,3,1,2,none,0,yes,83.33,Medium-quality,AF-G5JHA5-F1,90.2,30,未知,0.169,革兰阳性,0.5421
PV956269_27,lysin,Staphylococcus,bacteria,Unclassified,Unclassified,426,3.40e-09,3,1,2,none,0,yes,84.03,Medium-quality,AF-G5JHA5-F1,90.2,30,未知,0.169,革兰阳性,0.5421
PV956271_27,lysin,Staphylococcus,bacteria,Unclassified,Unclassified,426,3.40e-09,3,1,2,none,0,yes,83.36,Medium-quality,AF-G5JHA5-F1,90.2,30,未知,0.169,革兰阳性,0.5421
LC648442_102,lysin,Staphylococcus,bacteria,Unclassified,Herelleviridae,290,6.10e-107,2,1,1,none,0,no,92.87,High-quality,,,,未知,0.014,革兰阳性,0.5421
PX550016_71,depolymerase,Klebsiella,bacteria,Unclassified,Unclassified,530,7.10e-09,,,,none,0,yes,91.72,High-quality,,,,未知,0.318,CRKP/PA/AB 临床重点菌,0.542
PQ519586_67,depolymerase,Klebsiella,bacteria,Webervirus,Drexlerviridae,690,7.10e-09,,,,none,0,no,91.5,High-quality,,,,未知,0.318,CRKP/PA/AB 临床重点菌,0.542
MZ208805_49,depolymerase,Klebsiella,bacteria,Drulisvirus,Autoscriptoviridae,531,2.30e-09,1,0,0,none,1,no,97.21,High-quality,,,,未知,0.162,CRKP/PA/AB 临床重点菌,0.5419
PV593634_251,lysin,Shewanella,bacteria,Unclassified,Unclassified,2425,6.30e-18,0,0,1,none,2,no,92.41,High-quality,,,,未知,0.315,其他革兰阴性/细菌,0.5419
OX335422_31,depolymerase,Klebsiella,bacteria,Webervirus,Drexlerviridae,691,2.40e-08,1,1,0,none,0,no,91.96,High-quality,,,,未知,0.206,CRKP/PA/AB 临床重点菌,0.5417
PQ133615_9,depolymerase,Klebsiella,bacteria,Unclassified,Unclassified,329,2.10e-06,1,0,0,none,0,yes,100.0,Complete,,,,未知,0.292,CRKP/PA/AB 临床重点菌,0.5417
OR532832_47,depolymerase,Klebsiella,bacteria,Unclassified,Unclassified,319,2.10e-06,1,0,0,none,0,no,94.03,High-quality,,,,未知,0.292,CRKP/PA/AB 临床重点菌,0.5417
PP934444_7,depolymerase,Klebsiella,bacteria,Drulisvirus,Autoscriptoviridae,329,2.10e-06,1,0,0,none,0,yes,100.0,Complete,,,,未知,0.292,CRKP/PA/AB 临床重点菌,0.5417
PP889474_53,depolymerase,Klebsiella,bacteria,Unclassified,Unclassified,329,2.10e-06,1,0,0,none,0,yes,93.54,High-quality,,,,未知,0.292,CRKP/PA/AB 临床重点菌,0.5417
OR983332_48,depolymerase,Klebsiella,bacteria,Drulisvirus,Autoscriptoviridae,319,2.10e-06,1,0,0,none,0,no,93.85,High-quality,,,,未知,0.292,CRKP/PA/AB 临床重点菌,0.5417
OY979418_23,depolymerase,Klebsiella,bacteria,Webervirus,Drexlerviridae,895,1.70e-08,1,1,0,none,0,no,90.79,High-quality,,,,未知,0.199,CRKP/PA/AB 临床重点菌,0.5416
MW825358_3,lysin,Xanthomonas,bacteria,Unclassified,Unclassified,2460,5.90e-13,1,0,1,GH23,4,no,99.85,High-quality,,,,肽聚糖（推断）,0.0,其他革兰阴性/细菌,0.5415
MN830257_43,lysin,Lactobacillus,bacteria,Unclassified,Unclassified,312,5.30e-10,1,1,1,GH25,0,no,66.45,Medium-quality,AF-A0A6P1EXY0-F1,89.8,17,肽聚糖（推断）,0.0,革兰阳性,0.5415
MK448980_51,lysin,Streptococcus,bacteria,Unclassified,Aliceevansviridae,462,6.20e-07,2,0,2,GH25,0,no,79.59,Medium-quality,AF-A0A6A8UAT0-F1,84.0,18,肽聚糖（推断）,0.061,革兰阳性,0.5415
OR532900_54,depolymerase,Klebsiella,bacteria,Unclassified,Unclassified,542,2.30e-09,1,0,0,none,2,no,95.27,High-quality,,,,未知,0.159,CRKP/PA/AB 临床重点菌,0.5414
KX356064.1_75,lysin,Staphylococcus,bacteria,Twortvirus,Herelleviridae,118,6.10e-107,,,,none,0,no,92.01,High-quality,,,,未知,0.009,革兰阳性,0.5413
PQ657831_46,depolymerase,Klebsiella,bacteria,Unclassified,Unclassified,550,3.10e-08,1,0,0,none,0,no,92.24,High-quality,,,,未知,0.207,CRKP/PA/AB 临床重点菌,0.5411
PP978610_47,depolymerase,Klebsiella,bacteria,Unclassified,Unclassified,542,2.30e-09,1,0,0,none,0,no,100.0,Complete,,,,未知,0.157,CRKP/PA/AB 临床重点菌,0.5411
MZ602146_47,depolymerase,Klebsiella,bacteria,Drulisvirus,Autoscriptoviridae,319,2.10e-06,1,0,0,none,0,no,100.0,Complete,,,,未知,0.288,CRKP/PA/AB 临床重点菌,0.5411
PP663283_44,depolymerase,Klebsiella,bacteria,Drulisvirus,Autoscriptoviridae,319,2.10e-06,1,0,0,none,0,no,94.95,High-quality,,,,未知,0.288,CRKP/PA/AB 临床重点菌,0.5411
PQ530295_47,depolymerase,Klebsiella,bacteria,Drulisvirus,Autoscriptoviridae,329,2.10e-06,1,0,0,none,0,yes,93.87,High-quality,,,,未知,0.288,CRKP/PA/AB 临床重点菌,0.5411
OR532837_46,depolymerase,Klebsiella,bacteria,Unclassified,Unclassified,319,2.10e-06,1,0,0,none,0,no,93.57,High-quality,,,,未知,0.288,CRKP/PA/AB 临床重点菌,0.5411
MT939252_53,depolymerase,Klebsiella,bacteria,Drulisvirus,Autoscriptoviridae,319,2.10e-06,1,0,0,none,0,no,100.0,Complete,,,,未知,0.288,CRKP/PA/AB 临床重点菌,0.5411
PV593504_51,depolymerase,Klebsiella,bacteria,Unclassified,Unclassified,319,2.10e-06,1,0,0,none,0,no,95.39,High-quality,,,,未知,0.288,CRKP/PA/AB 临床重点菌,0.5411
OX335428_45,depolymerase,Klebsiella,bacteria,Drulisvirus,Autoscriptoviridae,319,2.10e-06,1,0,0,none,0,no,100.0,Complete,,,,未知,0.288,CRKP/PA/AB 临床重点菌,0.5411
OY979411_56,depolymerase,Klebsiella,bacteria,Drulisvirus,Autoscriptoviridae,319,2.10e-06,1,0,0,none,0,no,100.0,Complete,,,,未知,0.288,CRKP/PA/AB 临床重点菌,0.5411
NC_025418_45,depolymerase,Klebsiella,bacteria,Drulisvirus,Autoscriptoviridae,319,2.10e-06,1,0,0,none,0,no,94.89,High-quality,,,,未知,0.288,CRKP/PA/AB 临床重点菌,0.5411
PX733326.1_45,depolymerase,Klebsiella,bacteria,Drulisvirus,Autoscriptoviridae,319,2.10e-06,1,0,0,none,0,no,94.5,High-quality,,,,未知,0.288,CRKP/PA/AB 临床重点菌,0.5411
ON550478_27,lysin,Staphylococcus,bacteria,Unclassified,Unclassified,432,3.40e-09,3,1,2,none,0,yes,84.13,Medium-quality,AF-G5JHA5-F1,90.2,30,未知,0.162,革兰阳性,0.5411
PV956268_27,lysin,Staphylococcus,bacteria,Unclassified,Unclassified,426,3.40e-09,3,1,2,none,0,yes,84.15,Medium-quality,AF-G5JHA5-F1,90.2,30,未知,0.162,革兰阳性,0.5411
PV231794_41,depolymerase,Klebsiella,bacteria,Drulisvirus,Autoscriptoviridae,309,3.80e-07,1,0,0,none,0,no,90.4,High-quality,,,,未知,0.254,CRKP/PA/AB 临床重点菌,0.5409
OX335421_32,depolymerase,Klebsiella,bacteria,Webervirus,Drexlerviridae,691,2.40e-08,1,1,0,none,0,no,86.63,Medium-quality,,,,未知,0.2,CRKP/PA/AB 临床重点菌,0.5408
KX356064.1_74,lysin,Staphylococcus,bacteria,Twortvirus,Herelleviridae,296,6.10e-107,2,1,1,none,0,no,92.01,High-quality,,,,未知,0.005,革兰阳性,0.5407
PQ678706_22,depolymerase,Klebsiella,bacteria,Unclassified,Unclassified,319,2.10e-06,1,0,0,none,0,no,92.87,High-quality,,,,未知,0.285,CRKP/PA/AB 临床重点菌,0.5406
NC_031246_43,depolymerase,Klebsiella,bacteria,Drulisvirus,Autoscriptoviridae,319,2.10e-06,1,0,0,none,0,no,100.0,Complete,,,,未知,0.285,CRKP/PA/AB 临床重点菌,0.5406
OR532838_52,depolymerase,Klebsiella,bacteria,Unclassified,Unclassified,531,2.30e-09,1,0,0,none,0,no,94.22,High-quality,,,,未知,0.153,CRKP/PA/AB 临床重点菌,0.5405
OR532820_21,depolymerase,Klebsiella,bacteria,Unclassified,Unclassified,895,4.00e-08,1,1,0,none,0,no,92.26,High-quality,,,,未知,0.208,CRKP/PA/AB 临床重点菌,0.5405
OU509533_46,depolymerase,Klebsiella,bacteria,Unclassified,Unclassified,542,2.30e-09,1,0,0,none,2,no,100.0,Complete,,,,未知,0.152,CRKP/PA/AB 临床重点菌,0.5404
OU509534_48,depolymerase,Klebsiella,bacteria,Unclassified,Unclassified,542,2.30e-09,1,0,0,none,1,no,100.0,Complete,,,,未知,0.152,CRKP/PA/AB 临床重点菌,0.5404
PQ337356_22,depolymerase,Klebsiella,bacteria,Unclassified,Unclassified,697,7.10e-09,,,,none,0,no,91.96,High-quality,,,,未知,0.306,CRKP/PA/AB 临床重点菌,0.5402
OX335412_31,depolymerase,Klebsiella,bacteria,Webervirus,Drexlerviridae,670,4.10e-08,1,1,0,none,0,yes,91.42,High-quality,,,,未知,0.206,CRKP/PA/AB 临床重点菌,0.5401
MW546074_76,lysin,Staphylococcus,bacteria,Kayvirus,Herelleviridae,211,6.10e-107,1,0,1,none,0,no,97.1,High-quality,,,,未知,0.0,革兰阳性,0.54
NC_047731_87,lysin,Staphylococcus,bacteria,Kayvirus,Herelleviridae,172,6.10e-107,1,0,0,none,0,no,91.39,High-quality,,,,未知,0.0,革兰阳性,0.54
MZ417319_204,lysin,Staphylococcus,bacteria,Unclassified,Herelleviridae,56,6.10e-107,0,0,1,none,0,no,100.0,Complete,,,,未知,0.0,革兰阳性,0.54
PX550014_73,lysin,Staphylococcus,bacteria,Unclassified,Unclassified,210,6.10e-107,1,0,1,none,0,no,90.2,High-quality,,,,未知,0.0,革兰阳性,0.54
LC557520_142,lysin,Staphylococcus,bacteria,Baoshanvirus,Herelleviridae,51,6.10e-107,,,,none,0,no,92.07,High-quality,,,,未知,0.0,革兰阳性,0.54
OQ981145_194,lysin,Staphylococcus,bacteria,Kayvirus,Herelleviridae,118,6.10e-107,0,0,1,none,0,no,92.47,High-quality,,,,未知,0.0,革兰阳性,0.54
MN091625_37,lysin,Staphylococcus,bacteria,Unclassified,Herelleviridae,68,6.10e-107,0,0,1,none,0,no,90.42,High-quality,,,,未知,0.0,革兰阳性,0.54
OR532813_20,depolymerase,Klebsiella,bacteria,Unclassified,Unclassified,697,7.10e-09,,,,none,0,no,83.69,Medium-quality,,,,未知,0.304,CRKP/PA/AB 临床重点菌,0.5399
NC_048043_51,depolymerase,Klebsiella,bacteria,Webervirus,Drexlerviridae,972,3.90e-08,1,1,0,none,0,no,93.42,High-quality,,,,未知,0.201,CRKP/PA/AB 临床重点菌,0.5395
PP374644_20,depolymerase,Klebsiella,bacteria,Webervirus,Drexlerviridae,895,1.20e-08,1,1,0,none,0,no,100.0,Complete,,,,未知,0.178,CRKP/PA/AB 临床重点菌,0.5395
PV067904_17,depolymerase,Klebsiella,bacteria,Webervirus,Drexlerviridae,895,1.20e-08,1,1,0,none,0,no,100.0,Complete,,,,未知,0.178,CRKP/PA/AB 临床重点菌,0.5395
PX241558_45,depolymerase,Klebsiella,bacteria,Unclassified,Unclassified,895,1.20e-08,1,1,0,none,0,no,100.0,Complete,,,,未知,0.177,CRKP/PA/AB 临床重点菌,0.5394
MZ598515_22,depolymerase,Klebsiella,bacteria,Webervirus,Drexlerviridae,846,4.70e-07,,,,none,0,no,94.0,High-quality,,,,未知,0.381,CRKP/PA/AB 临床重点菌,0.5393
NC_009554_32,lysin,Lactobacillus,bacteria,Unclassified,Unclassified,299,3.40e-06,1,1,1,GH25,0,no,61.99,Medium-quality,AF-A0A3G6K3I3-F1,92.1,14,肽聚糖（推断）,0.131,革兰阳性,0.5393
NC_070650_228,depolymerase,Klebsiella,bacteria,Eowynvirus,Chimalliviridae,592,1.30e-15,,,,none,0,yes,100.0,Complete,,,,未知,0.0,CRKP/PA/AB 临床重点菌,0.5392
OM328157_24,depolymerase,Klebsiella,bacteria,Webervirus,Drexlerviridae,846,4.70e-07,,,,none,0,no,88.7,Medium-quality,,,,未知,0.38,CRKP/PA/AB 临床重点菌,0.5392
LR757892_55,depolymerase,Klebsiella,bacteria,Webervirus,Drexlerviridae,895,1.20e-08,1,1,0,none,0,no,100.0,Complete,,,,未知,0.175,CRKP/PA/AB 临床重点菌,0.5391
OP219460_28,lysin,Yersinia,bacteria,Unclassified,Unclassified,1512,0.00e+00,1,1,1,GH23,0,no,93.94,High-quality,,,,肽聚糖（推断）,0.527,其他革兰阴性/细菌,0.5391
PV357749_6,depolymerase,Klebsiella,bacteria,Unclassified,Unclassified,531,2.30e-09,1,0,0,none,0,no,100.0,Complete,,,,未知,0.143,CRKP/PA/AB 临床重点菌,0.539
MT090077_52,depolymerase,Klebsiella,bacteria,Drulisvirus,Autoscriptoviridae,531,2.30e-09,1,0,0,none,0,no,96.34,High-quality,,,,未知,0.142,CRKP/PA/AB 临床重点菌,0.5389
PV189485_18,depolymerase,Klebsiella,bacteria,Drulisvirus,Autoscriptoviridae,318,2.60e-06,1,0,0,none,0,yes,95.98,High-quality,,,,未知,0.277,CRKP/PA/AB 临床重点菌,0.5388
OX335411_31,depolymerase,Klebsiella,bacteria,Webervirus,Drexlerviridae,895,1.20e-08,1,1,0,none,0,no,93.12,High-quality,,,,未知,0.173,CRKP/PA/AB 临床重点菌,0.5388
MK448979_52,lysin,Streptococcus,bacteria,Unclassified,Unclassified,462,6.20e-07,2,0,2,GH25,0,no,79.56,Medium-quality,AF-A0A6A8UAT0-F1,84.0,18,肽聚糖（推断）,0.043,革兰阳性,0.5388
MZ428226_1,depolymerase,Klebsiella,bacteria,Webervirus,Drexlerviridae,640,3.10e-08,1,0,0,none,0,no,91.02,High-quality,,,,未知,0.191,CRKP/PA/AB 临床重点菌,0.5387
OY979469_23,depolymerase,Klebsiella,bacteria,Webervirus,Drexlerviridae,853,4.70e-07,,,,none,0,no,92.63,High-quality,,,,未知,0.377,CRKP/PA/AB 临床重点菌,0.5387
PP738767_22,depolymerase,Klebsiella,bacteria,Unclassified,Unclassified,846,4.70e-07,,,,none,0,no,94.6,High-quality,,,,未知,0.377,CRKP/PA/AB 临床重点菌,0.5387
PP738770_22,depolymerase,Klebsiella,bacteria,Unclassified,Unclassified,846,4.70e-07,,,,none,0,no,94.77,High-quality,,,,未知,0.377,CRKP/PA/AB 临床重点菌,0.5387
OR238371_21,lysin,Streptococcus,bacteria,Unclassified,Unclassified,467,5.60e-08,2,0,2,GH25,0,yes,86.43,Medium-quality,AF-A0AAW7QHW4-F1,83.6,22,肽聚糖（推断）,0.0,革兰阳性,0.5387
PP994489_6,depolymerase,Klebsiella,bacteria,Unclassified,Unclassified,531,2.30e-09,1,0,0,none,2,no,94.68,High-quality,,,,未知,0.14,CRKP/PA/AB 临床重点菌,0.5386
OR896853_23,depolymerase,Klebsiella,bacteria,Webervirus,Drexlerviridae,895,1.20e-08,1,1,0,none,0,no,92.69,High-quality,,,,未知,0.172,CRKP/PA/AB 临床重点菌,0.5386
PQ859379_30,depolymerase,Klebsiella,bacteria,Webervirus,Drexlerviridae,895,1.20e-08,1,1,0,none,0,no,92.43,High-quality,,,,未知,0.171,CRKP/PA/AB 临床重点菌,0.5385
PQ133618_45,depolymerase,Klebsiella,bacteria,Unclassified,Unclassified,846,4.70e-07,,,,none,0,no,94.52,High-quality,,,,未知,0.375,CRKP/PA/AB 临床重点菌,0.5384
OR532906_50,depolymerase,Klebsiella,bacteria,Unclassified,Unclassified,531,2.30e-09,1,0,0,none,2,no,96.66,High-quality,,,,未知,0.138,CRKP/PA/AB 临床重点菌,0.5383
OY757093_24,depolymerase,Klebsiella,bacteria,Webervirus,Drexlerviridae,895,1.20e-08,1,1,0,none,0,no,93.0,High-quality,,,,未知,0.17,CRKP/PA/AB 临床重点菌,0.5383
ON602740_58,depolymerase,Klebsiella,bacteria,Drulisvirus,Autoscriptoviridae,334,3.50e-15,,,,none,0,no,93.33,High-quality,,,,未知,0.012,CRKP/PA/AB 临床重点菌,0.5382
ON602723_1,depolymerase,Klebsiella,bacteria,Drulisvirus,Autoscriptoviridae,88,3.50e-15,,,,none,0,yes,100.0,Complete,,,,未知,0.012,CRKP/PA/AB 临床重点菌,0.5382
PQ657812_46,depolymerase,Klebsiella,bacteria,Unclassified,Unclassified,530,3.10e-08,1,0,0,none,0,yes,92.85,High-quality,,,,未知,0.187,CRKP/PA/AB 临床重点菌,0.5381
PP627509_19,depolymerase,Klebsiella,bacteria,Unclassified,Unclassified,895,1.20e-08,1,1,0,none,0,no,100.0,Complete,,,,未知,0.168,CRKP/PA/AB 临床重点菌,0.538
PV596790_42,lysin,Yersinia,bacteria,Teseptimavirus,Autotranscriptaviridae,1507,0.00e+00,1,1,1,GH23,0,no,91.66,High-quality,,,,肽聚糖（推断）,0.52,其他革兰阴性/细菌,0.538
PV872879_12,depolymerase,Klebsiella,bacteria,Unclassified,Unclassified,308,2.10e-06,1,0,0,none,0,no,77.1,Medium-quality,,,,未知,0.266,CRKP/PA/AB 临床重点菌,0.5378
PQ394119_36,depolymerase,Klebsiella,bacteria,Unclassified,Unclassified,308,2.10e-06,1,0,0,none,0,no,92.15,High-quality,,,,未知,0.266,CRKP/PA/AB 临床重点菌,0.5378
OY979410_54,depolymerase,Klebsiella,bacteria,Drulisvirus,Autoscriptoviridae,682,3.10e-10,1,0,0,none,0,no,95.56,High-quality,,,,未知,0.094,CRKP/PA/AB 临床重点菌,0.5375
OX460967_8,lysin,Unspecified,bacteria,Kayfunavirus,Autotranscriptaviridae,1296,1.00e-294,,,,none,0,no,100.0,Complete,,,,未知,0.25,未知,0.5375
OR105946_55,depolymerase,Klebsiella,bacteria,Webervirus,Drexlerviridae,895,4.00e-08,1,1,0,none,0,no,100.0,Complete,,,,未知,0.187,CRKP/PA/AB 临床重点菌,0.5374
OX460933_8,lysin,Unspecified,bacteria,Kayfunavirus,Autotranscriptaviridae,1296,2.10e-295,,,,none,0,no,100.0,Complete,,,,未知,0.249,未知,0.5373
OZ035803_45,lysin,Unspecified,bacteria,Kayfunavirus,Autotranscriptaviridae,1296,2.90e-297,,,,none,0,no,93.32,High-quality,,,,未知,0.249,未知,0.5373
PP442062_3,depolymerase,Klebsiella,bacteria,Unclassified,Unclassified,308,2.10e-06,1,0,0,none,0,no,94.04,High-quality,,,,未知,0.262,CRKP/PA/AB 临床重点菌,0.5372
PP836776_39,depolymerase,Klebsiella,bacteria,Unclassified,Unclassified,318,2.10e-06,1,0,0,none,0,yes,90.25,High-quality,,,,未知,0.262,CRKP/PA/AB 临床重点菌,0.5372
OX335386_31,depolymerase,Klebsiella,bacteria,Webervirus,Drexlerviridae,479,4.60e-08,1,0,0,none,0,yes,92.25,High-quality,,,,未知,0.185,CRKP/PA/AB 临床重点菌,0.5367
OZ035813_45,lysin,Unspecified,bacteria,Kayfunavirus,Autotranscriptaviridae,1296,1.40e-296,,,,none,0,no,91.45,High-quality,,,,未知,0.245,未知,0.5367
OZ035821_47,lysin,Unspecified,bacteria,Kayfunavirus,Autotranscriptaviridae,1296,2.40e-297,,,,none,0,no,93.92,High-quality,,,,未知,0.244,未知,0.5366
PQ998984_10,depolymerase,Klebsiella,bacteria,Unclassified,Unclassified,531,2.30e-09,1,0,0,none,2,no,93.62,High-quality,,,,未知,0.125,CRKP/PA/AB 临床重点菌,0.5363
NC_028664_48,depolymerase,Klebsiella,bacteria,Drulisvirus,Autoscriptoviridae,531,2.30e-09,1,0,0,none,2,no,95.07,High-quality,,,,未知,0.125,CRKP/PA/AB 临床重点菌,0.5363
OR532835_50,depolymerase,Klebsiella,bacteria,Unclassified,Unclassified,531,2.30e-09,1,0,0,none,2,no,95.49,High-quality,,,,未知,0.125,CRKP/PA/AB 临床重点菌,0.5363
OZ035809_50,lysin,Unspecified,bacteria,Kayfunavirus,Autotranscriptaviridae,1296,1.50e-292,,,,none,0,no,94.23,High-quality,,,,未知,0.242,未知,0.5363
OZ035815_45,lysin,Unspecified,bacteria,Kayfunavirus,Autotranscriptaviridae,1296,2.40e-297,,,,none,0,no,94.52,High-quality,,,,未知,0.242,未知,0.5363
OX461104_8,lysin,Unspecified,bacteria,Kayfunavirus,Autotranscriptaviridae,1296,7.50e-297,,,,none,0,no,100.0,Complete,,,,未知,0.241,未知,0.5362
OZ035732_44,lysin,Unspecified,bacteria,Kayfunavirus,Autotranscriptaviridae,1296,2.40e-297,,,,none,1,no,91.54,High-quality,,,,未知,0.241,未知,0.5362
OZ035755_46,lysin,Unspecified,bacteria,Kayfunavirus,Autotranscriptaviridae,1296,2.90e-297,,,,none,0,no,93.3,High-quality,,,,未知,0.241,未知,0.5362
OQ503491_3,depolymerase,Acinetobacter,bacteria,Drulisvirus,Autoscriptoviridae,308,2.10e-06,1,0,0,none,0,no,91.87,High-quality,,,,未知,0.254,CRKP/PA/AB 临床重点菌,0.536
PV611674_31,lysin,Unspecified,bacteria,Kayfunavirus,Autotranscriptaviridae,1296,2.40e-297,,,,none,0,no,100.0,Complete,,,,未知,0.24,未知,0.536
OZ035739_47,lysin,Unspecified,bacteria,Kayfunavirus,Autotranscriptaviridae,1296,2.40e-297,,,,none,0,no,93.61,High-quality,,,,未知,0.239,未知,0.5359
MZ417341_51,lysin,Staphylococcus,bacteria,Sextaecvirus,Unclassified,460,9.90e-06,3,1,2,none,0,no,78.16,Medium-quality,AF-A0AAW5LSX2-F1,89.7,25,未知,0.286,革兰阳性,0.5358
PQ285366_42,depolymerase,Klebsiella,bacteria,Drulisvirus,Autoscriptoviridae,531,2.30e-09,1,0,0,none,0,no,100.0,Complete,,,,未知,0.121,CRKP/PA/AB 临床重点菌,0.5357
OR532905_49,depolymerase,Klebsiella,bacteria,Unclassified,Unclassified,531,2.30e-09,1,0,0,none,2,no,94.18,High-quality,,,,未知,0.121,CRKP/PA/AB 临床重点菌,0.5357
PP934443_29,depolymerase,Klebsiella,bacteria,Drulisvirus,Autoscriptoviridae,531,2.30e-09,1,0,0,none,0,no,100.0,Complete,,,,未知,0.121,CRKP/PA/AB 临床重点菌,0.5357
MN830256_24,lysin,Lactobacillus,bacteria,Unclassified,Unclassified,315,5.70e-06,2,1,1,GH25,0,yes,100.0,Complete,AF-D1YH11-F1,90.5,16,肽聚糖（推断）,0.0,革兰阳性,0.5357
OZ035818_48,lysin,Unspecified,bacteria,Kayfunavirus,Autotranscriptaviridae,1296,2.40e-297,,,,none,0,no,93.17,High-quality,,,,未知,0.238,未知,0.5357
OZ035730_48,lysin,Unspecified,bacteria,Kayfunavirus,Autotranscriptaviridae,1296,7.90e-298,,,,none,0,no,94.3,High-quality,,,,未知,0.237,未知,0.5355
OZ035749_45,lysin,Unspecified,bacteria,Kayfunavirus,Autotranscriptaviridae,1296,2.40e-297,,,,none,0,no,91.97,High-quality,,,,未知,0.235,未知,0.5353
MZ417338_92,lysin,Staphylococcus,bacteria,Sextaecvirus,Unclassified,460,9.90e-06,3,1,2,none,0,no,77.99,Medium-quality,AF-A0AAX3W0M3-F1,89.1,30,未知,0.288,革兰阳性,0.5352
OP296941_144,depolymerase,Klebsiella,bacteria,Mydovirus,Unclassified,570,1.90e-08,0,0,1,none,2,no,100.0,Complete,,,,未知,0.291,CRKP/PA/AB 临床重点菌,0.5351
NC_028830_21,lysin,Lactobacillus,bacteria,Iaduovirus,Unclassified,325,1.20e-10,1,0,0,GH(class),0,no,59.76,Medium-quality,AF-A0A0E2LWA2-F1,82.6,15,肽聚糖（推断）,0.0,革兰阳性,0.535
MZ428225_75,depolymerase,Klebsiella,bacteria,Webervirus,Drexlerviridae,974,2.40e-08,1,1,0,none,0,no,92.34,High-quality,,,,未知,0.159,CRKP/PA/AB 临床重点菌,0.5346
OL702938_4,depolymerase,Klebsiella,bacteria,Webervirus,Drexlerviridae,974,2.40e-08,1,1,0,none,0,no,92.38,High-quality,,,,未知,0.158,CRKP/PA/AB 临床重点菌,0.5345
OR532870_21,depolymerase,Klebsiella,bacteria,Unclassified,Unclassified,974,2.40e-08,1,1,0,none,0,no,92.49,High-quality,,,,未知,0.157,CRKP/PA/AB 临床重点菌,0.5343
PV827586_72,depolymerase,Klebsiella,bacteria,Unclassified,Unclassified,974,2.40e-08,1,1,0,none,0,no,92.97,High-quality,,,,未知,0.156,CRKP/PA/AB 临床重点菌,0.5342
OY978799_24,depolymerase,Klebsiella,bacteria,Webervirus,Drexlerviridae,974,2.40e-08,1,1,0,none,0,no,92.46,High-quality,,,,未知,0.156,CRKP/PA/AB 临床重点菌,0.5342
OR532840_50,depolymerase,Klebsiella,bacteria,Unclassified,Unclassified,308,2.10e-06,1,0,0,none,1,no,91.96,High-quality,,,,未知,0.242,CRKP/PA/AB 临床重点菌,0.5342
PP212902_15,lysin,Staphylococcus,bacteria,Andhravirus,Rountreeviridae,282,4.70e-06,2,1,1,none,0,no,100.0,Complete,AF-A0A418HKK3-F1,90.0,20,未知,0.391,革兰阳性,0.5342
PX833376.1_20,depolymerase,Klebsiella,bacteria,Unclassified,Unclassified,974,2.40e-08,1,1,0,none,0,no,91.57,High-quality,,,,未知,0.154,CRKP/PA/AB 临床重点菌,0.5339
OL539448_24,depolymerase,Klebsiella,bacteria,Webervirus,Drexlerviridae,974,2.40e-08,1,1,0,none,0,no,91.26,High-quality,,,,未知,0.154,CRKP/PA/AB 临床重点菌,0.5339
MW524749_18,depolymerase,Klebsiella,bacteria,Unclassified,Unclassified,974,2.40e-08,1,1,0,none,0,no,93.3,High-quality,,,,未知,0.154,CRKP/PA/AB 临床重点菌,0.5339
OY757089_23,depolymerase,Klebsiella,bacteria,Webervirus,Drexlerviridae,974,2.40e-08,1,1,0,none,0,no,92.45,High-quality,,,,未知,0.154,CRKP/PA/AB 临床重点菌,0.5339
PP889457_54,depolymerase,Klebsiella,bacteria,Unclassified,Unclassified,531,2.30e-09,1,0,0,none,0,no,94.47,High-quality,,,,未知,0.106,CRKP/PA/AB 临床重点菌,0.5335
ON528722_2,lysin,Shigella,bacteria,Teetrevirus,Autotranscriptaviridae,1510,0.00e+00,1,0,1,GH23,0,no,91.57,High-quality,,,,肽聚糖（推断）,0.49,其他革兰阴性/细菌,0.5335
PX915672.1_36,depolymerase,Klebsiella,bacteria,Webervirus,Drexlerviridae,972,3.50e-08,1,1,0,none,0,no,86.17,Medium-quality,,,,未知,0.157,CRKP/PA/AB 临床重点菌,0.5333
PQ657787_43,depolymerase,Klebsiella,bacteria,Unclassified,Unclassified,972,4.10e-08,1,1,0,none,0,no,93.29,High-quality,,,,未知,0.16,CRKP/PA/AB 临床重点菌,0.5332
PX880622.1_60,depolymerase,Klebsiella,bacteria,Webervirus,Drexlerviridae,972,4.10e-08,1,1,0,none,0,no,91.37,High-quality,,,,未知,0.16,CRKP/PA/AB 临床重点菌,0.5332
PZ055538.1_46,depolymerase,Klebsiella,bacteria,Unclassified,Unclassified,974,2.40e-08,1,1,0,none,0,no,91.96,High-quality,,,,未知,0.149,CRKP/PA/AB 临床重点菌,0.5331
NC_049842_72,depolymerase,Klebsiella,bacteria,Webervirus,Drexlerviridae,972,4.10e-08,1,1,0,none,0,no,91.82,High-quality,,,,未知,0.158,CRKP/PA/AB 临床重点菌,0.5329
OM065840_78,depolymerase,Klebsiella,bacteria,Webervirus,Drexlerviridae,673,2.70e-09,,,,none,0,no,100.0,Complete,,,,未知,0.237,CRKP/PA/AB 临床重点菌,0.5327
PX833369.1_22,depolymerase,Klebsiella,bacteria,Unclassified,Unclassified,972,3.50e-08,1,1,0,none,0,no,92.4,High-quality,,,,未知,0.153,CRKP/PA/AB 临床重点菌,0.5327
OX335371_31,depolymerase,Klebsiella,bacteria,Webervirus,Drexlerviridae,974,2.40e-08,1,1,0,none,0,no,86.68,Medium-quality,,,,未知,0.145,CRKP/PA/AB 临床重点菌,0.5325
NC_028786_73,depolymerase,Klebsiella,bacteria,Webervirus,Drexlerviridae,645,3.50e-11,,,,none,0,no,92.21,High-quality,,,,未知,0.152,CRKP/PA/AB 临床重点菌,0.5325
PP836963_71,depolymerase,Klebsiella,bacteria,Unclassified,Unclassified,645,3.50e-11,,,,none,0,no,95.21,High-quality,,,,未知,0.152,CRKP/PA/AB 临床重点菌,0.5325
OX335432_30,depolymerase,Klebsiella,bacteria,Webervirus,Drexlerviridae,972,4.10e-08,1,1,0,none,0,no,91.6,High-quality,,,,未知,0.155,CRKP/PA/AB 临床重点菌,0.5325
NC_047850_18,depolymerase,Klebsiella,bacteria,Webervirus,Drexlerviridae,974,2.40e-08,1,1,0,none,0,no,92.99,High-quality,,,,未知,0.144,CRKP/PA/AB 临床重点菌,0.5324
OR532889_22,depolymerase,Klebsiella,bacteria,Unclassified,Unclassified,652,3.50e-11,,,,none,0,no,95.77,High-quality,,,,未知,0.15,CRKP/PA/AB 临床重点菌,0.5322
OQ404738_21,depolymerase,Klebsiella,bacteria,Webervirus,Drexlerviridae,973,4.10e-08,1,1,0,none,0,no,93.69,High-quality,,,,未知,0.152,CRKP/PA/AB 临床重点菌,0.532
PQ133626_23,depolymerase,Klebsiella,bacteria,Unclassified,Unclassified,555,5.30e-11,0,0,1,none,0,yes,100.0,Complete,,,,未知,0.155,CRKP/PA/AB 临床重点菌,0.5318
OQ507919_40,lysin,Escherichia,bacteria,Rindgevirus,Autotranscriptaviridae,1325,0.00e+00,1,1,1,GH23,0,no,100.0,High-quality,,,,肽聚糖（推断）,0.479,其他革兰阴性/细菌,0.5318
OP611406_91,depolymerase,Klebsiella,bacteria,Webervirus,Drexlerviridae,101,3.40e-10,1,0,0,none,0,no,90.45,High-quality,,,,未知,0.057,CRKP/PA/AB 临床重点菌,0.5317
PQ133596_69,depolymerase,Klebsiella,bacteria,Unclassified,Unclassified,817,1.10e-07,1,0,0,none,0,no,92.1,High-quality,,,,未知,0.167,CRKP/PA/AB 临床重点菌,0.5314
PQ133624_29,depolymerase,Klebsiella,bacteria,Unclassified,Unclassified,972,4.10e-08,1,1,0,none,0,no,90.16,High-quality,,,,未知,0.148,CRKP/PA/AB 临床重点菌,0.5314
MK448880_29,lysin,Streptococcus,bacteria,Unclassified,Aliceevansviridae,332,1.00e-09,1,1,1,GH25,0,no,73.42,Medium-quality,AF-A0A1H9VN36-F1,83.0,16,肽聚糖（推断）,0.012,革兰阳性,0.5313
KY653124_67,lysin,Staphylococcus,bacteria,Unclassified,Unclassified,123,1.30e-16,1,0,0,none,0,no,100.0,Complete,AF-A0AAW7YL89-F1,90.2,23,未知,0.033,革兰阳性,0.5312
PP926511_44,depolymerase,Klebsiella,bacteria,Unclassified,Unclassified,577,5.20e-09,0,0,1,none,0,no,94.45,High-quality,,,,未知,0.636,CRKP/PA/AB 临床重点菌,0.5306
PV615260_60,depolymerase,Shigella,bacteria,Webervirus,Drexlerviridae,763,1.70e-08,1,0,0,none,0,no,90.74,High-quality,AF-A0AAW3G0T4-F1,87.6,47,未知,0.149,其他革兰阴性/细菌,0.5305
PX974331.1_1,depolymerase,Klebsiella,bacteria,Unclassified,Unclassified,576,5.20e-09,0,0,1,none,0,no,95.67,High-quality,,,,未知,0.634,CRKP/PA/AB 临床重点菌,0.5303
NC_028800_42,depolymerase,Klebsiella,bacteria,Przondovirus,Autotranscriptaviridae,576,5.20e-09,0,0,1,none,0,no,100.0,Complete,,,,未知,0.633,CRKP/PA/AB 临床重点菌,0.5302
PX872922.1_60,depolymerase,Klebsiella,bacteria,Webervirus,Drexlerviridae,781,4.60e-08,1,0,0,none,0,no,92.3,High-quality,,,,未知,0.141,CRKP/PA/AB 临床重点菌,0.5301
PV596791_44,lysin,Yersinia,bacteria,Teseptimavirus,Autotranscriptaviridae,1331,0.00e+00,1,1,1,GH23,0,no,100.0,Complete,,,,肽聚糖（推断）,0.465,其他革兰阴性/细菌,0.5297
PX694420.1_42,depolymerase,Klebsiella,bacteria,Przondovirus,Autotranscriptaviridae,577,5.20e-09,0,0,1,none,0,no,100.0,Complete,,,,未知,0.629,CRKP/PA/AB 临床重点菌,0.5296
MZ501078_47,lysin,Escherichia,bacteria,Teseptimavirus,Autotranscriptaviridae,1487,0.00e+00,1,1,1,GH23,0,no,91.93,High-quality,,,,肽聚糖（推断）,0.464,其他革兰阴性/细菌,0.5296
OP168920_7,lysin,Yersinia,bacteria,Unclassified,Unclassified,1325,0.00e+00,1,1,1,GH23,0,no,94.03,High-quality,,,,肽聚糖（推断）,0.464,其他革兰阴性/细菌,0.5296
NC_048163_43,lysin,Escherichia,bacteria,Teseptimavirus,Autotranscriptaviridae,1487,0.00e+00,1,1,1,GH23,0,no,100.0,Complete,,,,肽聚糖（推断）,0.463,其他革兰阴性/细菌,0.5294
OZ038331_48,depolymerase,Acinetobacter,bacteria,Unclassified,Unclassified,761,1.10e-12,0,1,0,none,0,no,100.0,Complete,,,,未知,0.064,CRKP/PA/AB 临床重点菌,0.5293
OZ075095_12,depolymerase,Acinetobacter,bacteria,Unclassified,Unclassified,761,1.10e-12,0,1,0,none,0,no,100.0,Complete,,,,未知,0.064,CRKP/PA/AB 临床重点菌,0.5293
OP161219_52,lysin,Yersinia,bacteria,Unclassified,Unclassified,1325,0.00e+00,1,1,1,GH23,0,no,94.67,High-quality,,,,肽聚糖（推断）,0.461,其他革兰阴性/细菌,0.5292
NC_047895_46,lysin,Escherichia,bacteria,Teseptimavirus,Autotranscriptaviridae,1325,0.00e+00,1,1,1,GH23,0,no,100.0,Complete,,,,肽聚糖（推断）,0.461,其他革兰阴性/细菌,0.5292
PV067733_44,depolymerase,Acinetobacter,bacteria,Unclassified,Unclassified,761,1.10e-12,0,1,0,none,0,no,93.52,High-quality,,,,未知,0.059,CRKP/PA/AB 临床重点菌,0.5286
ON995367_42,lysin,Pectobacterium,bacteria,Unyawovirus,Autotranscriptaviridae,1329,0.00e+00,1,1,1,GH23,0,no,91.68,High-quality,,,,肽聚糖（推断）,0.456,其他革兰阴性/细菌,0.5284
PQ850620_47,lysin,Escherichia,bacteria,Unclassified,Unclassified,1325,0.00e+00,1,1,1,GH23,0,no,92.61,High-quality,,,,肽聚糖（推断）,0.456,其他革兰阴性/细菌,0.5284
OU509535_285,depolymerase,Klebsiella,bacteria,Unclassified,Unclassified,1180,3.90e-10,1,0,0,none,0,no,100.0,Complete,,,,未知,0.037,CRKP/PA/AB 临床重点菌,0.5283
MN871449_244,depolymerase,Serratia,bacteria,Unclassified,Unclassified,740,6.90e-16,1,0,2,none,0,no,99.65,High-quality,,,,未知,0.181,其他革兰阴性/细菌,0.5282
MK618657_46,depolymerase,Klebsiella,bacteria,Webervirus,Drexlerviridae,833,3.10e-08,1,0,0,none,0,no,90.84,High-quality,,,,未知,0.12,CRKP/PA/AB 临床重点菌,0.5281
NC_028774_23,depolymerase,Klebsiella,bacteria,Webervirus,Drexlerviridae,833,3.10e-08,1,0,0,none,0,no,90.77,High-quality,,,,未知,0.12,CRKP/PA/AB 临床重点菌,0.5281
PQ850595_47,lysin,Escherichia,bacteria,Unclassified,Unclassified,1325,0.00e+00,1,1,1,GH23,0,no,94.24,High-quality,,,,肽聚糖（推断）,0.453,其他革兰阴性/细菌,0.5279
PQ657827_46,depolymerase,Klebsiella,bacteria,Unclassified,Unclassified,833,3.10e-08,1,0,0,none,0,no,92.84,High-quality,,,,未知,0.118,CRKP/PA/AB 临床重点菌,0.5278
PQ657832_46,depolymerase,Klebsiella,bacteria,Unclassified,Unclassified,833,3.10e-08,1,0,0,none,0,no,92.84,High-quality,,,,未知,0.118,CRKP/PA/AB 临床重点菌,0.5278
ON754979_1,lysin,Salmonella,bacteria,Berlinvirus,Autotranscriptaviridae,213,0.00e+00,1,1,1,GH23,0,no,100.0,Complete,,,,肽聚糖（推断）,0.452,其他革兰阴性/细菌,0.5278
ON568193_44,lysin,Cedecea,bacteria,Teseptimavirus,Autotranscriptaviridae,1325,0.00e+00,1,1,1,GH23,0,no,100.0,Complete,,,,肽聚糖（推断）,0.452,其他革兰阴性/细菌,0.5278
OR532816_21,depolymerase,Klebsiella,bacteria,Unclassified,Unclassified,993,2.40e-08,1,1,0,none,0,no,93.04,High-quality,,,,未知,0.113,CRKP/PA/AB 临床重点菌,0.5277
PQ480913_23,depolymerase,Klebsiella,bacteria,Unclassified,Unclassified,661,1.80e-12,,,,none,0,no,86.49,Medium-quality,,,,未知,0.062,CRKP/PA/AB 临床重点菌,0.5276
PV433196_40,lysin,Pectobacterium,bacteria,Unclassified,Unclassified,1329,0.00e+00,1,1,1,GH23,0,no,89.4,Medium-quality,,,,肽聚糖（推断）,0.451,其他革兰阴性/细菌,0.5276
ON881905_14,depolymerase,Klebsiella,bacteria,Webervirus,Drexlerviridae,991,2.40e-08,1,1,0,none,0,no,93.9,High-quality,,,,未知,0.111,CRKP/PA/AB 临床重点菌,0.5274
OR809313_31,depolymerase,Klebsiella,bacteria,Drulisvirus,Autoscriptoviridae,590,3.60e-07,1,0,0,none,0,no,97.73,High-quality,,,,未知,0.162,CRKP/PA/AB 临床重点菌,0.5273
KY499642_172,lysin,Vibrio,bacteria,Unclassified,Unclassified,2330,8.20e-11,1,0,1,GH23,2,no,81.07,Medium-quality,,,,肽聚糖（推断）,0.0,其他革兰阴性/细菌,0.5272
NC_047886_44,lysin,Pectobacterium,bacteria,Unyawovirus,Autotranscriptaviridae,1329,0.00e+00,1,1,1,GH23,0,no,93.0,High-quality,,,,肽聚糖（推断）,0.448,其他革兰阴性/细菌,0.5272
MW001769_45,lysin,Pectobacterium,bacteria,Unyawovirus,Autotranscriptaviridae,1329,0.00e+00,1,1,1,GH23,0,no,100.0,Complete,,,,肽聚糖（推断）,0.448,其他革兰阴性/细菌,0.5272
PQ821741.1_45,lysin,Escherichia,bacteria,Teseptimavirus,Autotranscriptaviridae,1325,0.00e+00,1,1,1,GH23,0,no,94.94,High-quality,,,,肽聚糖（推断）,0.448,其他革兰阴性/细菌,0.5272
PP824815_53,depolymerase,Klebsiella,bacteria,Unclassified,Unclassified,661,1.80e-12,,,,none,0,no,85.43,Medium-quality,,,,未知,0.059,CRKP/PA/AB 临床重点菌,0.5271
NC_047936_41,lysin,Yersinia,bacteria,Helsettvirus,Autotranscriptaviridae,1418,0.00e+00,1,1,1,GH23,0,no,100.0,Complete,,,,肽聚糖（推断）,0.447,其他革兰阴性/细菌,0.5271
NC_061418_100,depolymerase,Klebsiella,bacteria,Siatvirus,Chimalliviridae,738,3.40e-10,,,,none,0,yes,98.94,High-quality,,,,未知,0.159,CRKP/PA/AB 临床重点菌,0.527
OR532845_22,depolymerase,Klebsiella,bacteria,Unclassified,Unclassified,826,5.90e-08,1,0,0,none,0,no,91.23,High-quality,,,,未知,0.124,CRKP/PA/AB 临床重点菌,0.5268
PV112478_197,depolymerase,Klebsiella,bacteria,Unclassified,Unclassified,738,3.40e-10,,,,none,0,yes,100.0,Complete,,,,未知,0.157,CRKP/PA/AB 临床重点菌,0.5267
PQ337355_22,depolymerase,Klebsiella,bacteria,Unclassified,Unclassified,743,8.70e-09,,,,none,0,no,91.74,High-quality,,,,未知,0.218,CRKP/PA/AB 临床重点菌,0.5264
OR896856_23,depolymerase,Klebsiella,bacteria,Webervirus,Drexlerviridae,833,3.10e-08,1,0,0,none,0,no,92.07,High-quality,,,,未知,0.109,CRKP/PA/AB 临床重点菌,0.5264
NC_047963_42,lysin,Pectobacterium,bacteria,Jarilovirus,Autotranscriptaviridae,1328,0.00e+00,1,0,1,GH23,0,no,92.42,High-quality,,,,肽聚糖（推断）,0.443,其他革兰阴性/细菌,0.5264
PP554395_6,lysin,Citrobacter,bacteria,Berlinvirus,Autotranscriptaviridae,1326,0.00e+00,1,0,1,GH23,0,no,100.0,Complete,,,,肽聚糖（推断）,0.442,其他革兰阴性/细菌,0.5263
PV253913_1,depolymerase,Klebsiella,bacteria,Drulisvirus,Autoscriptoviridae,631,1.00e-12,,,,none,0,no,100.0,Complete,,,,未知,0.041,CRKP/PA/AB 临床重点菌,0.5262
NC_028655_41,lysin,Yersinia,bacteria,Apdecimavirus,Autotranscriptaviridae,1326,0.00e+00,1,0,1,GH23,0,no,100.0,Complete,,,,肽聚糖（推断）,0.44,其他革兰阴性/细菌,0.526
PQ657807_43,depolymerase,Klebsiella,bacteria,Unclassified,Unclassified,993,2.40e-08,1,1,0,none,0,no,91.94,High-quality,,,,未知,0.1,CRKP/PA/AB 临床重点菌,0.5258
OP413829_56,depolymerase,Klebsiella,bacteria,Drulisvirus,Autoscriptoviridae,631,1.00e-12,,,,none,0,no,100.0,Complete,,,,未知,0.038,CRKP/PA/AB 临床重点菌,0.5257
OR532859_23,depolymerase,Klebsiella,bacteria,Unclassified,Unclassified,826,5.90e-08,1,0,0,none,0,no,91.81,High-quality,,,,未知,0.116,CRKP/PA/AB 临床重点菌,0.5256
MK290739_41,lysin,Pectobacterium,bacteria,Maklayavirus,Autotranscriptaviridae,1332,0.00e+00,1,0,1,GH23,0,no,100.0,Complete,,,,肽聚糖（推断）,0.437,其他革兰阴性/细菌,0.5255
PV891804_1,depolymerase,Klebsiella,bacteria,Webervirus,Drexlerviridae,648,2.40e-08,1,1,0,none,0,no,100.0,Complete,,,,未知,0.096,CRKP/PA/AB 临床重点菌,0.5252
OR599645_32,lysin,Pectobacterium,bacteria,Pektosvirus,Autotranscriptaviridae,1326,0.00e+00,1,0,1,GH23,0,no,100.0,Complete,,,,肽聚糖（推断）,0.435,其他革兰阴性/细菌,0.5252
PQ139365_43,lysin,Salmonella,bacteria,Apdecimavirus,Autotranscriptaviridae,1326,0.00e+00,1,0,1,GH23,0,no,91.49,High-quality,,,,肽聚糖（推断）,0.434,其他革兰阴性/细菌,0.5251
PV610472_12,lysin,Citrobacter,bacteria,Unclassified,Unclassified,1326,0.00e+00,1,0,1,GH23,0,no,92.61,High-quality,,,,肽聚糖（推断）,0.433,其他革兰阴性/细菌,0.525
PX833358.1_21,depolymerase,Klebsiella,bacteria,Unclassified,Unclassified,833,3.10e-08,1,0,0,none,0,no,91.62,High-quality,,,,未知,0.098,CRKP/PA/AB 临床重点菌,0.5248
NC_048143_7,depolymerase,Klebsiella,bacteria,Webervirus,Drexlerviridae,833,3.10e-08,1,0,0,none,0,no,100.0,Complete,,,,未知,0.098,CRKP/PA/AB 临床重点菌,0.5248
PX794760.1_13,lysin,Escherichia,bacteria,Unclassified,Unclassified,1321,0.00e+00,1,1,1,GH23,0,no,100.0,Complete,,,,肽聚糖（推断）,0.432,其他革兰阴性/细菌,0.5248
PV158447_62,lysin,Aeromonas,bacteria,Unclassified,Unclassified,2373,4.80e-12,0,0,1,none,0,no,79.69,Medium-quality,AF-A0A966HDQ7-F1,35.7,37,未知,0.604,其他革兰阴性/细菌,0.5246
ON528724_21,lysin,Shigella,bacteria,Teetrevirus,Autotranscriptaviridae,1323,0.00e+00,1,0,1,GH23,0,no,92.12,High-quality,,,,肽聚糖（推断）,0.431,其他革兰阴性/细菌,0.5246
NC_048079_45,lysin,Escherichia,bacteria,Teseptimavirus,Autotranscriptaviridae,1318,0.00e+00,1,1,1,GH23,0,no,100.0,Complete,,,,肽聚糖（推断）,0.431,其他革兰阴性/细菌,0.5246
NC_047844_40,lysin,Serratia,bacteria,Teetrevirus,Autotranscriptaviridae,1323,0.00e+00,1,0,1,GH23,0,no,91.23,High-quality,,,,肽聚糖（推断）,0.43,其他革兰阴性/细菌,0.5245
OL744217_38,lysin,Pantoea,bacteria,Teetrevirus,Autotranscriptaviridae,1323,0.00e+00,1,0,1,GH23,0,no,85.05,Medium-quality,,,,肽聚糖（推断）,0.43,其他革兰阴性/细菌,0.5245
NC_015719_40,lysin,Escherichia,bacteria,Przondovirus,Autotranscriptaviridae,1322,0.00e+00,1,0,1,GH23,0,no,100.0,Complete,,,,肽聚糖（推断）,0.43,其他革兰阴性/细菌,0.5245
MZ428227_55,depolymerase,Klebsiella,bacteria,Webervirus,Drexlerviridae,781,4.60e-08,1,0,0,none,0,no,91.62,High-quality,,,,未知,0.103,CRKP/PA/AB 临床重点菌,0.5244
OX335385_31,depolymerase,Klebsiella,bacteria,Webervirus,Drexlerviridae,130,3.40e-10,1,1,0,none,0,no,91.23,High-quality,,,,未知,0.008,CRKP/PA/AB 临床重点菌,0.5243
NC_071009_41,lysin,Salmonella,bacteria,Teetrevirus,Autotranscriptaviridae,1323,0.00e+00,1,0,1,GH23,0,no,90.17,High-quality,,,,肽聚糖（推断）,0.429,其他革兰阴性/细菌,0.5243
NC_028880_42,lysin,Citrobacter,bacteria,Teetrevirus,Autotranscriptaviridae,1323,0.00e+00,1,0,1,GH23,0,no,100.0,Complete,,,,肽聚糖（推断）,0.429,其他革兰阴性/细菌,0.5243
LC768484_7,depolymerase,Klebsiella,bacteria,Alcyoneusvirus,Unclassified,1112,4.90e-12,0,0,1,none,0,no,25.09,Low-quality,,,,未知,0.059,CRKP/PA/AB 临床重点菌,0.5242
NC_031092_41,lysin,Citrobacter,bacteria,Teetrevirus,Autotranscriptaviridae,1323,0.00e+00,1,0,1,GH23,0,no,100.0,Complete,,,,肽聚糖（推断）,0.428,其他革兰阴性/细菌,0.5242
OQ703770_45,lysin,Escherichia,bacteria,Unclassified,Unclassified,1318,0.00e+00,1,1,1,GH23,1,no,86.51,Medium-quality,,,,肽聚糖（推断）,0.428,其他革兰阴性/细菌,0.5242
NC_019510_39,lysin,Erwinia,bacteria,Elunavirus,Autotranscriptaviridae,1332,0.00e+00,1,1,1,GH23,0,no,100.0,Complete,,,,肽聚糖（推断）,0.427,其他革兰阴性/细菌,0.5241
MT822287_14,lysin,Erwinia,bacteria,Unclassified,Autotranscriptaviridae,1316,0.00e+00,1,1,1,GH23,0,no,98.83,High-quality,,,,肽聚糖（推断）,0.426,其他革兰阴性/细菌,0.5239
MT822286_13,lysin,Erwinia,bacteria,Unclassified,Autotranscriptaviridae,1316,0.00e+00,1,1,1,GH23,0,no,99.47,High-quality,,,,肽聚糖（推断）,0.426,其他革兰阴性/细菌,0.5239
PV393741_9,lysin,Pantoea,bacteria,Unclassified,Unclassified,1316,0.00e+00,1,1,1,GH23,0,no,100.0,Complete,,,,肽聚糖（推断）,0.426,其他革兰阴性/细菌,0.5239
MN184885_11,lysin,Erwinia,bacteria,Snaubvirus,Autotranscriptaviridae,1316,0.00e+00,1,1,1,GH23,0,no,99.39,High-quality,,,,肽聚糖（推断）,0.426,其他革兰阴性/细菌,0.5239
OQ338185_2,lysin,Serratia,bacteria,Teetrevirus,Autotranscriptaviridae,1321,0.00e+00,1,1,1,GH23,0,no,100.0,Complete,,,,肽聚糖（推断）,0.426,其他革兰阴性/细菌,0.5239
OQ992562_149,lysin,Pseudomonas,bacteria,Phikzvirus,Chimalliviridae,2238,0.00e+00,1,0,1,GH23,0,no,93.51,High-quality,,,,肽聚糖（推断）,0.025,CRKP/PA/AB 临床重点菌,0.5238
OR067836_39,lysin,Serratia,bacteria,Przondovirus,Autotranscriptaviridae,1322,0.00e+00,1,0,1,GH23,0,no,94.46,High-quality,,,,肽聚糖（推断）,0.425,其他革兰阴性/细菌,0.5237
PQ197425_38,lysin,Raoultella,bacteria,Unclassified,Unclassified,1322,0.00e+00,1,0,1,GH23,0,no,100.0,Complete,,,,肽聚糖（推断）,0.425,其他革兰阴性/细菌,0.5237
MT822285_12,lysin,Erwinia,bacteria,Unclassified,Autotranscriptaviridae,1316,0.00e+00,1,1,1,GH23,0,no,98.89,High-quality,,,,肽聚糖（推断）,0.425,其他革兰阴性/细菌,0.5237
MZ172460_17,depolymerase,Klebsiella,bacteria,Webervirus,Drexlerviridae,826,5.90e-08,1,0,0,none,0,no,91.54,High-quality,,,,未知,0.103,CRKP/PA/AB 临床重点菌,0.5236
MT419366_48,lysin,Serratia,bacteria,Teetrevirus,Autotranscriptaviridae,1321,0.00e+00,1,1,1,GH23,0,no,92.86,High-quality,,,,肽聚糖（推断）,0.424,其他革兰阴性/细菌,0.5236
PP356685_43,lysin,Erwinia,bacteria,Teetrevirus,Autotranscriptaviridae,1321,0.00e+00,1,0,1,GH23,0,no,100.0,Complete,,,,肽聚糖（推断）,0.424,其他革兰阴性/细菌,0.5236
NC_061418_101,depolymerase,Klebsiella,bacteria,Siatvirus,Chimalliviridae,682,3.00e-10,1,0,1,none,0,no,98.94,High-quality,,,,未知,0.0,CRKP/PA/AB 临床重点菌,0.5235
NC_047849_46,depolymerase,Klebsiella,bacteria,Drulisvirus,Autoscriptoviridae,308,3.50e-06,1,0,0,none,0,no,100.0,Complete,,,,未知,0.18,CRKP/PA/AB 临床重点菌,0.5234
NC_047942_41,lysin,Escherichia,bacteria,Ebriosvirus,Autotranscriptaviridae,1322,0.00e+00,1,1,1,GH23,0,no,91.7,High-quality,,,,肽聚糖（推断）,0.422,其他革兰阴性/细菌,0.5233
MN450150_38,lysin,Pantoea,bacteria,Elunavirus,Autotranscriptaviridae,1332,0.00e+00,1,1,1,GH23,0,no,100.0,Complete,,,,肽聚糖（推断）,0.421,其他革兰阴性/细菌,0.5232
PV976809.1_219,lysin,Pseudomonas,bacteria,Unclassified,Unclassified,2238,0.00e+00,1,0,1,GH23,0,no,100.0,Complete,,,,肽聚糖（推断）,0.021,CRKP/PA/AB 临床重点菌,0.5232
OR545379_36,lysin,Escherichia,bacteria,Teetrevirus,Autotranscriptaviridae,1321,0.00e+00,1,0,1,GH23,0,no,100.0,Complete,,,,肽聚糖（推断）,0.421,其他革兰阴性/细菌,0.5232
PQ227709_41,lysin,Escherichia,bacteria,Teetrevirus,Autotranscriptaviridae,1321,0.00e+00,1,0,1,GH23,0,no,100.0,Complete,,,,肽聚糖（推断）,0.421,其他革兰阴性/细菌,0.5232
NC_028795_31,lysin,Enterobacter,bacteria,Teetrevirus,Autotranscriptaviridae,1321,0.00e+00,1,0,1,GH23,0,no,72.9,Medium-quality,,,,肽聚糖（推断）,0.421,其他革兰阴性/细菌,0.5232
MT446418_8,lysin,Escherichia,bacteria,Przondovirus,Autotranscriptaviridae,1322,0.00e+00,1,0,1,GH23,0,no,100.0,Complete,,,,肽聚糖（推断）,0.42,其他革兰阴性/细菌,0.523
OP380607_50,lysin,Aeromonas,bacteria,Teseptimavirus,Autotranscriptaviridae,1333,0.00e+00,1,1,1,GH23,0,no,100.0,Complete,,,,肽聚糖（推断）,0.42,其他革兰阴性/细菌,0.523
NC_019416_40,lysin,Stenotrophomonas,bacteria,Ebriosvirus,Autotranscriptaviridae,1321,0.00e+00,1,1,1,GH23,0,no,88.96,Medium-quality,,,,肽聚糖（推断）,0.42,其他革兰阴性/细菌,0.523
MN013085_40,lysin,Klebsiella,bacteria,Ningirsuvirus,Autotranscriptaviridae,1325,0.00e+00,1,0,1,GH23,0,no,91.48,High-quality,,,,肽聚糖（推断）,0.02,CRKP/PA/AB 临床重点菌,0.523
ON528717_42,lysin,Shigella,bacteria,Teseptimavirus,Autotranscriptaviridae,1319,0.00e+00,1,1,1,GH23,0,no,91.45,High-quality,,,,肽聚糖（推断）,0.42,其他革兰阴性/细菌,0.523
OP310984_75,lysin,Pseudomonas,bacteria,Phikzvirus,Chimalliviridae,2238,0.00e+00,1,0,1,GH23,0,no,100.0,Complete,,,,肽聚糖（推断）,0.019,CRKP/PA/AB 临床重点菌,0.5229
PP795939_7,depolymerase,Klebsiella,bacteria,Unclassified,Unclassified,308,3.50e-06,1,0,0,none,0,no,94.17,High-quality,,,,未知,0.176,CRKP/PA/AB 临床重点菌,0.5228
PX705274.1_42,lysin,Aeromonas,bacteria,Unclassified,Unclassified,1321,0.00e+00,1,1,1,GH23,0,no,100.0,Complete,,,,肽聚糖（推断）,0.419,其他革兰阴性/细菌,0.5228
MT708547_217,depolymerase,Klebsiella,bacteria,Alcyoneusvirus,Unclassified,1180,3.90e-10,1,0,0,none,0,no,90.15,High-quality,,,,未知,0.0,CRKP/PA/AB 临床重点菌,0.5227
PQ824399_42,lysin,Aeromonas,bacteria,Teseptimavirus,Autotranscriptaviridae,1325,0.00e+00,1,1,1,GH23,0,no,91.18,High-quality,,,,肽聚糖（推断）,0.418,其他革兰阴性/细菌,0.5227
PV754031_178,lysin,Pseudomonas,bacteria,Unclassified,Unclassified,2237,0.00e+00,1,0,1,GH23,0,no,92.88,High-quality,,,,肽聚糖（推断）,0.018,CRKP/PA/AB 临床重点菌,0.5227
OK042080_41,lysin,Yersinia,bacteria,Rambovirus,Autotranscriptaviridae,1318,0.00e+00,1,1,1,GH23,0,no,100.0,Complete,,,,肽聚糖（推断）,0.417,其他革兰阴性/细菌,0.5225
PQ093904_64,lysin,Pseudomonas,bacteria,Unclassified,Unclassified,2238,0.00e+00,1,0,1,GH23,0,no,94.22,High-quality,,,,肽聚糖（推断）,0.017,CRKP/PA/AB 临床重点菌,0.5225
MT681669_8,lysin,Aeromonas,bacteria,Teseptimavirus,Autotranscriptaviridae,1321,0.00e+00,1,1,1,GH23,0,no,100.0,Complete,,,,肽聚糖（推断）,0.416,其他革兰阴性/细菌,0.5224
PQ336904_32,lysin,Salmonella,bacteria,Teseptimavirus,Autotranscriptaviridae,1319,0.00e+00,1,1,1,GH23,0,no,100.0,Complete,,,,肽聚糖（推断）,0.416,其他革兰阴性/细菌,0.5224
MN481365_6,lysin,Escherichia,bacteria,Teseptimavirus,Autotranscriptaviridae,1319,0.00e+00,1,1,1,GH23,0,no,93.5,High-quality,,,,肽聚糖（推断）,0.416,其他革兰阴性/细菌,0.5224
JX000007_39,lysin,Yersinia,bacteria,Teseptimavirus,Autotranscriptaviridae,1318,0.00e+00,1,1,1,GH23,0,no,86.98,Medium-quality,,,,肽聚糖（推断）,0.416,其他革兰阴性/细菌,0.5224
MT559526_44,depolymerase,Klebsiella,bacteria,Drulisvirus,Autoscriptoviridae,308,3.50e-06,1,0,0,none,0,no,95.27,High-quality,,,,未知,0.172,CRKP/PA/AB 临床重点菌,0.5222
PX437822.1_46,lysin,Aeromonas,bacteria,Teseptimavirus,Autotranscriptaviridae,1322,0.00e+00,1,1,1,GH23,0,no,100.0,Complete,,,,肽聚糖（推断）,0.415,其他革兰阴性/细菌,0.5222
PP813861_247,lysin,Pseudomonas,bacteria,Unclassified,Unclassified,2238,0.00e+00,1,0,1,GH23,0,no,92.21,High-quality,,,,肽聚糖（推断）,0.015,CRKP/PA/AB 临床重点菌,0.5222
PV985319_286,lysin,Pseudomonas,bacteria,Unclassified,Unclassified,1815,0.00e+00,1,0,1,GH23,0,yes,68.38,Medium-quality,,,,肽聚糖（推断）,0.015,CRKP/PA/AB 临床重点菌,0.5222
PX585177.1_231,lysin,Pseudomonas,bacteria,Unclassified,Unclassified,978,0.00e+00,1,0,1,GH23,0,yes,92.4,High-quality,,,,肽聚糖（推断）,0.015,CRKP/PA/AB 临床重点菌,0.5222
OL744212_42,lysin,Pantoea,bacteria,Teetrevirus,Autotranscriptaviridae,1321,0.00e+00,1,0,1,GH23,0,no,91.6,High-quality,,,,肽聚糖（推断）,0.415,其他革兰阴性/细菌,0.5222
PP586055_8,lysin,Salmonella,bacteria,Teseptimavirus,Autotranscriptaviridae,1319,0.00e+00,1,1,1,GH23,0,no,100.0,Complete,,,,肽聚糖（推断）,0.415,其他革兰阴性/细菌,0.5222
OR228460_213,lysin,Pseudomonas,bacteria,Phikzvirus,Chimalliviridae,2238,0.00e+00,1,0,1,GH23,0,no,92.69,High-quality,,,,肽聚糖（推断）,0.014,CRKP/PA/AB 临床重点菌,0.5221
NC_004629_215,lysin,Pseudomonas,bacteria,Phikzvirus,Chimalliviridae,2238,0.00e+00,1,0,1,GH23,0,no,93.51,High-quality,,,,肽聚糖（推断）,0.014,CRKP/PA/AB 临床重点菌,0.5221
LC727695_205,lysin,Pseudomonas,bacteria,Phikzvirus,Chimalliviridae,2238,0.00e+00,1,0,1,GH23,0,no,92.82,High-quality,,,,肽聚糖（推断）,0.014,CRKP/PA/AB 临床重点菌,0.5221
MT133560_218,lysin,Pseudomonas,bacteria,Phikzvirus,Chimalliviridae,2238,0.00e+00,1,0,1,GH23,0,no,93.06,High-quality,,,,肽聚糖（推断）,0.014,CRKP/PA/AB 临床重点菌,0.5221
OR896839_39,lysin,Salmonella,bacteria,Teetrevirus,Autotranscriptaviridae,1321,0.00e+00,1,1,1,GH23,0,no,89.13,Medium-quality,,,,肽聚糖（推断）,0.414,其他革兰阴性/细菌,0.5221
NC_004777_39,lysin,Yersinia,bacteria,Teseptimavirus,Autotranscriptaviridae,1319,0.00e+00,1,1,1,GH23,0,no,100.0,Complete,,,,肽聚糖（推断）,0.414,其他革兰阴性/细菌,0.5221
AY264778_43,lysin,Escherichia,bacteria,Teseptimavirus,Autotranscriptaviridae,1319,0.00e+00,1,0,1,GH23,0,no,91.12,High-quality,,,,肽聚糖（推断）,0.414,其他革兰阴性/细菌,0.5221
PX530564_72,lysin,Escherichia,bacteria,Unclassified,Unclassified,1269,0.00e+00,1,1,1,GH23,0,no,98.33,High-quality,,,,肽聚糖（推断）,0.414,其他革兰阴性/细菌,0.5221
NC_047940_44,lysin,Yersinia,bacteria,Teseptimavirus,Autotranscriptaviridae,1319,0.00e+00,1,1,1,GH23,0,no,89.27,Medium-quality,,,,肽聚糖（推断）,0.414,其他革兰阴性/细菌,0.5221
NC_047867_39,lysin,Enterobacteria,bacteria,Teetrevirus,Autotranscriptaviridae,1319,0.00e+00,1,1,1,GH23,0,no,100.0,Complete,,,,肽聚糖（推断）,0.414,其他革兰阴性/细菌,0.5221
AY264777_45,lysin,Escherichia,bacteria,Teseptimavirus,Autotranscriptaviridae,1319,0.00e+00,1,1,1,GH23,0,no,90.94,High-quality,,,,肽聚糖（推断）,0.414,其他革兰阴性/细菌,0.5221
NC_047923_47,lysin,Escherichia,bacteria,Teseptimavirus,Autotranscriptaviridae,1319,0.00e+00,1,1,1,GH23,0,no,100.0,Complete,,,,肽聚糖（推断）,0.414,其他革兰阴性/细菌,0.5221
JQ957925_38,lysin,Yersinia,bacteria,Teseptimavirus,Autotranscriptaviridae,1319,0.00e+00,1,1,1,GH23,0,no,100.0,Complete,,,,肽聚糖（推断）,0.414,其他革兰阴性/细菌,0.5221
MZ501081_48,lysin,Escherichia,bacteria,Teseptimavirus,Autotranscriptaviridae,1319,0.00e+00,1,1,1,GH23,0,no,93.01,High-quality,,,,肽聚糖（推断）,0.414,其他革兰阴性/细菌,0.5221
PQ336905_13,lysin,Salmonella,bacteria,Teseptimavirus,Autotranscriptaviridae,1319,0.00e+00,1,1,1,GH23,0,no,100.0,Complete,,,,肽聚糖（推断）,0.414,其他革兰阴性/细菌,0.5221
OR896849_23,depolymerase,Klebsiella,bacteria,Webervirus,Drexlerviridae,845,3.50e-08,,,,none,1,no,92.43,High-quality,,,,未知,0.215,CRKP/PA/AB 临床重点菌,0.522
MN340231_8,depolymerase,Escherichia,bacteria,Lederbergvirus,Unclassified,72,1.70e-08,1,0,1,none,0,yes,82.99,Medium-quality,AF-A0A5C9ADZ0-F1,94.0,3,未知,0.028,其他革兰阴性/细菌,0.522
PX884079.1_128,lysin,Pseudomonas,bacteria,Unclassified,Unclassified,2238,0.00e+00,1,0,1,GH23,0,no,100.0,Complete,,,,肽聚糖（推断）,0.013,CRKP/PA/AB 临床重点菌,0.522
OP953026_11,lysin,Pseudomonas,bacteria,Phikzvirus,Chimalliviridae,2238,0.00e+00,1,0,1,GH23,0,no,100.0,Complete,,,,肽聚糖（推断）,0.013,CRKP/PA/AB 临床重点菌,0.522
PP456879_186,lysin,Pseudomonas,bacteria,Phikzvirus,Chimalliviridae,2238,0.00e+00,1,0,1,GH23,0,no,93.46,High-quality,,,,肽聚糖（推断）,0.013,CRKP/PA/AB 临床重点菌,0.522
NC_024206_60,lysin,Lactobacillus,bacteria,Unclassified,Unclassified,311,4.40e-07,1,1,1,GH25,0,no,62.34,Medium-quality,AF-A0ABD4ZIV3-F1,89.7,20,肽聚糖（推断）,0.0,革兰阳性,0.5219
PQ197424_38,lysin,Raoultella,bacteria,Unclassified,Unclassified,1323,0.00e+00,1,0,1,GH23,0,no,100.0,Complete,,,,肽聚糖（推断）,0.413,其他革兰阴性/细菌,0.5219
NC_047843_41,lysin,Leclercia,bacteria,Teetrevirus,Autotranscriptaviridae,1321,0.00e+00,1,1,1,GH23,0,no,90.59,High-quality,,,,肽聚糖（推断）,0.413,其他革兰阴性/细菌,0.5219
ON528721_46,lysin,Shigella,bacteria,Teetrevirus,Autotranscriptaviridae,1321,0.00e+00,1,1,1,GH23,0,no,90.23,High-quality,,,,肽聚糖（推断）,0.413,其他革兰阴性/细菌,0.5219
OL744209_41,lysin,Pantoea,bacteria,Teetrevirus,Autotranscriptaviridae,1321,0.00e+00,1,1,1,GH23,0,no,89.91,Medium-quality,,,,肽聚糖（推断）,0.413,其他革兰阴性/细菌,0.5219
OP917825_46,lysin,Shigella,bacteria,Teetrevirus,Autotranscriptaviridae,1321,0.00e+00,1,0,1,GH23,0,no,90.33,High-quality,,,,肽聚糖（推断）,0.413,其他革兰阴性/细菌,0.5219
NC_047939_38,lysin,Yersinia,bacteria,Teseptimavirus,Autotranscriptaviridae,1319,0.00e+00,1,1,1,GH23,0,no,87.84,Medium-quality,,,,肽聚糖（推断）,0.413,其他革兰阴性/细菌,0.5219
MW057919_218,lysin,Pseudomonas,bacteria,Phikzvirus,Chimalliviridae,2238,0.00e+00,1,0,1,GH23,0,no,88.99,Medium-quality,,,,肽聚糖（推断）,0.012,CRKP/PA/AB 临床重点菌,0.5218
PQ227241_63,lysin,Pseudomonas,bacteria,Unclassified,Unclassified,2238,0.00e+00,1,0,1,GH23,0,no,100.0,Complete,,,,肽聚糖（推断）,0.012,CRKP/PA/AB 临床重点菌,0.5218
PZ005745.1_184,lysin,Pseudomonas,bacteria,Unclassified,Unclassified,2238,0.00e+00,1,0,1,GH23,0,no,93.66,High-quality,,,,肽聚糖（推断）,0.012,CRKP/PA/AB 临床重点菌,0.5218
AP019418_51,lysin,Pseudomonas,bacteria,Phikzvirus,Chimalliviridae,2238,0.00e+00,1,0,1,GH23,0,no,93.12,High-quality,,,,肽聚糖（推断）,0.012,CRKP/PA/AB 临床重点菌,0.5218
PV804821_44,lysin,Erwinia,bacteria,Unclassified,Unclassified,1321,0.00e+00,1,0,1,GH23,0,no,89.28,Medium-quality,,,,肽聚糖（推断）,0.412,其他革兰阴性/细菌,0.5218
NC_048063_42,lysin,Escherichia,bacteria,Teetrevirus,Autotranscriptaviridae,1321,0.00e+00,1,0,1,GH23,0,no,100.0,Complete,,,,肽聚糖（推断）,0.412,其他革兰阴性/细菌,0.5218
ON528720_34,lysin,Shigella,bacteria,Teetrevirus,Autotranscriptaviridae,1321,0.00e+00,1,0,1,GH23,0,no,91.69,High-quality,,,,肽聚糖（推断）,0.412,其他革兰阴性/细菌,0.5218
NC_031066_42,lysin,Citrobacter,bacteria,Teetrevirus,Autotranscriptaviridae,1321,0.00e+00,1,0,1,GH23,0,no,100.0,Complete,,,,肽聚糖（推断）,0.412,其他革兰阴性/细菌,0.5218
NC_001271_42,lysin,Yersinia,bacteria,Teetrevirus,Autotranscriptaviridae,1321,0.00e+00,1,0,1,GH23,0,no,100.0,Complete,,,,肽聚糖（推断）,0.412,其他革兰阴性/细菌,0.5218
NC_047774_15,lysin,Serratia,bacteria,Teetrevirus,Autotranscriptaviridae,1321,0.00e+00,1,1,1,GH23,0,no,100.0,Complete,,,,肽聚糖（推断）,0.412,其他革兰阴性/细菌,0.5218
ON528723_34,lysin,Shigella,bacteria,Teetrevirus,Autotranscriptaviridae,1321,0.00e+00,1,0,1,GH23,0,no,90.1,High-quality,,,,肽聚糖（推断）,0.412,其他革兰阴性/细菌,0.5218
NC_047755_43,lysin,Yersinia,bacteria,Teetrevirus,Autotranscriptaviridae,1321,0.00e+00,1,0,1,GH23,0,no,100.0,Complete,,,,肽聚糖（推断）,0.412,其他革兰阴性/细菌,0.5218
KP791807_44,lysin,Enterobacter,bacteria,Teetrevirus,Autotranscriptaviridae,1321,0.00e+00,1,0,1,GH23,0,no,91.03,High-quality,,,,肽聚糖（推断）,0.412,其他革兰阴性/细菌,0.5218
ON528715_50,lysin,Shigella,bacteria,Teseptimavirus,Autotranscriptaviridae,852,0.00e+00,1,1,1,GH23,0,no,91.07,High-quality,,,,肽聚糖（推断）,0.412,其他革兰阴性/细菌,0.5218
PQ850602_47,lysin,Escherichia,bacteria,Unclassified,Unclassified,1319,0.00e+00,1,1,1,GH23,0,no,93.78,High-quality,,,,肽聚糖（推断）,0.412,其他革兰阴性/细菌,0.5218
AY264776_40,lysin,Escherichia,bacteria,Teseptimavirus,Autotranscriptaviridae,1319,0.00e+00,1,1,1,GH23,0,no,87.3,Medium-quality,,,,肽聚糖（推断）,0.412,其他革兰阴性/细菌,0.5218
MN101220_58,depolymerase,Klebsiella,bacteria,Drulisvirus,Autoscriptoviridae,308,3.50e-06,1,0,0,none,0,no,93.33,High-quality,,,,未知,0.169,CRKP/PA/AB 临床重点菌,0.5217
NC_010807_40,lysin,Salmonella,bacteria,Teetrevirus,Autotranscriptaviridae,1321,0.00e+00,1,0,1,GH23,0,no,100.0,Complete,,,,肽聚糖（推断）,0.411,其他革兰阴性/细菌,0.5216
NC_029102_36,lysin,Enterobacter,bacteria,Teetrevirus,Autotranscriptaviridae,1321,0.00e+00,1,0,1,GH23,0,no,84.17,Medium-quality,,,,肽聚糖（推断）,0.411,其他革兰阴性/细菌,0.5216
NC_047856_15,lysin,Enterobacter,bacteria,Teetrevirus,Autotranscriptaviridae,1321,0.00e+00,1,0,1,GH23,0,no,97.61,High-quality,,,,肽聚糖（推断）,0.411,其他革兰阴性/细菌,0.5216
NC_047766_8,lysin,Escherichia,bacteria,Teetrevirus,Autotranscriptaviridae,1321,0.00e+00,1,0,1,GH23,0,no,90.45,High-quality,,,,肽聚糖（推断）,0.411,其他革兰阴性/细菌,0.5216
NC_025451_38,lysin,Yersinia,bacteria,Teetrevirus,Autotranscriptaviridae,1321,0.00e+00,1,0,1,GH23,0,no,100.0,Complete,,,,肽聚糖（推断）,0.411,其他革兰阴性/细菌,0.5216
PV007925_25,lysin,Salmonella,bacteria,Teetrevirus,Autotranscriptaviridae,1321,0.00e+00,1,0,1,GH23,0,no,100.0,Complete,,,,肽聚糖（推断）,0.411,其他革兰阴性/细菌,0.5216
ON950090_8,lysin,Serratia,bacteria,Teetrevirus,Autotranscriptaviridae,1321,0.00e+00,1,0,1,GH23,0,no,91.34,High-quality,,,,肽聚糖（推断）,0.411,其他革兰阴性/细菌,0.5216
MN098329_41,lysin,Serratia,bacteria,Teseptimavirus,Autotranscriptaviridae,1319,0.00e+00,1,1,1,GH23,0,no,90.33,High-quality,,,,肽聚糖（推断）,0.411,其他革兰阴性/细菌,0.5216
OR352934_7,lysin,Escherichia,bacteria,Teseptimavirus,Autotranscriptaviridae,1319,0.00e+00,1,1,1,GH23,0,no,92.79,High-quality,,,,肽聚糖（推断）,0.411,其他革兰阴性/细菌,0.5216
AY264775_44,lysin,Escherichia,bacteria,Teseptimavirus,Autotranscriptaviridae,1319,0.00e+00,1,1,1,GH23,0,no,90.61,High-quality,,,,肽聚糖（推断）,0.411,其他革兰阴性/细菌,0.5216
OQ992561_146,lysin,Pseudomonas,bacteria,Phikzvirus,Chimalliviridae,2238,0.00e+00,1,0,1,GH23,0,no,93.06,High-quality,,,,肽聚糖（推断）,0.01,CRKP/PA/AB 临床重点菌,0.5215
OR941417_35,lysin,Escherichia,bacteria,Unclassified,Unclassified,1321,0.00e+00,1,0,1,GH23,0,no,100.0,Complete,,,,肽聚糖（推断）,0.41,其他革兰阴性/细菌,0.5215
PP755006_14,lysin,Salmonella,bacteria,Unclassified,Unclassified,1321,0.00e+00,1,0,1,GH23,0,no,100.0,Complete,,,,肽聚糖（推断）,0.41,其他革兰阴性/细菌,0.5215
OL964741_35,lysin,Escherichia,bacteria,Teseptimavirus,Autotranscriptaviridae,1319,0.00e+00,1,1,1,GH23,0,no,100.0,Complete,,,,肽聚糖（推断）,0.41,其他革兰阴性/细菌,0.5215
PX794759.1_34,lysin,Escherichia,bacteria,Unclassified,Unclassified,1319,0.00e+00,1,1,1,GH23,0,no,100.0,Complete,,,,肽聚糖（推断）,0.41,其他革兰阴性/细菌,0.5215
MZ375279_37,lysin,Escherichia,bacteria,Teseptimavirus,Autotranscriptaviridae,1319,0.00e+00,1,1,1,GH23,0,no,100.0,Complete,,,,肽聚糖（推断）,0.41,其他革兰阴性/细菌,0.5215
MW883060_7,lysin,Escherichia,bacteria,Teseptimavirus,Autotranscriptaviridae,1319,0.00e+00,1,1,1,GH23,0,no,100.0,Complete,,,,肽聚糖（推断）,0.41,其他革兰阴性/细菌,0.5215
ON528719_49,lysin,Shigella,bacteria,Teseptimavirus,Autotranscriptaviridae,1319,0.00e+00,1,1,1,GH23,0,no,91.48,High-quality,,,,肽聚糖（推断）,0.41,其他革兰阴性/细菌,0.5215
MZ220766_41,lysin,Edwardsiella,bacteria,Teseptimavirus,Autotranscriptaviridae,1319,0.00e+00,1,0,1,GH23,0,no,88.56,Medium-quality,,,,肽聚糖（推断）,0.41,其他革兰阴性/细菌,0.5215
NC_047935_40,lysin,Yersinia,bacteria,Helsettvirus,Autotranscriptaviridae,1318,0.00e+00,1,1,1,GH23,0,no,100.0,Complete,,,,肽聚糖（推断）,0.409,其他革兰阴性/细菌,0.5213
PX437819.1_12,lysin,Aeromonas,bacteria,Teseptimavirus,Autotranscriptaviridae,165,0.00e+00,1,1,1,GH23,0,no,99.03,High-quality,,,,肽聚糖（推断）,0.409,其他革兰阴性/细菌,0.5213
PX437820.1_22,lysin,Aeromonas,bacteria,Teseptimavirus,Autotranscriptaviridae,165,0.00e+00,1,1,1,GH23,0,no,98.62,High-quality,,,,肽聚糖（推断）,0.409,其他革兰阴性/细菌,0.5213
PX418924.1_22,lysin,Escherichia,bacteria,Unclassified,Autotranscriptaviridae,1321,0.00e+00,1,0,1,GH23,0,no,100.0,Complete,,,,肽聚糖（推断）,0.409,其他革兰阴性/细菌,0.5213
MZ375260_37,lysin,Escherichia,bacteria,Teseptimavirus,Autotranscriptaviridae,1319,0.00e+00,1,1,1,GH23,0,no,100.0,Complete,,,,肽聚糖（推断）,0.409,其他革兰阴性/细菌,0.5213
MZ375291_36,lysin,Escherichia,bacteria,Teseptimavirus,Autotranscriptaviridae,1319,0.00e+00,1,1,1,GH23,0,no,100.0,Complete,,,,肽聚糖（推断）,0.409,其他革兰阴性/细菌,0.5213
MZ375285_35,lysin,Escherichia,bacteria,Teseptimavirus,Autotranscriptaviridae,1319,0.00e+00,1,1,1,GH23,0,no,100.0,Complete,,,,肽聚糖（推断）,0.409,其他革兰阴性/细菌,0.5213
MZ375269_37,lysin,Escherichia,bacteria,Teseptimavirus,Autotranscriptaviridae,1319,0.00e+00,1,1,1,GH23,0,no,100.0,Complete,,,,肽聚糖（推断）,0.409,其他革兰阴性/细菌,0.5213
MZ375290_35,lysin,Escherichia,bacteria,Teseptimavirus,Autotranscriptaviridae,1319,0.00e+00,1,1,1,GH23,0,no,100.0,Complete,,,,肽聚糖（推断）,0.409,其他革兰阴性/细菌,0.5213
MZ375289_35,lysin,Escherichia,bacteria,Teseptimavirus,Autotranscriptaviridae,1319,0.00e+00,1,1,1,GH23,0,no,100.0,Complete,,,,肽聚糖（推断）,0.409,其他革兰阴性/细菌,0.5213
MZ375294_34,lysin,Escherichia,bacteria,Teseptimavirus,Autotranscriptaviridae,1319,0.00e+00,1,1,1,GH23,0,no,100.0,Complete,,,,肽聚糖（推断）,0.409,其他革兰阴性/细菌,0.5213
MZ375283_35,lysin,Escherichia,bacteria,Teseptimavirus,Autotranscriptaviridae,1319,0.00e+00,1,1,1,GH23,0,no,100.0,Complete,,,,肽聚糖（推断）,0.409,其他革兰阴性/细菌,0.5213
ON528716_43,lysin,Shigella,bacteria,Teseptimavirus,Autotranscriptaviridae,1319,0.00e+00,1,1,1,GH23,0,no,92.66,High-quality,,,,肽聚糖（推断）,0.409,其他革兰阴性/细菌,0.5213
MZ375281_35,lysin,Escherichia,bacteria,Teseptimavirus,Autotranscriptaviridae,1319,0.00e+00,1,1,1,GH23,0,no,100.0,Complete,,,,肽聚糖（推断）,0.409,其他革兰阴性/细菌,0.5213
MZ375274_35,lysin,Escherichia,bacteria,Teseptimavirus,Autotranscriptaviridae,1319,0.00e+00,1,1,1,GH23,0,no,100.0,Complete,,,,肽聚糖（推断）,0.409,其他革兰阴性/细菌,0.5213
NC_015271_38,lysin,Salmonella,bacteria,Teseptimavirus,Autotranscriptaviridae,1319,0.00e+00,1,1,1,GH23,0,no,88.98,Medium-quality,,,,肽聚糖（推断）,0.409,其他革兰阴性/细菌,0.5213
MZ375292_35,lysin,Escherichia,bacteria,Teseptimavirus,Autotranscriptaviridae,1319,0.00e+00,1,1,1,GH23,0,no,100.0,Complete,,,,肽聚糖（推断）,0.409,其他革兰阴性/细菌,0.5213
LT961843_39,lysin,Yersinia,bacteria,Helsettvirus,Autotranscriptaviridae,1318,0.00e+00,1,1,1,GH23,0,no,100.0,Complete,,,,肽聚糖（推断）,0.408,其他革兰阴性/细菌,0.5212
NC_042081_160,lysin,Pseudomonas,bacteria,Phikzvirus,Chimalliviridae,2238,0.00e+00,1,0,1,GH23,0,no,100.0,Complete,,,,肽聚糖（推断）,0.008,CRKP/PA/AB 临床重点菌,0.5212
PX583109_1,lysin,Pseudomonas,bacteria,Unclassified,Unclassified,2229,0.00e+00,1,0,1,GH23,0,no,52.66,Medium-quality,,,,肽聚糖（推断）,0.008,CRKP/PA/AB 临床重点菌,0.5212
OP310983_147,lysin,Pseudomonas,bacteria,Phikzvirus,Chimalliviridae,2237,0.00e+00,1,0,1,GH23,0,no,100.0,Complete,,,,肽聚糖（推断）,0.008,CRKP/PA/AB 临床重点菌,0.5212
PQ493642_169,lysin,Pseudomonas,bacteria,Phikzvirus,Chimalliviridae,2237,0.00e+00,1,0,1,GH23,0,no,100.0,Complete,,,,肽聚糖（推断）,0.008,CRKP/PA/AB 临床重点菌,0.5212
PP456877_185,lysin,Pseudomonas,bacteria,Phikzvirus,Chimalliviridae,2237,0.00e+00,1,0,1,GH23,0,no,93.46,High-quality,,,,肽聚糖（推断）,0.008,CRKP/PA/AB 临床重点菌,0.5212
MN013082_48,lysin,Klebsiella,bacteria,Ningirsuvirus,Autotranscriptaviridae,1325,0.00e+00,1,0,1,GH23,0,no,93.04,High-quality,,,,肽聚糖（推断）,0.008,CRKP/PA/AB 临床重点菌,0.5212
MZ375280_36,lysin,Escherichia,bacteria,Teseptimavirus,Autotranscriptaviridae,1319,0.00e+00,1,1,1,GH23,0,no,100.0,Complete,,,,肽聚糖（推断）,0.408,其他革兰阴性/细菌,0.5212
MZ375271_37,lysin,Escherichia,bacteria,Teseptimavirus,Autotranscriptaviridae,1319,0.00e+00,1,1,1,GH23,0,no,100.0,Complete,,,,肽聚糖（推断）,0.408,其他革兰阴性/细菌,0.5212
OL964750_37,lysin,Escherichia,bacteria,Teseptimavirus,Autotranscriptaviridae,1319,0.00e+00,1,1,1,GH23,0,no,100.0,Complete,,,,肽聚糖（推断）,0.408,其他革兰阴性/细菌,0.5212
NC_027387_48,lysin,Escherichia,bacteria,Teseptimavirus,Autotranscriptaviridae,1319,0.00e+00,1,1,1,GH23,0,no,90.59,High-quality,,,,肽聚糖（推断）,0.408,其他革兰阴性/细菌,0.5212
OL964740_38,lysin,Escherichia,bacteria,Teseptimavirus,Autotranscriptaviridae,1319,0.00e+00,1,1,1,GH23,0,no,100.0,Complete,,,,肽聚糖（推断）,0.408,其他革兰阴性/细菌,0.5212
OL964739_39,lysin,Escherichia,bacteria,Teseptimavirus,Autotranscriptaviridae,1319,0.00e+00,1,1,1,GH23,0,no,100.0,Complete,,,,肽聚糖（推断）,0.408,其他革兰阴性/细菌,0.5212
PX530564_33,lysin,Escherichia,bacteria,Unclassified,Unclassified,1319,0.00e+00,1,1,1,GH23,0,no,98.33,High-quality,,,,肽聚糖（推断）,0.408,其他革兰阴性/细菌,0.5212
MZ375242_40,lysin,Escherichia,bacteria,Teseptimavirus,Autotranscriptaviridae,1319,0.00e+00,1,1,1,GH23,0,no,100.0,Complete,,,,肽聚糖（推断）,0.408,其他革兰阴性/细菌,0.5212
OL964749_36,lysin,Escherichia,bacteria,Teseptimavirus,Autotranscriptaviridae,1319,0.00e+00,1,1,1,GH23,0,no,100.0,Complete,,,,肽聚糖（推断）,0.408,其他革兰阴性/细菌,0.5212
MZ375266_37,lysin,Escherichia,bacteria,Teseptimavirus,Autotranscriptaviridae,1319,0.00e+00,1,1,1,GH23,0,no,100.0,Complete,,,,肽聚糖（推断）,0.408,其他革兰阴性/细菌,0.5212
MZ375276_34,lysin,Escherichia,bacteria,Teseptimavirus,Autotranscriptaviridae,1319,0.00e+00,1,1,1,GH23,0,no,100.0,Complete,,,,肽聚糖（推断）,0.408,其他革兰阴性/细菌,0.5212
MZ375240_40,lysin,Escherichia,bacteria,Teseptimavirus,Autotranscriptaviridae,1319,0.00e+00,1,1,1,GH23,0,no,100.0,Complete,,,,肽聚糖（推断）,0.408,其他革兰阴性/细菌,0.5212
PX405662_41,lysin,Escherichia,bacteria,Unclassified,Autotranscriptaviridae,1319,0.00e+00,1,1,1,GH23,0,no,100.0,Complete,,,,肽聚糖（推断）,0.408,其他革兰阴性/细菌,0.5212
MZ375264_38,lysin,Escherichia,bacteria,Teseptimavirus,Autotranscriptaviridae,1319,0.00e+00,1,1,1,GH23,0,no,100.0,Complete,,,,肽聚糖（推断）,0.408,其他革兰阴性/细菌,0.5212
NC_011045_42,lysin,Escherichia,bacteria,Teseptimavirus,Autotranscriptaviridae,1319,0.00e+00,1,1,1,GH23,0,no,100.0,Complete,,,,肽聚糖（推断）,0.408,其他革兰阴性/细菌,0.5212
MW074885_33,lysin,Escherichia,bacteria,Teseptimavirus,Autotranscriptaviridae,1319,0.00e+00,1,1,1,GH23,0,no,92.29,High-quality,,,,肽聚糖（推断）,0.408,其他革兰阴性/细菌,0.5212
MZ375288_35,lysin,Escherichia,bacteria,Teseptimavirus,Autotranscriptaviridae,1319,0.00e+00,1,1,1,GH23,0,no,100.0,Complete,,,,肽聚糖（推断）,0.408,其他革兰阴性/细菌,0.5212
MZ375282_34,lysin,Escherichia,bacteria,Teseptimavirus,Autotranscriptaviridae,1319,0.00e+00,1,1,1,GH23,0,no,100.0,Complete,,,,肽聚糖（推断）,0.408,其他革兰阴性/细菌,0.5212
PX759567.1_19,lysin,Escherichia,bacteria,Unclassified,Unclassified,1319,0.00e+00,1,1,1,GH23,0,no,91.3,High-quality,,,,肽聚糖（推断）,0.408,其他革兰阴性/细菌,0.5212
NC_048078_42,lysin,Escherichia,bacteria,Teseptimavirus,Autotranscriptaviridae,1319,0.00e+00,1,1,1,GH23,0,no,91.82,High-quality,,,,肽聚糖（推断）,0.408,其他革兰阴性/细菌,0.5212
PQ010280_41,lysin,Escherichia,bacteria,Teseptimavirus,Autotranscriptaviridae,1319,0.00e+00,1,1,1,GH23,0,no,100.0,Complete,,,,肽聚糖（推断）,0.408,其他革兰阴性/细菌,0.5212
MT543041_44,lysin,Serratia,bacteria,Teseptimavirus,Autotranscriptaviridae,1319,0.00e+00,1,1,1,GH23,0,no,91.39,High-quality,,,,肽聚糖（推断）,0.408,其他革兰阴性/细菌,0.5212
MZ428223_77,depolymerase,Klebsiella,bacteria,Webervirus,Drexlerviridae,161,2.40e-08,1,1,0,none,0,no,92.59,High-quality,,,,未知,0.069,CRKP/PA/AB 临床重点菌,0.5211
OL979478_40,depolymerase,Klebsiella,bacteria,Drulisvirus,Autoscriptoviridae,558,9.50e-06,1,1,0,none,0,yes,87.52,Medium-quality,,,,未知,0.184,CRKP/PA/AB 临床重点菌,0.5211
OR822025_6,lysin,Enterobacter,bacteria,Yuanmingyuanvirus,Autotranscriptaviridae,1326,0.00e+00,1,0,1,GH23,0,no,92.37,High-quality,,,,肽聚糖（推断）,0.407,其他革兰阴性/细菌,0.5211
OL856139_42,lysin,Rahnella,bacteria,Sarmavirus,Autotranscriptaviridae,1314,0.00e+00,1,1,1,GH23,0,no,100.0,Complete,,,,肽聚糖（推断）,0.407,其他革兰阴性/细菌,0.5211
OZ318230_187,lysin,Pseudomonas,bacteria,Unclassified,Unclassified,2238,0.00e+00,1,0,1,GH23,0,no,93.33,High-quality,,,,肽聚糖（推断）,0.007,CRKP/PA/AB 临床重点菌,0.5211
PX418925.1_347,lysin,Pseudomonas,bacteria,Phikzvirus,Chimalliviridae,2238,0.00e+00,1,0,1,GH23,0,no,100.0,Complete,,,,肽聚糖（推断）,0.007,CRKP/PA/AB 临床重点菌,0.5211
OZ318777_187,lysin,Pseudomonas,bacteria,Unclassified,Unclassified,2238,0.00e+00,1,0,1,GH23,0,no,93.33,High-quality,,,,肽聚糖（推断）,0.007,CRKP/PA/AB 临床重点菌,0.5211
PQ758386_264,lysin,Pseudomonas,bacteria,Unclassified,Unclassified,2238,0.00e+00,1,0,1,GH23,0,no,100.0,Complete,,,,肽聚糖（推断）,0.007,CRKP/PA/AB 临床重点菌,0.5211
MN871480_162,lysin,Pseudomonas,bacteria,Phikzvirus,Chimalliviridae,2238,0.00e+00,1,0,1,GH23,0,no,100.0,Complete,,,,肽聚糖（推断）,0.007,CRKP/PA/AB 临床重点菌,0.5211
OQ828465_217,lysin,Pseudomonas,bacteria,Phikzvirus,Chimalliviridae,2237,0.00e+00,1,0,1,GH23,0,no,92.93,High-quality,,,,肽聚糖（推断）,0.007,CRKP/PA/AB 临床重点菌,0.5211
LC727696_369,lysin,Pseudomonas,bacteria,Phikzvirus,Chimalliviridae,2237,0.00e+00,1,0,1,GH23,0,no,93.05,High-quality,,,,肽聚糖（推断）,0.007,CRKP/PA/AB 临床重点菌,0.5211
OM718002_139,lysin,Pseudomonas,bacteria,Phikzvirus,Chimalliviridae,2237,0.00e+00,1,0,1,GH23,0,no,94.27,High-quality,,,,肽聚糖（推断）,0.007,CRKP/PA/AB 临床重点菌,0.5211
PP793740_351,lysin,Pseudomonas,bacteria,Unclassified,Unclassified,2237,0.00e+00,1,0,1,GH23,0,no,93.04,High-quality,,,,肽聚糖（推断）,0.007,CRKP/PA/AB 临床重点菌,0.5211
MN563784_42,lysin,Pseudomonas,bacteria,Phikzvirus,Chimalliviridae,2237,0.00e+00,1,0,1,GH23,0,no,93.47,High-quality,,,,肽聚糖（推断）,0.007,CRKP/PA/AB 临床重点菌,0.5211
PP456878_188,lysin,Pseudomonas,bacteria,Phikzvirus,Chimalliviridae,2237,0.00e+00,1,0,1,GH23,0,no,93.05,High-quality,,,,肽聚糖（推断）,0.007,CRKP/PA/AB 临床重点菌,0.5211
NC_048082_39,lysin,Enterobacteria,bacteria,Teseptimavirus,Autotranscriptaviridae,1319,0.00e+00,1,1,1,GH23,0,no,89.67,Medium-quality,,,,肽聚糖（推断）,0.407,其他革兰阴性/细菌,0.5211
MZ375241_40,lysin,Escherichia,bacteria,Teseptimavirus,Autotranscriptaviridae,1319,0.00e+00,1,1,1,GH23,0,no,100.0,Complete,,,,肽聚糖（推断）,0.407,其他革兰阴性/细菌,0.5211
MZ375238_39,lysin,Escherichia,bacteria,Teseptimavirus,Autotranscriptaviridae,1319,0.00e+00,1,1,1,GH23,0,no,100.0,Complete,,,,肽聚糖（推断）,0.407,其他革兰阴性/细菌,0.5211
MN026740_47,lysin,Salmonella,bacteria,Teseptimavirus,Autotranscriptaviridae,1319,0.00e+00,1,1,1,GH23,0,no,89.92,Medium-quality,,,,肽聚糖（推断）,0.407,其他革兰阴性/细菌,0.5211
OM630586_15,lysin,Escherichia,bacteria,Teseptimavirus,Autotranscriptaviridae,1319,0.00e+00,1,1,1,GH23,0,no,92.71,High-quality,,,,肽聚糖（推断）,0.407,其他革兰阴性/细菌,0.5211
OM065840_1,depolymerase,Klebsiella,bacteria,Webervirus,Drexlerviridae,246,5.00e-08,1,1,0,none,0,yes,100.0,Complete,,,,未知,0.082,CRKP/PA/AB 临床重点菌,0.521
KY705285_25,lysin,Streptococcus,bacteria,Brussowvirus,Aliceevansviridae,200,1.20e-12,2,0,1,"CAZy(lytic_exoenzyme,class待定);GH(class)",0,no,62.68,Medium-quality,,,,肽聚糖（推断）,0.01,革兰阳性,0.521
MZ868724_45,depolymerase,Acinetobacter,bacteria,Friunavirus,Autoscriptoviridae,761,1.10e-12,0,1,1,none,0,no,100.0,Complete,,,,未知,0.008,CRKP/PA/AB 临床重点菌,0.5209
LT962906_40,lysin,Yersinia,bacteria,Helsettvirus,Autotranscriptaviridae,1318,0.00e+00,1,1,1,GH23,0,no,100.0,Complete,,,,肽聚糖（推断）,0.406,其他革兰阴性/细菌,0.5209
LT962380_40,lysin,Yersinia,bacteria,Helsettvirus,Autotranscriptaviridae,1318,0.00e+00,1,1,1,GH23,0,no,100.0,Complete,,,,肽聚糖（推断）,0.406,其他革兰阴性/细菌,0.5209
OQ828306_43,lysin,Yersinia,bacteria,Helsettvirus,Autotranscriptaviridae,1318,0.00e+00,1,1,1,GH23,0,no,100.0,Complete,,,,肽聚糖（推断）,0.406,其他革兰阴性/细菌,0.5209
NC_047937_40,lysin,Yersinia,bacteria,Helsettvirus,Autotranscriptaviridae,1318,0.00e+00,1,1,1,GH23,0,no,92.76,High-quality,,,,肽聚糖（推断）,0.406,其他革兰阴性/细菌,0.5209
LT961837_39,lysin,Yersinia,bacteria,Helsettvirus,Autotranscriptaviridae,1318,0.00e+00,1,1,1,GH23,0,no,100.0,Complete,,,,肽聚糖（推断）,0.406,其他革兰阴性/细菌,0.5209
LT962907_40,lysin,Yersinia,bacteria,Helsettvirus,Autotranscriptaviridae,1318,0.00e+00,1,1,1,GH23,0,no,100.0,Complete,,,,肽聚糖（推断）,0.406,其他革兰阴性/细菌,0.5209
NC_042060_196,lysin,Pseudomonas,bacteria,Phikzvirus,Chimalliviridae,2238,0.00e+00,1,0,1,GH23,0,no,89.06,Medium-quality,,,,肽聚糖（推断）,0.006,CRKP/PA/AB 临床重点菌,0.5209
MZ444140_145,lysin,Pseudomonas,bacteria,Phikzvirus,Chimalliviridae,2238,0.00e+00,1,0,1,GH23,0,no,100.0,Complete,,,,肽聚糖（推断）,0.006,CRKP/PA/AB 临床重点菌,0.5209
PV565008_67,lysin,Pseudomonas,bacteria,Unclassified,Unclassified,2237,0.00e+00,1,0,1,GH23,0,no,100.0,Complete,,,,肽聚糖（推断）,0.006,CRKP/PA/AB 临床重点菌,0.5209
OQ031493_191,lysin,Pseudomonas,bacteria,Phikzvirus,Chimalliviridae,2237,0.00e+00,1,0,1,GH23,0,no,89.14,Medium-quality,,,,肽聚糖（推断）,0.006,CRKP/PA/AB 临床重点菌,0.5209
OZ370880_6,lysin,Escherichia,bacteria,Teseptimavirus,Autotranscriptaviridae,1319,0.00e+00,1,1,1,GH23,0,no,100.0,Complete,,,,肽聚糖（推断）,0.406,其他革兰阴性/细菌,0.5209
OR204652_8,lysin,Escherichia,bacteria,Teseptimavirus,Autotranscriptaviridae,1319,0.00e+00,1,1,1,GH23,0,no,100.0,Complete,,,,肽聚糖（推断）,0.406,其他革兰阴性/细菌,0.5209
OP331230_8,lysin,Escherichia,bacteria,Teseptimavirus,Autotranscriptaviridae,1319,0.00e+00,1,1,1,GH23,0,no,92.07,High-quality,,,,肽聚糖（推断）,0.406,其他革兰阴性/细菌,0.5209
MZ375234_45,lysin,Escherichia,bacteria,Teseptimavirus,Autotranscriptaviridae,1319,0.00e+00,1,1,1,GH23,0,no,100.0,Complete,,,,肽聚糖（推断）,0.406,其他革兰阴性/细菌,0.5209
PQ351672_46,depolymerase,Acinetobacter,bacteria,Friunavirus,Autoscriptoviridae,761,1.10e-12,0,1,1,none,0,no,91.76,High-quality,,,,未知,0.007,CRKP/PA/AB 临床重点菌,0.5208
LC727699_42,lysin,Pseudomonas,bacteria,Phikzvirus,Chimalliviridae,2238,0.00e+00,1,0,1,GH23,0,no,93.75,High-quality,,,,肽聚糖（推断）,0.005,CRKP/PA/AB 临床重点菌,0.5208
LT961836_41,lysin,Yersinia,bacteria,Helsettvirus,Autotranscriptaviridae,1318,0.00e+00,1,1,1,GH23,0,no,89.66,Medium-quality,,,,肽聚糖（推断）,0.405,其他革兰阴性/细菌,0.5207
NC_047934_41,lysin,Yersinia,bacteria,Helsettvirus,Autotranscriptaviridae,1318,0.00e+00,1,1,1,GH23,0,no,100.0,Complete,,,,肽聚糖（推断）,0.405,其他革兰阴性/细菌,0.5207
MZ833439_43,lysin,Enterobacteria,bacteria,Teseptimavirus,Autotranscriptaviridae,1325,0.00e+00,1,1,1,GH23,0,no,100.0,Complete,,,,肽聚糖（推断）,0.405,其他革兰阴性/细菌,0.5207
PV223883_34,lysin,Escherichia,bacteria,Teseptimavirus,Autotranscriptaviridae,1319,0.00e+00,1,1,1,GH23,0,no,100.0,Complete,,,,肽聚糖（推断）,0.405,其他革兰阴性/细菌,0.5207
PQ356293_36,lysin,Escherichia,bacteria,Teseptimavirus,Autotranscriptaviridae,1319,0.00e+00,1,1,1,GH23,0,no,100.0,Complete,,,,肽聚糖（推断）,0.405,其他革兰阴性/细菌,0.5207
OZ370878_6,lysin,Escherichia,bacteria,Teseptimavirus,Autotranscriptaviridae,1319,0.00e+00,1,1,1,GH23,0,no,100.0,Complete,,,,肽聚糖（推断）,0.405,其他革兰阴性/细菌,0.5207
MZ318363_39,lysin,Escherichia,bacteria,Teseptimavirus,Autotranscriptaviridae,1319,0.00e+00,1,1,1,GH23,0,no,85.81,Medium-quality,,,,肽聚糖（推断）,0.405,其他革兰阴性/细菌,0.5207
PX620741_40,lysin,Escherichia,bacteria,Unclassified,Unclassified,1319,0.00e+00,1,1,1,GH23,0,no,100.0,Complete,,,,肽聚糖（推断）,0.405,其他革兰阴性/细菌,0.5207
PX620742_41,lysin,Escherichia,bacteria,Unclassified,Unclassified,1319,0.00e+00,1,1,1,GH23,0,no,100.0,Complete,,,,肽聚糖（推断）,0.404,其他革兰阴性/细菌,0.5206
NC_048004_49,lysin,Salmonella,bacteria,Teseptimavirus,Autotranscriptaviridae,1319,0.00e+00,1,1,1,GH23,0,no,90.42,High-quality,,,,肽聚糖（推断）,0.402,其他革兰阴性/细菌,0.5203
NC_013649_58,depolymerase,Klebsiella,bacteria,Drulisvirus,Autoscriptoviridae,631,1.00e-12,,,,none,0,no,100.0,Complete,,,,未知,0.0,CRKP/PA/AB 临床重点菌,0.52
PQ741806_184,lysin,Pseudomonas,bacteria,Unclassified,Unclassified,2238,0.00e+00,1,0,1,GH23,0,no,92.9,High-quality,,,,肽聚糖（推断）,0.0,CRKP/PA/AB 临床重点菌,0.52
NC_042003_44,depolymerase,Acinetobacter,bacteria,Friunavirus,Autoscriptoviridae,761,1.10e-12,0,1,1,none,0,no,90.46,High-quality,,,,未知,0.0,CRKP/PA/AB 临床重点菌,0.5197
OL976437_53,depolymerase,Klebsiella,bacteria,Drulisvirus,Autoscriptoviridae,80,9.50e-06,1,0,0,none,0,no,93.86,High-quality,,,,未知,0.175,CRKP/PA/AB 临床重点菌,0.5197
NC_028772_37,lysin,Enterobacter,bacteria,Eapunavirus,Autotranscriptaviridae,1316,0.00e+00,1,1,1,GH23,0,no,100.0,Complete,,,,肽聚糖（推断）,0.397,其他革兰阴性/细菌,0.5195
NC_007019_27,lysin,Streptococcus,bacteria,Brussowvirus,Aliceevansviridae,200,1.20e-12,2,0,1,"CAZy(lytic_exoenzyme,class待定);GH(class)",0,no,61.89,Medium-quality,,,,肽聚糖（推断）,0.0,革兰阳性,0.5195
ON715521_1,lysin,Erwinia,bacteria,Elunavirus,Autotranscriptaviridae,180,0.00e+00,1,1,1,GH23,0,no,100.0,Complete,,,,肽聚糖（推断）,0.389,其他革兰阴性/细菌,0.5183
PP779550_56,lysin,Lactobacillus,bacteria,Unclassified,Unclassified,301,2.00e-06,1,1,1,GH25,0,yes,75.25,Medium-quality,AF-A0ABD0AEQ7-F1,86.9,12,肽聚糖（推断）,0.03,革兰阳性,0.5178
MW590329_46,depolymerase,Klebsiella,bacteria,Drulisvirus,Autoscriptoviridae,531,2.30e-09,1,0,0,none,2,no,100.0,Complete,,,,未知,0.0,CRKP/PA/AB 临床重点菌,0.5176
OX335384_31,depolymerase,Klebsiella,bacteria,Webervirus,Drexlerviridae,158,2.40e-08,1,1,0,none,0,yes,91.23,High-quality,,,,未知,0.04,CRKP/PA/AB 临床重点菌,0.5168
OR845139_41,depolymerase,Escherichia,bacteria,Unclassified,Unclassified,308,1.90e-11,1,0,0,none,0,no,100.0,Complete,,,,未知,0.296,其他革兰阴性/细菌,0.5159
MZ417342_1,lysin,Staphylococcus,bacteria,Sextaecvirus,Unclassified,322,9.90e-06,2,1,2,none,0,no,78.02,Medium-quality,AF-A0AAX3W0M3-F1,89.1,30,未知,0.292,革兰阳性,0.5158
PQ518655_1,depolymerase,Klebsiella,bacteria,Unclassified,Unclassified,552,9.50e-06,1,0,0,none,0,no,94.47,High-quality,,,,未知,0.14,CRKP/PA/AB 临床重点菌,0.5145
PP107912_17,lysin,Klebsiella,bacteria,Unclassified,Sarkviridae,183,0.00e+00,,,,none,0,no,87.86,Medium-quality,,,,未知,0.494,CRKP/PA/AB 临床重点菌,0.5141
OP272491_17,lysin,Enterobacter,bacteria,Kayfunavirus,Autotranscriptaviridae,179,9.50e-21,,,,none,0,no,93.21,High-quality,,,,未知,0.0,其他革兰阴性/细菌,0.5135
PX123773_38,lysin,Salmonella,bacteria,Zindervirus,Autosignataviridae,979,0.00e+00,1,0,1,GH24,0,no,90.84,High-quality,,,,肽聚糖（推断）,0.357,其他革兰阴性/细菌,0.5135
OQ291054_38,lysin,Salmonella,bacteria,Zindervirus,Autosignataviridae,979,0.00e+00,1,0,1,GH24,0,no,92.44,High-quality,,,,肽聚糖（推断）,0.357,其他革兰阴性/细菌,0.5135
OQ291055_38,lysin,Salmonella,bacteria,Zindervirus,Autosignataviridae,979,0.00e+00,1,0,1,GH24,0,no,92.44,High-quality,,,,肽聚糖（推断）,0.357,其他革兰阴性/细菌,0.5135
AY288927_36,lysin,Salmonella,bacteria,Zindervirus,Autosignataviridae,979,0.00e+00,1,0,1,GH24,0,no,100.0,Complete,,,,肽聚糖（推断）,0.357,其他革兰阴性/细菌,0.5135
NC_031271_36,lysin,Salmonella,bacteria,Zindervirus,Autosignataviridae,979,0.00e+00,1,0,1,GH24,0,no,90.86,High-quality,,,,肽聚糖（推断）,0.357,其他革兰阴性/细菌,0.5135
PQ843100_46,lysin,Streptococcus,bacteria,Unclassified,Unclassified,254,1.80e-09,2,0,1,none,0,no,96.63,High-quality,AF-A0A5R9B6M7-F1,96.8,9,未知,0.032,革兰阳性,0.5133
PQ518655_51,depolymerase,Klebsiella,bacteria,Unclassified,Unclassified,714,9.50e-06,1,1,0,none,0,yes,94.47,High-quality,,,,未知,0.131,CRKP/PA/AB 临床重点菌,0.5131
NC_048180_7,lysin,Shigella,bacteria,Berlinvirus,Autotranscriptaviridae,1645,0.00e+00,1,1,1,GH23,1,no,100.0,Complete,,,,肽聚糖（推断）,0.351,其他革兰阴性/细菌,0.5126
ON526839_12,lysin,Salmonella,bacteria,Zindervirus,Autosignataviridae,979,0.00e+00,1,0,1,GH24,0,no,100.0,Complete,,,,肽聚糖（推断）,0.351,其他革兰阴性/细菌,0.5126
GU595417_38,lysin,Escherichia,bacteria,Zindervirus,Autosignataviridae,979,0.00e+00,1,0,1,GH24,0,no,91.3,High-quality,,,,肽聚糖（推断）,0.351,其他革兰阴性/细菌,0.5126
MZ573924_20,lysin,Salmonella,bacteria,Zindervirus,Autosignataviridae,979,0.00e+00,1,0,1,GH24,0,no,91.96,High-quality,,,,肽聚糖（推断）,0.351,其他革兰阴性/细菌,0.5126
PP235089_22,depolymerase,Klebsiella,bacteria,Webervirus,Drexlerviridae,729,5.50e-09,,,,none,0,no,88.96,Medium-quality,,,,未知,0.114,CRKP/PA/AB 临床重点菌,0.5122
PP889505_20,depolymerase,Klebsiella,bacteria,Unclassified,Unclassified,729,5.50e-09,,,,none,0,no,90.29,High-quality,,,,未知,0.113,CRKP/PA/AB 临床重点菌,0.512
MK449003_64,lysin,Streptococcus,bacteria,Unclassified,Aliceevansviridae,291,1.40e-07,1,0,1,GH25,0,no,75.82,Medium-quality,AF-G5KEL2-F1,80.5,21,肽聚糖（推断）,0.0,革兰阳性,0.5114
OR354850_86,lysin,Staphylococcus,bacteria,Unclassified,Unclassified,125,3.40e-09,1,0,1,none,0,yes,76.3,Medium-quality,AF-Q4L5L8-F1,89.0,27,未知,0.242,革兰阳性,0.5113
OR896849_22,depolymerase,Klebsiella,bacteria,Webervirus,Drexlerviridae,130,5.00e-08,1,1,0,none,0,no,92.43,High-quality,,,,未知,0.016,CRKP/PA/AB 临床重点菌,0.5111
PQ657831_47,depolymerase,Klebsiella,bacteria,Unclassified,Unclassified,156,3.40e-10,,,,none,0,no,92.24,High-quality,,,,未知,0.051,CRKP/PA/AB 临床重点菌,0.5108
PP919962_29,depolymerase,Klebsiella,bacteria,Unclassified,Unclassified,810,9.50e-06,1,1,0,none,0,no,90.57,High-quality,,,,未知,0.115,CRKP/PA/AB 临床重点菌,0.5107
PX550016_1,depolymerase,Klebsiella,bacteria,Unclassified,Unclassified,167,2.90e-10,,,,none,0,no,91.72,High-quality,,,,未知,0.044,CRKP/PA/AB 临床重点菌,0.5102
PQ154629_66,lysin,Bacillus,bacteria,Wphvirus,Herelleviridae,278,7.20e-19,2,1,1,none,0,no,100.0,Complete,,,,未知,0.061,革兰阳性,0.5101
MZ428226_76,depolymerase,Klebsiella,bacteria,Webervirus,Drexlerviridae,150,2.90e-10,,,,none,0,no,91.02,High-quality,,,,未知,0.043,CRKP/PA/AB 临床重点菌,0.51
PQ900155_40,depolymerase,Escherichia,bacteria,Unclassified,Unclassified,682,6.20e-06,1,0,0,"CAZy(tailspike,class待定)",0,no,78.91,Medium-quality,,,,荚膜多糖（推断）,0.0,其他革兰阴性/细菌,0.5097
OP978316_1,depolymerase,Klebsiella,bacteria,Webervirus,Drexlerviridae,144,3.40e-10,,,,none,0,no,92.6,High-quality,,,,未知,0.043,CRKP/PA/AB 临床重点菌,0.5096
MN871444_110,depolymerase,Serratia,bacteria,Unclassified,Unclassified,592,8.00e-17,0,0,1,none,1,yes,91.55,High-quality,,,,未知,0.146,其他革兰阴性/细菌,0.5092
MN871453_75,depolymerase,Serratia,bacteria,Unclassified,Unclassified,729,3.30e-16,1,0,1,none,0,no,99.25,High-quality,,,,未知,0.038,其他革兰阴性/细菌,0.5089
NC_048024_44,depolymerase,Klebsiella,bacteria,Webervirus,Drexlerviridae,993,5.00e-08,1,1,0,none,0,no,91.48,High-quality,,,,未知,0.0,CRKP/PA/AB 临床重点菌,0.5087
PQ657788_45,depolymerase,Klebsiella,bacteria,Unclassified,Unclassified,299,3.40e-10,,,,none,1,no,91.3,High-quality,,,,未知,0.036,CRKP/PA/AB 临床重点菌,0.5085
OU342755_1,depolymerase,Klebsiella,bacteria,Unclassified,Unclassified,216,2.90e-10,,,,none,0,no,100.0,Complete,,,,未知,0.029,CRKP/PA/AB 临床重点菌,0.5079
PQ657808_47,depolymerase,Klebsiella,bacteria,Unclassified,Unclassified,772,3.10e-08,,,,none,0,no,92.85,High-quality,,,,未知,0.118,CRKP/PA/AB 临床重点菌,0.5078
OP272490_95,lysin,Enterobacter,bacteria,Kayfunavirus,Autotranscriptaviridae,65,6.30e-17,,,,none,0,no,98.41,High-quality,,,,未知,0.132,其他革兰阴性/细菌,0.5078
OR757456_20,depolymerase,Salmonella,bacteria,Uetakevirus,Unclassified,128,2.70e-19,,,,none,0,no,68.19,Medium-quality,,,,未知,0.025,其他革兰阴性/细菌,0.5075
NC_054979_66,lysin,Staphylococcus,bacteria,Phietavirus,Unclassified,475,5.70e-07,3,1,2,none,0,no,91.04,High-quality,AF-A0AAX2Z0N7-F1,88.3,26,未知,0.05,革兰阳性,0.5066
PP096838_37,lysin,Klebsiella,bacteria,Przondovirus,Autotranscriptaviridae,1185,0.00e+00,,,,none,0,no,92.89,High-quality,,,,未知,0.44,CRKP/PA/AB 临床重点菌,0.506
OX335418_7,lysin,Klebsiella,bacteria,Przondovirus,Autotranscriptaviridae,1161,0.00e+00,,,,none,0,no,100.0,Complete,,,,未知,0.437,CRKP/PA/AB 临床重点菌,0.5056
NC_031114_43,lysin,Escherichia,bacteria,Teseptimavirus,Autotranscriptaviridae,39,2.10e-19,,,,none,0,no,91.49,High-quality,,,,未知,0.0,其他革兰阴性/细菌,0.5045
MZ634345_77,depolymerase,Klebsiella,bacteria,Webervirus,Drexlerviridae,184,3.40e-10,,,,none,0,no,100.0,Complete,,,,未知,0.007,CRKP/PA/AB 临床重点菌,0.5042
OZ035820_42,depolymerase,Unspecified,bacteria,Przondovirus,Autotranscriptaviridae,844,2.20e-57,2,0,2,none,0,no,94.49,High-quality,,,,未知,0.026,未知,0.5039
OZ035736_43,depolymerase,Unspecified,bacteria,Przondovirus,Autotranscriptaviridae,844,2.20e-57,2,0,2,none,0,no,94.74,High-quality,,,,未知,0.025,未知,0.5038
NC_071137_13,depolymerase,Klebsiella,bacteria,Bimevirus,Unclassified,263,1.60e-08,,,,none,0,no,80.44,Medium-quality,,,,未知,0.077,CRKP/PA/AB 临床重点菌,0.5035
OR354850_88,lysin,Staphylococcus,bacteria,Unclassified,Unclassified,134,3.40e-09,1,0,0,none,0,no,76.3,Medium-quality,AF-A0A380FD72-F1,86.2,20,未知,0.218,革兰阳性,0.5035
OX335400_30,depolymerase,Klebsiella,bacteria,Webervirus,Drexlerviridae,307,6.80e-09,,,,none,0,no,91.67,High-quality,,,,未知,0.059,CRKP/PA/AB 临床重点菌,0.5033
MK416017_1,depolymerase,Klebsiella,bacteria,Unclassified,Unclassified,143,3.60e-10,,,,none,0,no,52.3,Medium-quality,,,,未知,0.0,CRKP/PA/AB 临床重点菌,0.503
OX335386_30,depolymerase,Klebsiella,bacteria,Webervirus,Drexlerviridae,390,3.30e-08,,,,none,2,no,92.25,High-quality,,,,未知,0.087,CRKP/PA/AB 临床重点菌,0.5029
PQ657812_47,depolymerase,Klebsiella,bacteria,Unclassified,Unclassified,330,2.40e-08,,,,none,0,no,92.85,High-quality,,,,未知,0.08,CRKP/PA/AB 临床重点菌,0.5028
NC_071065_27,lysin,Streptococcus,bacteria,Brussowvirus,Aliceevansviridae,76,9.80e-20,1,0,0,"CAZy(lytic_exoenzyme,class待定)",0,yes,69.33,Medium-quality,,,,未知,0.107,革兰阳性,0.5028
NC_023501_7,lysin,Bacillus,bacteria,Wphvirus,Herelleviridae,278,7.20e-19,2,1,1,none,0,no,97.27,High-quality,,,,未知,0.011,革兰阳性,0.5026
OR844991_141,lysin,Staphylococcus,bacteria,Unclassified,Unclassified,471,5.70e-07,3,1,2,none,0,no,100.0,Complete,AF-A0AAX2Z0N7-F1,88.3,26,未知,0.023,革兰阳性,0.5025
NC_008798_66,lysin,Staphylococcus,bacteria,Dubowvirus,Unclassified,471,5.70e-07,3,1,2,none,0,no,92.62,High-quality,AF-A0AAX2Z0N7-F1,88.3,26,未知,0.021,革兰阳性,0.5022
NC_028859_62,lysin,Staphylococcus,bacteria,Phietavirus,Unclassified,471,5.70e-07,3,1,2,none,0,no,89.98,Medium-quality,AF-A0AAX2Z0N7-F1,88.3,26,未知,0.021,革兰阳性,0.5022
PQ133609_1,depolymerase,Klebsiella,bacteria,Unclassified,Unclassified,259,1.60e-08,,,,none,0,no,100.0,Complete,,,,未知,0.066,CRKP/PA/AB 临床重点菌,0.5019
NC_007059_27,lysin,Staphylococcus,bacteria,Phietavirus,Unclassified,471,5.70e-07,3,1,2,none,0,no,91.51,High-quality,AF-A0AAX2Z0N7-F1,88.3,26,未知,0.019,革兰阳性,0.5019
NC_031034_65,lysin,Bacillus,bacteria,Wphvirus,Herelleviridae,278,7.20e-19,2,1,1,none,0,no,100.0,Complete,,,,未知,0.006,革兰阳性,0.5019
OY757091_22,depolymerase,Klebsiella,bacteria,Webervirus,Drexlerviridae,730,1.90e-07,,,,none,0,no,90.43,High-quality,,,,未知,0.113,CRKP/PA/AB 临床重点菌,0.5018
OZ035777_44,depolymerase,Unspecified,bacteria,Przondovirus,Autotranscriptaviridae,844,2.20e-57,2,0,2,none,0,no,94.91,High-quality,,,,未知,0.009,未知,0.5013
NC_008799_66,lysin,Staphylococcus,bacteria,Phietavirus,Unclassified,471,5.70e-07,3,1,2,none,0,no,92.08,High-quality,AF-A0AAX2Z0N7-F1,88.3,26,未知,0.015,革兰阳性,0.5013
PQ133620_1,lysin,Klebsiella,bacteria,Unclassified,Unclassified,832,0.00e+00,,,,none,0,no,100.0,Complete,,,,未知,0.409,CRKP/PA/AB 临床重点菌,0.5013
NC_003288_65,lysin,Staphylococcus,bacteria,Phietavirus,Unclassified,471,5.70e-07,3,1,2,none,0,no,90.91,High-quality,AF-A0AAX2Z0N7-F1,88.3,26,未知,0.011,革兰阳性,0.5007
ON911718_64,lysin,Staphylococcus,bacteria,Dubowvirus,Unclassified,471,5.70e-07,3,1,2,none,0,no,92.19,High-quality,AF-A0AAX2Z0N7-F1,88.3,26,未知,0.011,革兰阳性,0.5007
OP103918_1,lysin,Klebsiella,bacteria,Przondovirus,Autotranscriptaviridae,423,0.00e+00,,,,none,0,no,100.0,Complete,,,,未知,0.404,CRKP/PA/AB 临床重点菌,0.5006
PX842636.1_50,lysin,Staphylococcus,bacteria,Unclassified,Unclassified,471,5.70e-07,3,1,2,none,0,no,100.0,Complete,AF-A0AAX2Z0N7-F1,88.3,26,未知,0.009,革兰阳性,0.5004
OM439668_60,lysin,Staphylococcus,bacteria,Dubowvirus,Unclassified,471,5.70e-07,3,1,2,none,0,no,90.62,High-quality,AF-A0AAX2Z0N7-F1,88.3,26,未知,0.006,革兰阳性,0.5
CP062454_60,lysin,Staphylococcus,bacteria,Dubowvirus,Unclassified,471,5.70e-07,3,1,2,none,0,no,89.86,Medium-quality,AF-A0AAX2Z0N7-F1,88.3,26,未知,0.006,革兰阳性,0.5
NC_023500_63,lysin,Staphylococcus,bacteria,Phietavirus,Unclassified,471,5.70e-07,3,1,2,none,0,no,91.14,High-quality,AF-A0AAX2Z0N7-F1,88.3,26,未知,0.006,革兰阳性,0.5
PP107912_16,lysin,Klebsiella,bacteria,Unclassified,Sarkviridae,77,0.00e+00,,,,none,0,no,87.86,Medium-quality,,,,未知,1.0,CRKP/PA/AB 临床重点菌,0.5
OP272493_52,lysin,Enterobacter,bacteria,Kayfunavirus,Autotranscriptaviridae,88,6.30e-17,,,,none,0,no,92.39,High-quality,,,,未知,0.079,其他革兰阴性/细菌,0.4999
MN871445_200,depolymerase,Serratia,bacteria,Unclassified,Unclassified,826,6.30e-10,1,0,2,none,1,no,91.92,High-quality,,,,未知,0.656,其他革兰阴性/细菌,0.4997
ON911717_62,lysin,Staphylococcus,bacteria,Dubowvirus,Unclassified,471,5.70e-07,3,1,2,none,0,no,90.54,High-quality,AF-A0AAX2Z0N7-F1,88.3,26,未知,0.004,革兰阳性,0.4997
PP357462_1,lysin,Klebsiella,bacteria,Przondovirus,Autotranscriptaviridae,429,0.00e+00,,,,none,0,no,100.0,Complete,,,,未知,0.398,CRKP/PA/AB 临床重点菌,0.4997
PX412410_39,lysin,Salmonella,bacteria,Berlinvirus,Autotranscriptaviridae,1491,0.00e+00,1,1,1,GH23,1,no,91.57,High-quality,,,,肽聚糖（推断）,0.264,其他革兰阴性/细菌,0.4996
PQ309151_236,lysin,Ralstonia,bacteria,Unclassified,Unclassified,1483,1.80e-14,,,,none,4,no,76.73,Medium-quality,,,,未知,0.186,其他革兰阴性/细菌,0.4995
NC_029010_41,lysin,Staphylococcus,bacteria,Dubowvirus,Unclassified,471,5.70e-07,3,1,2,none,0,no,86.01,Medium-quality,AF-A0AAX2Z0N7-F1,88.3,26,未知,0.002,革兰阳性,0.4994
NC_047932_115,depolymerase,Klebsiella,bacteria,Taipeivirus,Ackermannviridae,863,1.30e-06,1,0,0,none,0,yes,94.46,High-quality,,,,未知,0.0,CRKP/PA/AB 临床重点菌,0.4992
OR204651_41,lysin,Escherichia,bacteria,Berlinvirus,Autotranscriptaviridae,1504,0.00e+00,1,1,1,GH23,1,no,91.75,High-quality,,,,肽聚糖（推断）,0.261,其他革兰阴性/细菌,0.4991
NC_047929_41,depolymerase,Shigella,bacteria,Drulisvirus,Autoscriptoviridae,349,1.50e-06,1,0,0,none,0,yes,93.1,High-quality,,,,未知,0.4,其他革兰阴性/细菌,0.4988
NC_049847_48,depolymerase,Klebsiella,bacteria,Webervirus,Drexlerviridae,786,2.20e-06,1,0,1,none,0,no,93.29,High-quality,,,,未知,0.0,CRKP/PA/AB 临床重点菌,0.4977
MZ602147_53,depolymerase,Klebsiella,bacteria,Mydovirus,Unclassified,592,5.50e-09,,,,none,0,no,89.0,Medium-quality,,,,未知,0.014,CRKP/PA/AB 临床重点菌,0.4972
MN101219_56,depolymerase,Klebsiella,bacteria,Drulisvirus,Autoscriptoviridae,338,3.80e-06,1,0,0,none,0,yes,92.97,High-quality,,,,未知,0.004,CRKP/PA/AB 临床重点菌,0.4967
NC_047825_22,depolymerase,Klebsiella,bacteria,Webervirus,Drexlerviridae,766,3.40e-09,0,0,1,none,0,yes,93.77,High-quality,,,,未知,0.0,CRKP/PA/AB 临床重点菌,0.4965
MW042811_50,lysin,Klebsiella,bacteria,Przondovirus,Autotranscriptaviridae,531,0.00e+00,,,,none,0,no,100.0,Complete,,,,未知,0.376,CRKP/PA/AB 临床重点菌,0.4964
OM864357_44,depolymerase,Escherichia,bacteria,Drulisvirus,Autoscriptoviridae,356,1.50e-06,1,0,0,none,0,yes,100.0,Complete,,,,未知,0.38,其他革兰阴性/细菌,0.4958
ON602733_1,lysin,Klebsiella,bacteria,Benllochvirus,Autotranscriptaviridae,496,0.00e+00,,,,none,0,no,89.14,Medium-quality,,,,未知,0.372,CRKP/PA/AB 临床重点菌,0.4958
OP103923_52,lysin,Klebsiella,bacteria,Przondovirus,Autotranscriptaviridae,597,0.00e+00,,,,none,0,no,100.0,Complete,,,,未知,0.372,CRKP/PA/AB 临床重点菌,0.4958
NC_047789_40,lysin,Pectobacterium,bacteria,Berlinvirus,Autotranscriptaviridae,1503,0.00e+00,1,1,2,GH23,1,no,92.37,High-quality,,,,肽聚糖（推断）,0.238,其他革兰阴性/细菌,0.4957
MN871453_73,depolymerase,Serratia,bacteria,Unclassified,Unclassified,952,5.40e-15,1,0,1,none,0,yes,99.25,High-quality,,,,未知,0.0,其他革兰阴性/细菌,0.4951
OY978791_44,lysin,Klebsiella,bacteria,Przondovirus,Autotranscriptaviridae,923,0.00e+00,,,,none,0,yes,95.44,High-quality,,,,未知,0.365,CRKP/PA/AB 临床重点菌,0.4948
MW042799_50,lysin,Klebsiella,bacteria,Przondovirus,Autotranscriptaviridae,589,0.00e+00,,,,none,0,no,100.0,Complete,,,,未知,0.365,CRKP/PA/AB 临床重点菌,0.4948
OX335421_31,depolymerase,Klebsiella,bacteria,Webervirus,Drexlerviridae,300,9.10e-09,,,,none,0,no,86.63,Medium-quality,,,,未知,0.007,CRKP/PA/AB 临床重点菌,0.4947
NC_071058_22,lysin,Streptococcus,bacteria,Vansinderenvirus,Aliceevansviridae,76,1.70e-18,1,0,0,"CAZy(lytic_exoenzyme,class待定)",0,no,65.43,Medium-quality,,,,未知,0.107,革兰阳性,0.4945
PP357460_42,lysin,Klebsiella,bacteria,Przondovirus,Autotranscriptaviridae,869,0.00e+00,,,,none,0,yes,100.0,Complete,,,,未知,0.362,CRKP/PA/AB 临床重点菌,0.4943
OR769031_43,lysin,Escherichia,bacteria,Berlinvirus,Autotranscriptaviridae,1484,0.00e+00,1,1,1,GH23,0,no,90.97,High-quality,,,,肽聚糖（推断）,0.229,其他革兰阴性/细菌,0.4943
OP272493_54,lysin,Enterobacter,bacteria,Kayfunavirus,Autotranscriptaviridae,82,1.40e-14,,,,none,0,no,92.39,High-quality,,,,未知,0.145,其他革兰阴性/细菌,0.4941
PP357479_1,lysin,Klebsiella,bacteria,Przondovirus,Autotranscriptaviridae,837,0.00e+00,,,,none,0,no,100.0,Complete,,,,未知,0.36,CRKP/PA/AB 临床重点菌,0.494
OX335412_30,depolymerase,Klebsiella,bacteria,Webervirus,Drexlerviridae,262,3.70e-08,,,,none,0,no,91.42,High-quality,,,,未知,0.029,CRKP/PA/AB 临床重点菌,0.4939
OR290821_1,lysin,Klebsiella,bacteria,Przondovirus,Autotranscriptaviridae,837,0.00e+00,,,,none,0,no,100.0,Complete,,,,未知,0.358,CRKP/PA/AB 临床重点菌,0.4937
PV357744_91,depolymerase,Klebsiella,bacteria,Unclassified,Unclassified,1321,1.50e-07,,,,none,1,no,100.0,Complete,,,,未知,0.054,CRKP/PA/AB 临床重点菌,0.4936
NC_028822_5,lysin,Escherichia,bacteria,Berlinvirus,Autotranscriptaviridae,1491,0.00e+00,1,1,1,GH23,1,no,100.0,Complete,,,,肽聚糖（推断）,0.224,其他革兰阴性/细菌,0.4936
PP541514_41,depolymerase,Escherichia,bacteria,Unclassified,Unclassified,319,1.30e-06,1,0,0,none,0,no,93.5,High-quality,,,,未知,0.362,其他革兰阴性/细菌,0.4935
PV357746_545,depolymerase,Klebsiella,bacteria,Unclassified,Unclassified,1321,1.50e-07,,,,none,1,no,100.0,Complete,,,,未知,0.052,CRKP/PA/AB 临床重点菌,0.4933
OP617745_440,depolymerase,Klebsiella,bacteria,Alcyoneusvirus,Unclassified,1321,1.50e-07,,,,none,1,no,92.17,High-quality,,,,未知,0.051,CRKP/PA/AB 临床重点菌,0.4931
PP197160_9,depolymerase,Escherichia,bacteria,Unclassified,Unclassified,337,1.50e-06,1,0,0,none,0,no,94.45,High-quality,,,,未知,0.361,其他革兰阴性/细菌,0.493
OX335422_30,depolymerase,Klebsiella,bacteria,Webervirus,Drexlerviridae,319,7.50e-08,,,,none,0,no,91.96,High-quality,,,,未知,0.036,CRKP/PA/AB 临床重点菌,0.4929
MT625440_8,lysin,Enterobacter,bacteria,Berlinvirus,Autotranscriptaviridae,1482,0.00e+00,1,1,1,GH23,1,no,100.0,Complete,,,,肽聚糖（推断）,0.217,其他革兰阴性/细菌,0.4925
NC_071053_22,lysin,Streptococcus,bacteria,Vansinderenvirus,Aliceevansviridae,76,1.70e-18,1,0,0,"CAZy(lytic_exoenzyme,class待定)",0,no,65.01,Medium-quality,,,,未知,0.08,革兰阳性,0.4905
PV588649_37,depolymerase,Klebsiella,bacteria,Unclassified,Unclassified,1181,0.00e+00,2,1,0,none,0,no,97.69,High-quality,,,,未知,0.068,CRKP/PA/AB 临床重点菌,0.4902
PV588648_36,depolymerase,Klebsiella,bacteria,Unclassified,Unclassified,1181,0.00e+00,2,1,0,none,0,no,97.7,High-quality,,,,未知,0.067,CRKP/PA/AB 临床重点菌,0.4901
OR354850_87,lysin,Staphylococcus,bacteria,Unclassified,Unclassified,130,3.40e-09,1,0,1,none,0,yes,76.3,Medium-quality,AF-G5JHA5-F1,90.2,30,未知,0.087,革兰阳性,0.4898
PX974333.1_33,depolymerase,Klebsiella,bacteria,Webervirus,Drexlerviridae,826,7.10e-08,,,,none,0,no,91.57,High-quality,,,,未知,0.011,CRKP/PA/AB 临床重点菌,0.4893
OP272492_16,lysin,Enterobacter,bacteria,Kayfunavirus,Autotranscriptaviridae,78,7.90e-16,,,,none,0,no,91.55,High-quality,,,,未知,0.052,其他革兰阴性/细菌,0.4885
NC_071067_27,lysin,Streptococcus,bacteria,Brussowvirus,Aliceevansviridae,76,1.70e-18,1,0,0,"CAZy(lytic_exoenzyme,class待定)",0,no,73.12,Medium-quality,,,,未知,0.067,革兰阳性,0.4885
ON391949_72,lysin,Acinetobacter,bacteria,Vieuvirus,Unclassified,175,0.00e+00,,,,none,0,no,76.17,Medium-quality,AF-A0A7X9S2U9-F1,81.6,17,未知,0.007,CRKP/PA/AB 临床重点菌,0.4884
MZ571831_70,depolymerase,Klebsiella,bacteria,Webervirus,Drexlerviridae,826,7.10e-08,,,,none,0,no,92.71,High-quality,,,,未知,0.0,CRKP/PA/AB 临床重点菌,0.4877
MW367418_39,lysin,Pectobacterium,bacteria,Berlinvirus,Autotranscriptaviridae,1316,0.00e+00,1,1,1,GH23,0,no,100.0,Complete,,,,肽聚糖（推断）,0.183,其他革兰阴性/细菌,0.4874
PX283057_26,lysin,Streptococcus,bacteria,Unclassified,Unclassified,76,2.50e-17,1,0,0,"CAZy(lytic_exoenzyme,class待定)",0,no,72.78,Medium-quality,,,,未知,0.107,革兰阳性,0.4867
NC_071070_28,lysin,Streptococcus,bacteria,Brussowvirus,Aliceevansviridae,76,2.50e-17,1,0,0,"CAZy(lytic_exoenzyme,class待定)",0,no,66.99,Medium-quality,,,,未知,0.107,革兰阳性,0.4867
OP764599_7,lysin,Erwinia,bacteria,Berlinvirus,Autotranscriptaviridae,1317,0.00e+00,1,1,1,GH23,0,no,90.76,High-quality,,,,肽聚糖（推断）,0.177,其他革兰阴性/细菌,0.4865
OZ418234.1_29,depolymerase,Escherichia,bacteria,Unclassified,Unclassified,730,3.70e-09,,,,none,0,no,70.05,Medium-quality,AF-A0A6C9NE52-F1,82.4,51,未知,0.004,其他革兰阴性/细菌,0.4854
MN159079_61,lysin,Aeromonas,bacteria,Ludhianavirus,Chimalliviridae,2354,1.60e-16,0,0,1,none,0,no,89.0,Medium-quality,,,,未知,0.0,其他革兰阴性/细菌,0.4853
NC_070957_232,lysin,Aeromonas,bacteria,Ludhianavirus,Chimalliviridae,2354,1.60e-16,0,0,1,none,0,no,100.0,Complete,,,,未知,0.0,其他革兰阴性/细菌,0.4853
NC_070958_229,lysin,Aeromonas,bacteria,Ludhianavirus,Chimalliviridae,2354,1.60e-16,0,0,1,none,0,no,89.3,Medium-quality,,,,未知,0.0,其他革兰阴性/细菌,0.4853
NC_070956_167,lysin,Aeromonas,bacteria,Ludhianavirus,Chimalliviridae,2354,1.60e-16,0,0,1,none,0,no,89.51,Medium-quality,,,,未知,0.0,其他革兰阴性/细菌,0.4853
MT713136_457,lysin,Aeromonas,bacteria,Ceceduovirus,Straboviridae,95,1.60e-16,,,,none,0,no,95.88,High-quality,,,,未知,0.0,其他革兰阴性/细菌,0.4853
MZ417342_138,lysin,Staphylococcus,bacteria,Sextaecvirus,Unclassified,163,9.90e-06,1,0,0,none,0,no,78.02,Medium-quality,AF-A0AAW5LSX2-F1,89.7,25,未知,0.216,革兰阳性,0.4853
PX123324.1_68,depolymerase,Acinetobacter,bacteria,Unclassified,Unclassified,705,1.80e-07,,,,none,0,yes,71.92,Medium-quality,,,,未知,0.0,CRKP/PA/AB 临床重点菌,0.485
OR424387_45,depolymerase,Escherichia,bacteria,Unclassified,Unclassified,730,3.70e-09,,,,none,0,no,69.1,Medium-quality,AF-A0A6C9NE52-F1,82.4,51,未知,0.0,其他革兰阴性/细菌,0.4848
PX138298.1_23,lysin,Streptococcus,bacteria,Moineauvirus,Aliceevansviridae,76,2.50e-17,1,0,0,"CAZy(lytic_exoenzyme,class待定)",0,no,69.05,Medium-quality,,,,未知,0.08,革兰阳性,0.4827
NC_071061_27,lysin,Streptococcus,bacteria,Brussowvirus,Aliceevansviridae,76,2.50e-17,1,0,0,"CAZy(lytic_exoenzyme,class待定)",0,yes,79.42,Medium-quality,,,,未知,0.08,革兰阳性,0.4827
NC_071068_28,lysin,Streptococcus,bacteria,Brussowvirus,Aliceevansviridae,76,2.50e-17,1,0,0,"CAZy(lytic_exoenzyme,class待定)",0,no,74.39,Medium-quality,,,,未知,0.08,革兰阳性,0.4827
NC_071074_27,lysin,Streptococcus,bacteria,Brussowvirus,Aliceevansviridae,76,2.50e-17,1,0,0,"CAZy(lytic_exoenzyme,class待定)",0,yes,64.01,Medium-quality,,,,未知,0.08,革兰阳性,0.4827
NC_071059_22,lysin,Streptococcus,bacteria,Vansinderenvirus,Aliceevansviridae,76,2.50e-17,1,0,0,"CAZy(lytic_exoenzyme,class待定)",0,no,71.35,Medium-quality,,,,未知,0.08,革兰阳性,0.4827
NC_070716_25,lysin,Streptococcus,bacteria,Moineauvirus,Aliceevansviridae,76,2.50e-17,1,0,0,"CAZy(lytic_exoenzyme,class待定)",0,yes,68.9,Medium-quality,,,,未知,0.08,革兰阳性,0.4827
MH892365_23,lysin,Streptococcus,bacteria,Piorkowskivirus,Unclassified,76,2.50e-17,1,0,0,"CAZy(lytic_exoenzyme,class待定)",0,yes,64.25,Medium-quality,,,,未知,0.08,革兰阳性,0.4827
NC_013598_26,lysin,Streptococcus,bacteria,Brussowvirus,Aliceevansviridae,76,2.50e-17,1,0,0,"CAZy(lytic_exoenzyme,class待定)",0,yes,64.41,Medium-quality,,,,未知,0.08,革兰阳性,0.4827
MN871445_186,depolymerase,Serratia,bacteria,Unclassified,Unclassified,592,1.30e-15,0,0,1,none,0,yes,91.92,High-quality,,,,未知,0.022,其他革兰阴性/细菌,0.4825
MN871445_183,depolymerase,Serratia,bacteria,Unclassified,Unclassified,509,7.70e-13,,,,none,0,no,91.92,High-quality,,,,未知,0.141,其他革兰阴性/细菌,0.4819
MT350293_6,lysin,Enterococcus,bacteria,Teseptimavirus,Autotranscriptaviridae,1319,0.00e+00,1,1,1,GH23,0,no,100.0,Complete,,,,肽聚糖（推断）,0.406,革兰阳性,0.4809
NC_070672_25,lysin,Streptococcus,bacteria,Moineauvirus,Aliceevansviridae,76,2.50e-17,1,0,0,"CAZy(lytic_exoenzyme,class待定)",0,yes,76.05,Medium-quality,,,,未知,0.067,革兰阳性,0.4807
NC_070658_23,lysin,Streptococcus,bacteria,Moineauvirus,Aliceevansviridae,76,2.50e-17,1,0,0,"CAZy(lytic_exoenzyme,class待定)",0,yes,68.28,Medium-quality,,,,未知,0.067,革兰阳性,0.4807
NC_070661_23,lysin,Streptococcus,bacteria,Moineauvirus,Aliceevansviridae,76,2.50e-17,1,0,0,"CAZy(lytic_exoenzyme,class待定)",0,no,72.02,Medium-quality,,,,未知,0.067,革兰阳性,0.4807
NC_070698_24,lysin,Streptococcus,bacteria,Moineauvirus,Aliceevansviridae,76,2.50e-17,1,0,0,"CAZy(lytic_exoenzyme,class待定)",0,yes,67.26,Medium-quality,,,,未知,0.067,革兰阳性,0.4807
NC_070901_23,lysin,Streptococcus,bacteria,Piorkowskivirus,Unclassified,76,2.50e-17,1,0,0,"CAZy(lytic_exoenzyme,class待定)",0,yes,68.91,Medium-quality,,,,未知,0.067,革兰阳性,0.4807
MZ826764_151,depolymerase,Klebsiella,bacteria,Taipeivirus,Ackermannviridae,1181,0.00e+00,2,1,0,none,0,no,100.0,Complete,,,,未知,0.004,CRKP/PA/AB 临床重点菌,0.4806
NC_047900_31,depolymerase,Klebsiella,bacteria,Taipeivirus,Ackermannviridae,1181,0.00e+00,2,1,0,none,0,no,96.2,High-quality,,,,未知,0.0,CRKP/PA/AB 临床重点菌,0.48
PX283056_28,lysin,Streptococcus,bacteria,Unclassified,Unclassified,76,2.50e-17,1,0,0,"CAZy(lytic_exoenzyme,class待定)",0,yes,74.19,Medium-quality,,,,未知,0.053,革兰阳性,0.4786
NC_070678_23,lysin,Streptococcus,bacteria,Moineauvirus,Aliceevansviridae,76,2.50e-17,1,0,0,"CAZy(lytic_exoenzyme,class待定)",0,yes,69.05,Medium-quality,,,,未知,0.053,革兰阳性,0.4786
NC_010353_30,lysin,Streptococcus,bacteria,Brussowvirus,Aliceevansviridae,76,2.50e-17,1,0,0,"CAZy(lytic_exoenzyme,class待定)",0,no,62.39,Medium-quality,,,,未知,0.053,革兰阳性,0.4786
NC_071085_28,lysin,Streptococcus,bacteria,Brussowvirus,Aliceevansviridae,76,2.50e-17,1,0,0,"CAZy(lytic_exoenzyme,class待定)",0,yes,61.35,Medium-quality,,,,未知,0.053,革兰阳性,0.4786
PX138281.1_23,lysin,Streptococcus,bacteria,Moineauvirus,Aliceevansviridae,76,2.50e-17,1,0,0,"CAZy(lytic_exoenzyme,class待定)",0,no,69.09,Medium-quality,,,,未知,0.053,革兰阳性,0.4786
NC_071073_27,lysin,Streptococcus,bacteria,Brussowvirus,Aliceevansviridae,76,2.50e-17,1,0,0,"CAZy(lytic_exoenzyme,class待定)",0,yes,73.85,Medium-quality,,,,未知,0.053,革兰阳性,0.4786
NC_071060_22,lysin,Streptococcus,bacteria,Vansinderenvirus,Aliceevansviridae,76,2.50e-17,1,0,0,"CAZy(lytic_exoenzyme,class待定)",0,no,69.03,Medium-quality,,,,未知,0.053,革兰阳性,0.4786
KU678389_22,lysin,Streptococcus,bacteria,Piorkowskivirus,Unclassified,76,2.50e-17,1,0,0,"CAZy(lytic_exoenzyme,class待定)",0,no,66.93,Medium-quality,,,,未知,0.053,革兰阳性,0.4786
NC_070713_22,lysin,Streptococcus,bacteria,Moineauvirus,Aliceevansviridae,76,2.50e-17,1,0,0,"CAZy(lytic_exoenzyme,class待定)",0,yes,69.56,Medium-quality,,,,未知,0.053,革兰阳性,0.4786
NC_070679_24,lysin,Streptococcus,bacteria,Moineauvirus,Aliceevansviridae,76,2.50e-17,1,0,0,"CAZy(lytic_exoenzyme,class待定)",0,no,70.83,Medium-quality,,,,未知,0.053,革兰阳性,0.4786
NC_070699_22,lysin,Streptococcus,bacteria,Moineauvirus,Aliceevansviridae,76,2.50e-17,1,0,0,"CAZy(lytic_exoenzyme,class待定)",0,yes,69.48,Medium-quality,,,,未知,0.053,革兰阳性,0.4786
NC_022763_56,lysin,Bacillus,bacteria,Bequatrovirus,Herelleviridae,263,3.70e-13,2,1,1,none,0,yes,100.0,Complete,,,,未知,0.1,革兰阳性,0.4779
NC_047736_7,lysin,Bacillus,bacteria,Bequatrovirus,Herelleviridae,263,3.70e-13,2,1,1,none,0,yes,97.42,High-quality,,,,未知,0.1,革兰阳性,0.4779
NC_070726_41,lysin,Streptococcus,bacteria,Moineauvirus,Aliceevansviridae,76,7.30e-07,1,0,0,"CAZy(lytic_exoenzyme,class待定)",0,no,73.4,Medium-quality,AF-A0A5J6LL32-F1,86.3,16,未知,0.147,革兰阳性,0.4774
KY888882_57,lysin,Bacillus,bacteria,Bequatrovirus,Herelleviridae,263,3.70e-13,2,1,1,none,0,yes,100.0,Complete,,,,未知,0.093,革兰阳性,0.4768
MN101217_1,depolymerase,Klebsiella,bacteria,Drulisvirus,Autoscriptoviridae,263,3.80e-06,,,,none,0,yes,93.0,High-quality,,,,未知,0.004,CRKP/PA/AB 临床重点菌,0.4767
NC_070722_24,lysin,Streptococcus,bacteria,Moineauvirus,Aliceevansviridae,76,2.50e-17,1,0,0,"CAZy(lytic_exoenzyme,class待定)",0,no,61.7,Medium-quality,,,,未知,0.04,革兰阳性,0.4767
NC_070686_24,lysin,Streptococcus,bacteria,Moineauvirus,Aliceevansviridae,76,2.50e-17,1,0,0,"CAZy(lytic_exoenzyme,class待定)",0,no,75.84,Medium-quality,,,,未知,0.04,革兰阳性,0.4767
NC_071083_27,lysin,Streptococcus,bacteria,Brussowvirus,Aliceevansviridae,76,2.50e-17,1,0,0,"CAZy(lytic_exoenzyme,class待定)",0,no,64.58,Medium-quality,,,,未知,0.04,革兰阳性,0.4767
NC_070720_24,lysin,Streptococcus,bacteria,Moineauvirus,Aliceevansviridae,76,2.50e-17,1,0,0,"CAZy(lytic_exoenzyme,class待定)",0,yes,62.79,Medium-quality,,,,未知,0.04,革兰阳性,0.4767
NC_071079_26,lysin,Streptococcus,bacteria,Brussowvirus,Aliceevansviridae,76,2.50e-17,1,0,0,"CAZy(lytic_exoenzyme,class待定)",0,yes,70.89,Medium-quality,,,,未知,0.04,革兰阳性,0.4767
NC_070685_22,lysin,Streptococcus,bacteria,Moineauvirus,Aliceevansviridae,76,2.50e-17,1,0,0,"CAZy(lytic_exoenzyme,class待定)",0,yes,60.78,Medium-quality,,,,未知,0.04,革兰阳性,0.4767
NC_070657_24,lysin,Streptococcus,bacteria,Moineauvirus,Aliceevansviridae,76,3.50e-15,1,0,0,"CAZy(lytic_exoenzyme,class待定)",0,yes,66.93,Medium-quality,,,,未知,0.133,革兰阳性,0.4763
MW787012_38,lysin,Bacillus,bacteria,Bequatrovirus,Herelleviridae,262,3.70e-13,2,1,1,none,0,no,97.35,High-quality,,,,未知,0.088,革兰阳性,0.4761
NC_070898_22,lysin,Streptococcus,bacteria,Piorkowskivirus,Unclassified,76,2.50e-17,1,0,0,"CAZy(lytic_exoenzyme,class待定)",0,no,63.77,Medium-quality,,,,未知,0.027,革兰阳性,0.4747
KU678391_23,lysin,Streptococcus,bacteria,Piorkowskivirus,Unclassified,76,2.50e-17,1,0,0,"CAZy(lytic_exoenzyme,class待定)",0,yes,65.88,Medium-quality,,,,未知,0.027,革兰阳性,0.4747
NC_071081_27,lysin,Streptococcus,bacteria,Brussowvirus,Aliceevansviridae,76,2.50e-17,1,0,0,"CAZy(lytic_exoenzyme,class待定)",0,yes,63.03,Medium-quality,,,,未知,0.027,革兰阳性,0.4747
MK599315_227,lysin,Pseudomonas,bacteria,Unclassified,Unclassified,1567,0.00e+00,0,0,1,none,1,no,99.09,High-quality,,,,未知,0.631,CRKP/PA/AB 临床重点菌,0.4747
PX091871.1_39,lysin,Salmonella,bacteria,Unclassified,Unclassified,1316,0.00e+00,1,1,1,GH23,1,no,92.82,High-quality,,,,肽聚糖（推断）,0.097,其他革兰阴性/细菌,0.4745
NC_011534_38,lysin,Kluyvera,bacteria,Berlinvirus,Autotranscriptaviridae,1316,0.00e+00,1,1,1,GH23,1,no,100.0,Complete,,,,肽聚糖（推断）,0.097,其他革兰阴性/细菌,0.4745
NC_070659_26,lysin,Streptococcus,bacteria,Moineauvirus,Aliceevansviridae,76,3.50e-15,1,0,0,"CAZy(lytic_exoenzyme,class待定)",0,no,68.19,Medium-quality,,,,未知,0.12,革兰阳性,0.4744
PX375237_8,lysin,Escherichia,bacteria,Berlinvirus,Autotranscriptaviridae,1316,0.00e+00,1,1,1,GH23,0,no,91.53,High-quality,,,,肽聚糖（推断）,0.091,其他革兰阴性/细菌,0.4736
PX091869.1_37,lysin,Salmonella,bacteria,Unclassified,Unclassified,1316,0.00e+00,1,1,1,GH23,1,no,90.59,High-quality,,,,肽聚糖（推断）,0.089,其他革兰阴性/细菌,0.4733
OQ818670_41,lysin,Salmonella,bacteria,Berlinvirus,Autotranscriptaviridae,1316,0.00e+00,1,1,1,GH23,0,no,100.0,Complete,,,,肽聚糖（推断）,0.085,其他革兰阴性/细菌,0.4728
MH375596_22,lysin,Streptococcus,bacteria,Moineauvirus,Aliceevansviridae,76,2.50e-17,1,0,0,"CAZy(lytic_exoenzyme,class待定)",0,yes,80.99,Medium-quality,,,,未知,0.013,革兰阳性,0.4726
NC_071080_27,lysin,Streptococcus,bacteria,Brussowvirus,Aliceevansviridae,76,2.50e-17,1,0,0,"CAZy(lytic_exoenzyme,class待定)",0,yes,59.57,Medium-quality,,,,未知,0.013,革兰阳性,0.4726
MK907285_7,lysin,Salmonella,bacteria,Berlinvirus,Autotranscriptaviridae,1316,0.00e+00,1,1,1,GH23,0,no,100.0,Complete,,,,肽聚糖（推断）,0.084,其他革兰阴性/细菌,0.4726
PP693230_41,lysin,Salmonella,bacteria,Berlinvirus,Autotranscriptaviridae,1316,0.00e+00,1,1,1,GH23,0,no,90.35,High-quality,,,,肽聚糖（推断）,0.083,其他革兰阴性/细菌,0.4724
NC_031258_41,lysin,Salmonella,bacteria,Berlinvirus,Autotranscriptaviridae,1316,0.00e+00,1,1,1,GH23,0,no,91.99,High-quality,,,,肽聚糖（推断）,0.082,其他革兰阴性/细菌,0.4723
MN080711_9,lysin,Escherichia,bacteria,Berlinvirus,Autotranscriptaviridae,1316,0.00e+00,1,1,1,GH23,1,no,100.0,Complete,,,,肽聚糖（推断）,0.08,其他革兰阴性/细菌,0.472
PX375452.1_42,lysin,Shigella,bacteria,Unclassified,Unclassified,1316,0.00e+00,1,1,1,GH23,0,no,93.77,High-quality,,,,肽聚糖（推断）,0.08,其他革兰阴性/细菌,0.472
MZ501055_46,lysin,Escherichia,bacteria,Berlinvirus,Autotranscriptaviridae,1316,0.00e+00,1,1,1,GH23,0,no,91.71,High-quality,,,,肽聚糖（推断）,0.08,其他革兰阴性/细菌,0.472
PQ356389_41,lysin,Salmonella,bacteria,Berlinvirus,Autotranscriptaviridae,1316,0.00e+00,1,1,1,GH23,0,no,90.68,High-quality,,,,肽聚糖（推断）,0.08,其他革兰阴性/细菌,0.472
NC_015249_37,lysin,Escherichia,bacteria,Berlinvirus,Autotranscriptaviridae,1316,0.00e+00,1,1,1,GH23,0,no,90.89,High-quality,,,,肽聚糖（推断）,0.077,其他革兰阴性/细菌,0.4715
PX091870.1_37,lysin,Salmonella,bacteria,Unclassified,Unclassified,1316,0.00e+00,1,1,1,GH23,1,no,100.0,Complete,,,,肽聚糖（推断）,0.076,其他革兰阴性/细菌,0.4714
PX904588.1_44,lysin,Salmonella,bacteria,Unclassified,Unclassified,1316,0.00e+00,1,1,1,GH23,0,no,91.34,High-quality,,,,肽聚糖（推断）,0.076,其他革兰阴性/细菌,0.4714
MT542512_40,lysin,Escherichia,bacteria,Berlinvirus,Autotranscriptaviridae,1316,0.00e+00,1,1,1,GH23,0,no,92.11,High-quality,,,,肽聚糖（推断）,0.076,其他革兰阴性/细菌,0.4714
MN153503_55,lysin,Bacillus,bacteria,Bequatrovirus,Herelleviridae,262,3.70e-13,2,1,1,none,0,yes,100.0,Complete,,,,未知,0.057,革兰阳性,0.4714
MZ501064_46,lysin,Escherichia,bacteria,Berlinvirus,Autotranscriptaviridae,1316,0.00e+00,1,1,1,GH23,0,no,91.49,High-quality,,,,肽聚糖（推断）,0.072,其他革兰阴性/细菌,0.4708
NC_047984_15,lysin,Escherichia,bacteria,Berlinvirus,Autotranscriptaviridae,1316,0.00e+00,1,1,1,GH23,0,no,92.32,High-quality,,,,肽聚糖（推断）,0.072,其他革兰阴性/细菌,0.4708
NC_070900_21,lysin,Streptococcus,bacteria,Piorkowskivirus,Unclassified,76,2.50e-17,1,0,0,"CAZy(lytic_exoenzyme,class待定)",0,yes,61.5,Medium-quality,,,,未知,0.0,革兰阳性,0.4707
PX630756_5,lysin,Escherichia,bacteria,Unclassified,Unclassified,1316,0.00e+00,1,1,1,GH23,0,no,100.0,Complete,,,,肽聚糖（推断）,0.071,其他革兰阴性/细菌,0.4706
PX091872.1_39,lysin,Salmonella,bacteria,Unclassified,Unclassified,1316,0.00e+00,1,1,1,GH23,1,no,100.0,Complete,,,,肽聚糖（推断）,0.071,其他革兰阴性/细菌,0.4706
OR979722_36,lysin,Escherichia,bacteria,Berlinvirus,Autotranscriptaviridae,1316,0.00e+00,1,1,1,GH23,0,no,100.0,Complete,,,,肽聚糖（推断）,0.071,其他革兰阴性/细菌,0.4706
OP185508_41,lysin,Salmonella,bacteria,Berlinvirus,Autotranscriptaviridae,1316,0.00e+00,1,1,1,GH23,0,no,93.34,High-quality,,,,肽聚糖（推断）,0.07,其他革兰阴性/细菌,0.4705
PX375236_45,lysin,Escherichia,bacteria,Berlinvirus,Autotranscriptaviridae,1316,0.00e+00,1,1,1,GH23,1,no,91.56,High-quality,,,,肽聚糖（推断）,0.07,其他革兰阴性/细菌,0.4705
PV245933_44,lysin,Escherichia,bacteria,Berlinvirus,Autotranscriptaviridae,1316,0.00e+00,1,1,1,GH23,1,no,91.96,High-quality,,,,肽聚糖（推断）,0.07,其他革兰阴性/细菌,0.4705
OP185507_40,lysin,Salmonella,bacteria,Berlinvirus,Autotranscriptaviridae,1316,0.00e+00,1,1,1,GH23,0,no,90.92,High-quality,,,,肽聚糖（推断）,0.068,其他革兰阴性/细菌,0.4702
NC_048105_8,lysin,Salmonella,bacteria,Berlinvirus,Autotranscriptaviridae,1316,0.00e+00,1,1,1,GH23,1,no,92.33,High-quality,,,,肽聚糖（推断）,0.066,其他革兰阴性/细菌,0.4699
NC_011040_37,lysin,Escherichia,bacteria,Berlinvirus,Autotranscriptaviridae,1316,0.00e+00,1,1,1,GH23,1,no,100.0,Complete,,,,肽聚糖（推断）,0.066,其他革兰阴性/细菌,0.4699
PX944703.1_44,lysin,Salmonella,bacteria,Unclassified,Unclassified,1316,0.00e+00,1,1,1,GH23,0,no,89.78,Medium-quality,,,,肽聚糖（推断）,0.066,其他革兰阴性/细菌,0.4699
NC_071037_7,lysin,Salmonella,bacteria,Berlinvirus,Autotranscriptaviridae,1316,0.00e+00,1,1,1,GH23,1,no,100.0,Complete,,,,肽聚糖（推断）,0.062,其他革兰阴性/细菌,0.4693
OP161218_24,lysin,Yersinia,bacteria,Unclassified,Unclassified,1316,0.00e+00,1,1,1,GH23,1,no,92.05,High-quality,,,,肽聚糖（推断）,0.062,其他革兰阴性/细菌,0.4693
OM743306_46,lysin,Bacillus,bacteria,Bequatrovirus,Herelleviridae,260,3.70e-13,2,1,1,none,0,yes,100.0,Complete,,,,未知,0.042,革兰阳性,0.4692
PP882707_8,lysin,Escherichia,bacteria,Unclassified,Unclassified,1316,0.00e+00,1,1,1,GH23,1,no,94.73,High-quality,,,,肽聚糖（推断）,0.059,其他革兰阴性/细菌,0.4688
ON922920_7,lysin,Salmonella,bacteria,Berlinvirus,Autotranscriptaviridae,1316,0.00e+00,1,1,1,GH23,1,no,100.0,Complete,,,,肽聚糖（推断）,0.058,其他革兰阴性/细菌,0.4687
PP083182_23,lysin,Escherichia,bacteria,Berlinvirus,Autotranscriptaviridae,1316,0.00e+00,1,1,1,GH23,1,no,100.0,Complete,,,,肽聚糖（推断）,0.054,其他革兰阴性/细菌,0.4681
OK663600_40,lysin,Enterobacter,bacteria,Berlinvirus,Autotranscriptaviridae,1316,0.00e+00,1,1,1,GH23,1,no,92.91,High-quality,,,,肽聚糖（推断）,0.053,其他革兰阴性/细菌,0.4679
OR733335.1_37,lysin,Shigella,bacteria,Unclassified,Unclassified,1316,0.00e+00,1,1,1,GH23,1,no,92.18,High-quality,,,,肽聚糖（推断）,0.052,其他革兰阴性/细菌,0.4678
NC_028863_50,lysin,Escherichia,bacteria,Berlinvirus,Autotranscriptaviridae,1316,0.00e+00,1,1,1,GH23,1,no,100.0,Complete,,,,肽聚糖（推断）,0.051,其他革兰阴性/细菌,0.4676
MH892358_22,lysin,Streptococcus,bacteria,Moineauvirus,Aliceevansviridae,300,6.20e-07,1,0,1,GH25,0,no,64.13,Medium-quality,,,,肽聚糖（推断）,0.04,革兰阳性,0.4674
PX651401.1_41,lysin,Salmonella,bacteria,Unclassified,Unclassified,1316,0.00e+00,1,1,1,GH23,1,no,90.75,High-quality,,,,肽聚糖（推断）,0.049,其他革兰阴性/细菌,0.4673
NC_022744_37,lysin,Erwinia,bacteria,Berlinvirus,Autotranscriptaviridae,1316,0.00e+00,1,1,1,GH23,1,no,100.0,Complete,,,,肽聚糖（推断）,0.047,其他革兰阴性/细菌,0.467
MN871447_192,depolymerase,Serratia,bacteria,Unclassified,Unclassified,682,3.00e-10,1,0,1,none,0,no,99.7,High-quality,,,,未知,0.022,其他革兰阴性/细菌,0.4668
OR413582_8,lysin,Salmonella,bacteria,Berlinvirus,Autotranscriptaviridae,1316,0.00e+00,1,1,1,GH23,1,no,100.0,Complete,,,,肽聚糖（推断）,0.045,其他革兰阴性/细菌,0.4667
MN871451_175,depolymerase,Serratia,bacteria,Unclassified,Unclassified,682,3.00e-10,1,0,1,none,0,no,99.54,High-quality,,,,未知,0.021,其他革兰阴性/细菌,0.4666
MN871453_76,depolymerase,Serratia,bacteria,Unclassified,Unclassified,682,3.00e-10,1,0,1,none,0,yes,99.25,High-quality,,,,未知,0.016,其他革兰阴性/细菌,0.4659
NC_048108_8,lysin,Yersinia,bacteria,Berlinvirus,Autotranscriptaviridae,1316,0.00e+00,1,1,1,GH23,1,no,92.66,High-quality,,,,肽聚糖（推断）,0.034,其他革兰阴性/细菌,0.4651
PV844612_23,depolymerase,Enterobacter,bacteria,Unclassified,Unclassified,833,3.10e-08,1,0,0,none,0,no,100.0,Complete,,,,未知,0.096,其他革兰阴性/细菌,0.4645
PP350014_162,depolymerase,Unspecified,bacteria,Unclassified,Unclassified,876,1.50e-12,1,0,0,none,0,no,91.55,High-quality,AF-A0AAV3I3M0-F1,92.9,44,未知,0.006,未知,0.4641
PX240008_29,lysin,Streptococcus,bacteria,Unclassified,Unclassified,300,6.20e-07,1,0,1,GH25,0,no,67.44,Medium-quality,,,,肽聚糖（推断）,0.017,革兰阳性,0.4639
MN038178_56,lysin,Bacillus,bacteria,Bequatrovirus,Herelleviridae,260,3.70e-13,2,1,1,none,0,yes,100.0,Complete,,,,未知,0.004,革兰阳性,0.4635
PQ217617_52,lysin,Bacillus,bacteria,Bequatrovirus,Herelleviridae,260,3.70e-13,2,1,1,none,0,yes,100.0,Complete,,,,未知,0.004,革兰阳性,0.4635
MH937482_22,lysin,Streptococcus,bacteria,Moineauvirus,Aliceevansviridae,300,6.20e-07,1,0,1,GH25,0,no,70.86,Medium-quality,,,,肽聚糖（推断）,0.013,革兰阳性,0.4633
NC_071075_24,lysin,Streptococcus,bacteria,Brussowvirus,Aliceevansviridae,300,6.20e-07,1,0,1,GH25,0,no,65.93,Medium-quality,,,,肽聚糖（推断）,0.013,革兰阳性,0.4633
ON287378_44,lysin,Dickeya,bacteria,Ningirsuvirus,Autotranscriptaviridae,1325,0.00e+00,1,0,1,GH23,0,no,90.45,High-quality,,,,肽聚糖（推断）,0.022,其他革兰阴性/细菌,0.4633
OQ871563_7,lysin,Dickeya,bacteria,Ningirsuvirus,Autotranscriptaviridae,1325,0.00e+00,1,0,1,GH23,0,no,93.42,High-quality,,,,肽聚糖（推断）,0.021,其他革兰阴性/细菌,0.4631
NC_011038_35,lysin,Yersinia,bacteria,Berlinvirus,Autotranscriptaviridae,1316,0.00e+00,1,1,1,GH23,1,no,100.0,Complete,,,,肽聚糖（推断）,0.02,其他革兰阴性/细菌,0.463
JQ965702_35,lysin,Yersinia,bacteria,Berlinvirus,Autotranscriptaviridae,1316,0.00e+00,1,1,1,GH23,1,no,91.87,High-quality,,,,肽聚糖（推断）,0.02,其他革兰阴性/细菌,0.463
NC_022088_57,lysin,Bacillus,bacteria,Bequatrovirus,Herelleviridae,260,3.70e-13,2,1,1,none,0,yes,97.68,High-quality,,,,未知,0.0,革兰阳性,0.4629
NC_047964_40,lysin,Dickeya,bacteria,Ningirsuvirus,Autotranscriptaviridae,1325,0.00e+00,1,1,1,GH23,0,no,91.51,High-quality,,,,肽聚糖（推断）,0.017,其他革兰阴性/细菌,0.4625
MN812693_2,lysin,Pectobacterium,bacteria,Ningirsuvirus,Autotranscriptaviridae,1325,0.00e+00,1,1,1,GH23,0,no,93.17,High-quality,,,,肽聚糖（推断）,0.016,其他革兰阴性/细菌,0.4624
NC_048052_40,lysin,Dickeya,bacteria,Ningirsuvirus,Autotranscriptaviridae,1325,0.00e+00,1,0,1,GH23,0,no,92.66,High-quality,,,,肽聚糖（推断）,0.015,其他革兰阴性/细菌,0.4622
NC_070693_22,lysin,Streptococcus,bacteria,Moineauvirus,Aliceevansviridae,300,6.20e-07,1,0,1,GH25,0,no,72.2,Medium-quality,,,,肽聚糖（推断）,0.003,革兰阳性,0.4618
NC_070664_22,lysin,Streptococcus,bacteria,Moineauvirus,Aliceevansviridae,300,6.20e-07,1,0,1,GH25,0,no,76.28,Medium-quality,,,,肽聚糖（推断）,0.0,革兰阳性,0.4614
OR671241_36,lysin,Yersinia,bacteria,Unclassified,Unclassified,1316,0.00e+00,1,1,1,GH23,1,no,100.0,Complete,,,,肽聚糖（推断）,0.006,其他革兰阴性/细菌,0.4609
OR809231_35,lysin,Yersinia,bacteria,Berlinvirus,Autotranscriptaviridae,1316,0.00e+00,1,1,1,GH23,1,no,90.72,High-quality,,,,肽聚糖（推断）,0.006,其他革兰阴性/细菌,0.4609
OR671236_36,lysin,Yersinia,bacteria,Unclassified,Unclassified,1316,0.00e+00,1,1,1,GH23,1,no,100.0,Complete,,,,肽聚糖（推断）,0.006,其他革兰阴性/细菌,0.4609
OR671255_35,lysin,Yersinia,bacteria,Unclassified,Unclassified,1316,0.00e+00,1,1,1,GH23,1,no,89.72,Medium-quality,,,,肽聚糖（推断）,0.006,其他革兰阴性/细菌,0.4609
OR671234_35,lysin,Yersinia,bacteria,Unclassified,Unclassified,1316,0.00e+00,1,1,1,GH23,1,no,87.93,Medium-quality,,,,肽聚糖（推断）,0.006,其他革兰阴性/细菌,0.4609
OR671254_36,lysin,Yersinia,bacteria,Unclassified,Unclassified,1316,0.00e+00,1,1,1,GH23,1,no,100.0,Complete,,,,肽聚糖（推断）,0.006,其他革兰阴性/细菌,0.4609
OR671235_37,lysin,Yersinia,bacteria,Unclassified,Unclassified,1316,0.00e+00,1,1,1,GH23,1,no,89.97,Medium-quality,,,,肽聚糖（推断）,0.004,其他革兰阴性/细菌,0.4606
OR671253_35,lysin,Yersinia,bacteria,Unclassified,Unclassified,1316,0.00e+00,1,1,1,GH23,1,no,100.0,Complete,,,,肽聚糖（推断）,0.004,其他革兰阴性/细菌,0.4606
PX138278.1_24,lysin,Streptococcus,bacteria,Moineauvirus,Aliceevansviridae,76,4.20e-13,1,0,0,"CAZy(lytic_exoenzyme,class待定)",0,no,62.48,Medium-quality,,,,未知,0.12,革兰阳性,0.4605
NC_008694_36,lysin,Yersinia,bacteria,Berlinvirus,Autotranscriptaviridae,1316,0.00e+00,1,1,1,GH23,1,no,100.0,Complete,,,,肽聚糖（推断）,0.003,其他革兰阴性/细菌,0.4604
NC_023715_35,lysin,Yersinia,bacteria,Berlinvirus,Autotranscriptaviridae,1316,0.00e+00,1,1,1,GH23,1,no,100.0,Complete,,,,肽聚糖（推断）,0.0,其他革兰阴性/细菌,0.46
MT822288_47,lysin,Erwinia,bacteria,Ningirsuvirus,Autotranscriptaviridae,1325,0.00e+00,1,0,1,GH23,0,no,92.6,High-quality,,,,肽聚糖（推断）,0.0,其他革兰阴性/细菌,0.46
OQ921333_43,depolymerase,Escherichia,bacteria,Uetakevirus,Unclassified,746,1.20e-12,0,0,1,none,1,no,67.16,Medium-quality,,,,未知,0.0,其他革兰阴性/细菌,0.4595
ON862890_193,depolymerase,Escherichia,bacteria,Unclassified,Ackermannviridae,37,9.90e-12,,,,none,0,yes,100.0,Complete,,,,未知,0.027,其他革兰阴性/细菌,0.4574
MW205203_43,depolymerase,Enterobacter,bacteria,Uetakevirus,Unclassified,902,8.90e-09,1,0,1,none,1,no,77.77,Medium-quality,,,,未知,0.004,其他革兰阴性/细菌,0.4543
PP968062_182,lysin,Pseudomonas,bacteria,Pawinskivirus,Chimalliviridae,2256,0.00e+00,0,0,1,none,1,no,98.82,High-quality,,,,未知,0.095,CRKP/PA/AB 临床重点菌,0.4542
OP161219_2,lysin,Yersinia,bacteria,Unclassified,Unclassified,81,0.00e+00,,,,none,0,yes,94.67,High-quality,,,,未知,0.481,其他革兰阴性/细菌,0.4521
PQ039555_52,lysin,Enterobacter,bacteria,Unclassified,Unclassified,111,4.50e-11,,,,none,0,no,92.14,High-quality,,,,未知,0.009,其他革兰阴性/细菌,0.4503
ON715521_49,lysin,Erwinia,bacteria,Elunavirus,Autotranscriptaviridae,1170,0.00e+00,,,,none,0,no,100.0,Complete,,,,未知,0.437,其他革兰阴性/细菌,0.4456
PX437820.1_23,lysin,Aeromonas,bacteria,Teseptimavirus,Autotranscriptaviridae,195,0.00e+00,,,,none,0,no,98.62,High-quality,,,,未知,0.435,其他革兰阴性/细菌,0.4452
OZ035820_41,lysin,Unspecified,bacteria,Przondovirus,Autotranscriptaviridae,1322,0.00e+00,1,0,1,GH23,0,no,94.49,High-quality,,,,肽聚糖（推断）,0.43,未知,0.4445
OZ035736_42,lysin,Unspecified,bacteria,Przondovirus,Autotranscriptaviridae,1322,0.00e+00,1,0,1,GH23,0,no,94.74,High-quality,,,,肽聚糖（推断）,0.426,未知,0.4439
OZ035777_43,lysin,Unspecified,bacteria,Przondovirus,Autotranscriptaviridae,1322,0.00e+00,1,0,1,GH23,0,no,94.91,High-quality,,,,肽聚糖（推断）,0.426,未知,0.4439
CAVLHH020000002_40,lysin,Unspecified,bacteria,Przondovirus,Autotranscriptaviridae,1322,0.00e+00,1,0,1,GH23,0,no,100.0,Complete,,,,肽聚糖（推断）,0.426,未知,0.4439
OZ035748_39,lysin,Unspecified,bacteria,Przondovirus,Autotranscriptaviridae,1322,0.00e+00,1,0,1,GH23,0,no,94.08,High-quality,,,,肽聚糖（推断）,0.423,未知,0.4435
PX437821.1_55,lysin,Aeromonas,bacteria,Teseptimavirus,Autotranscriptaviridae,230,0.00e+00,,,,none,0,no,90.66,High-quality,,,,未知,0.422,其他革兰阴性/细菌,0.4433
ON528715_1,lysin,Shigella,bacteria,Teseptimavirus,Autotranscriptaviridae,466,0.00e+00,,,,none,0,no,91.07,High-quality,,,,未知,0.418,其他革兰阴性/细菌,0.4427
PX585177.1_232,lysin,Pseudomonas,bacteria,Unclassified,Unclassified,112,0.00e+00,,,,none,0,no,92.4,High-quality,,,,未知,0.018,CRKP/PA/AB 临床重点菌,0.4427
PX437819.1_11,lysin,Aeromonas,bacteria,Teseptimavirus,Autotranscriptaviridae,206,0.00e+00,,,,none,0,no,99.03,High-quality,,,,未知,0.41,其他革兰阴性/细菌,0.4415
PQ287642_177,lysin,Pseudomonas,bacteria,Unclassified,Unclassified,2257,0.00e+00,0,0,1,none,1,no,98.83,High-quality,,,,未知,0.009,CRKP/PA/AB 临床重点菌,0.4414
PV029745_177,lysin,Pseudomonas,bacteria,Phikzvirus,Chimalliviridae,2257,0.00e+00,0,0,1,none,1,no,98.63,High-quality,,,,未知,0.009,CRKP/PA/AB 临床重点菌,0.4414
OU343167_218,lysin,Pseudomonas,bacteria,Unclassified,Unclassified,2257,0.00e+00,0,0,1,none,1,no,98.88,High-quality,,,,未知,0.009,CRKP/PA/AB 临床重点菌,0.4414
LC765218_87,lysin,Pseudomonas,bacteria,Unclassified,Unclassified,2257,0.00e+00,0,0,1,none,1,no,99.27,High-quality,,,,未知,0.009,CRKP/PA/AB 临床重点菌,0.4414
PX418225.1_1,lysin,Pseudomonas,bacteria,Pawinskivirus,Chimalliviridae,1220,0.00e+00,,,,none,0,no,97.89,High-quality,,,,未知,0.009,CRKP/PA/AB 临床重点菌,0.4414
OZ035763_50,lysin,Unspecified,bacteria,Teseptimavirus,Autotranscriptaviridae,1319,0.00e+00,1,1,1,GH23,0,no,93.52,High-quality,,,,肽聚糖（推断）,0.408,未知,0.4412
NC_070882_218,lysin,Pseudomonas,bacteria,Pawinskivirus,Chimalliviridae,2257,0.00e+00,0,0,1,none,1,no,98.76,High-quality,,,,未知,0.004,CRKP/PA/AB 临床重点菌,0.4406
PV985319_285,lysin,Pseudomonas,bacteria,Unclassified,Unclassified,262,0.00e+00,,,,none,0,yes,68.38,Medium-quality,,,,未知,0.0,CRKP/PA/AB 临床重点菌,0.44
PX585177.1_230,lysin,Pseudomonas,bacteria,Unclassified,Unclassified,1153,0.00e+00,,,,none,0,no,92.4,High-quality,,,,未知,0.0,CRKP/PA/AB 临床重点菌,0.44
MK599315_226,lysin,Pseudomonas,bacteria,Unclassified,Unclassified,704,0.00e+00,,,,none,0,no,99.09,High-quality,,,,未知,0.0,CRKP/PA/AB 临床重点菌,0.44
CAVLHH020000002_42,depolymerase,Unspecified,bacteria,Przondovirus,Autotranscriptaviridae,571,1.90e-15,0,0,1,none,0,no,100.0,Complete,,,,未知,0.274,未知,0.4392
PX437818.1_8,lysin,Aeromonas,bacteria,Teseptimavirus,Autotranscriptaviridae,814,0.00e+00,,,,none,0,no,89.4,Medium-quality,,,,未知,0.377,其他革兰阴性/细菌,0.4365
PX437819.1_10,lysin,Aeromonas,bacteria,Teseptimavirus,Autotranscriptaviridae,837,0.00e+00,,,,none,0,no,99.03,High-quality,,,,未知,0.375,其他革兰阴性/细菌,0.4362
PV985319_284,lysin,Pseudomonas,bacteria,Unclassified,Unclassified,41,0.00e+00,,,,none,0,no,68.38,Medium-quality,,,,未知,0.368,CRKP/PA/AB 临床重点菌,0.4352
MN518894_35,lysin,Escherichia,bacteria,Kayfunavirus,Autotranscriptaviridae,1340,0.00e+00,,,,none,0,no,97.19,High-quality,,,,未知,0.356,其他革兰阴性/细菌,0.4334
PX437821.1_56,lysin,Aeromonas,bacteria,Teseptimavirus,Autotranscriptaviridae,599,0.00e+00,,,,none,0,no,90.66,High-quality,,,,未知,0.348,其他革兰阴性/细菌,0.4322
ON880501_1,lysin,Klebsiella,bacteria,Przondovirus,Autotranscriptaviridae,371,0.00e+00,,,,none,0,yes,94.11,High-quality,AF-A0A7X9S2H2-F1,44.2,26,未知,0.004,CRKP/PA/AB 临床重点菌,0.4319
PX437820.1_25,lysin,Aeromonas,bacteria,Teseptimavirus,Autotranscriptaviridae,487,0.00e+00,,,,none,0,no,98.62,High-quality,,,,未知,0.343,其他革兰阴性/细菌,0.4315
OM982647_271,lysin,Escherichia,bacteria,Kagunavirus,Sarkviridae,460,0.00e+00,,,,none,0,no,96.39,High-quality,,,,未知,0.341,其他革兰阴性/细菌,0.4311
PX437820.1_24,lysin,Aeromonas,bacteria,Teseptimavirus,Autotranscriptaviridae,192,0.00e+00,,,,none,0,no,98.62,High-quality,,,,未知,0.32,其他革兰阴性/细菌,0.428
PX437820.1_44,lysin,Aeromonas,bacteria,Teseptimavirus,Autotranscriptaviridae,527,0.00e+00,,,,none,0,no,98.62,High-quality,,,,未知,0.313,其他革兰阴性/细菌,0.4269
PX437821.1_57,lysin,Aeromonas,bacteria,Teseptimavirus,Autotranscriptaviridae,142,0.00e+00,,,,none,0,yes,90.66,High-quality,,,,未知,0.199,其他革兰阴性/细菌,0.4098
PX437820.1_42,lysin,Aeromonas,bacteria,Teseptimavirus,Autotranscriptaviridae,142,0.00e+00,,,,none,0,yes,98.62,High-quality,,,,未知,0.199,其他革兰阴性/细菌,0.4098
NC_022769_57,lysin,Bacillus,bacteria,Bequatrovirus,Herelleviridae,313,1.40e-07,1,1,1,none,0,no,100.0,Complete,,,,未知,0.02,革兰阳性,0.4087
ON754979_47,lysin,Salmonella,bacteria,Berlinvirus,Autotranscriptaviridae,1145,0.00e+00,,,,none,1,no,100.0,Complete,,,,未知,0.059,其他革兰阴性/细菌,0.3888
